freight_value,freight_ratio
20.45,0.114
16.05,1.46
8.88,0.178
14.43,0.123
13.77,0.234
17.81,0.223
17.76,0.104
15.1,0.759
41.11,0.257
19.44,0.087
8.72,0.292
8.88,0.131
29.09,0.297
7.78,0.259
14.22,0.203
15.51,0.172
27.46,0.275
16.81,0.21
14.1,1.008
14.22,0.114
25.68,0.214
19.84,0.124
51.48,1.722
37.6,0.289
15.28,0.611
70.14,0.39
45.72,0.254
14.85,0.138
21.58,0.3
8.72,0.108
17.92,0.599
14.81,0.096
29.73,0.142
13.71,0.138
18.25,0.051
14.56,0.127
62.44,0.568
14.1,0.403
15.11,0.505
14.61,0.119
11.26,0.331
34.19,0.37
19.21,1.537
9.09,0.365
14.1,0.353
22.09,0.283
7.78,0.105
32.55,0.136
13.65,0.152
19.09,0.273
14.52,0.29
90.0,0.474
23.39,0.097
16.5,0.156
17.99,0.666
18.23,0.538
10.96,0.44
14.1,0.283
22.85,0.816
7.68,0.066
64.67,0.335
21.92,0.03
16.39,0.182
8.72,0.311
22.39,0.344
16.35,0.071
33.54,0.186
14.79,0.148
10.74,0.057
19.47,0.042
7.78,0.222
12.46,0.07
17.06,0.137
26.9,0.337
17.6,0.44
18.23,0.701
20.33,0.169
8.27,0.18
7.55,0.77
10.16,0.083
24.81,0.207
15.61,0.127
7.78,0.522
12.79,0.853
17.88,0.2
10.1,0.041
10.96,0.694
17.63,0.441
20.0,0.339
7.78,0.674
18.27,0.051
23.6,0.038
12.94,0.324
16.79,0.767
7.78,0.391
7.47,0.25
16.6,0.935
14.31,0.104
15.93,0.134
15.52,0.259
15.1,0.505
12.48,0.298
8.03,0.073
21.15,0.889
35.67,1.368
13.36,0.134
18.63,0.131
12.74,0.224
12.96,0.173
16.32,0.495
17.8,0.228
15.1,0.351
17.92,0.187
22.85,0.519
19.93,0.767
14.31,0.181
41.24,0.606
23.28,0.103
9.34,0.156
11.85,0.32
8.71,0.104
49.87,0.261
13.7,0.149
39.14,0.087
18.93,0.211
11.45,0.096
12.34,0.103
27.2,0.17
18.44,0.109
15.72,0.06
24.7,0.313
12.25,0.074
15.1,0.505
15.37,0.173
20.74,0.02
15.91,0.199
16.05,0.617
9.79,0.07
13.44,0.224
22.85,0.918
26.89,0.586
89.35,0.226
28.82,0.481
35.55,0.142
47.25,0.411
21.19,0.482
27.71,0.185
7.78,0.389
8.3,0.415
13.21,0.12
17.07,0.19
11.85,0.627
7.87,0.611
13.28,0.111
8.29,0.491
14.1,0.441
18.79,0.192
13.21,0.12
13.46,0.118
27.49,0.162
15.71,0.132
28.28,0.219
15.1,0.303
12.79,0.321
22.6,0.178
9.34,0.268
13.19,0.104
23.22,0.181
22.78,0.08
7.96,0.255
18.39,0.167
19.43,0.114
16.12,0.082
60.29,0.242
19.94,0.046
19.04,1.511
13.47,0.528
56.26,0.216
18.23,1.825
31.1,0.105
14.8,0.45
16.32,0.363
12.65,0.169
18.1,0.238
16.67,0.128
41.3,0.351
18.27,0.183
14.05,0.212
34.15,1.139
15.01,0.125
14.65,0.212
14.15,0.248
8.51,0.051
16.08,0.095
12.64,0.13
7.94,0.094
12.94,0.112
47.51,0.34
9.5,0.087
7.39,0.623
17.67,0.295
18.14,0.379
29.08,0.264
15.14,0.275
17.3,0.079
10.11,0.055
16.39,0.183
88.37,0.353
26.9,0.073
20.21,0.507
17.68,0.147
22.93,0.584
7.78,0.259
19.19,0.124
19.15,0.168
18.09,0.145
13.48,0.193
18.37,0.115
12.79,0.328
10.91,0.084
12.79,0.414
18.05,0.157
26.92,0.15
20.0,0.837
9.27,0.32
22.26,0.282
14.1,0.442
12.3,0.095
10.53,0.066
11.85,0.396
15.46,0.086
45.3,0.378
23.77,0.159
15.1,0.458
14.38,0.097
58.0,0.097
24.86,0.043
7.46,0.267
15.83,0.063
48.45,0.44
45.12,0.303
8.28,0.108
14.97,0.045
53.41,0.267
10.96,0.731
20.18,0.311
14.08,0.288
12.79,0.993
18.26,0.279
17.07,0.087
7.78,0.614
7.88,0.054
9.49,0.063
19.84,0.794
37.54,0.062
19.6,0.794
41.0,1.025
15.57,0.158
34.15,2.457
27.05,0.26
9.94,0.166
15.31,0.191
16.83,0.06
8.88,0.297
16.11,0.413
11.03,0.184
21.09,0.125
22.44,0.053
22.09,0.96
26.89,0.586
83.97,0.56
17.99,0.073
15.14,0.101
22.06,1.232
24.62,0.117
18.23,2.374
23.37,0.207
15.48,0.149
13.46,0.119
17.06,0.61
17.55,0.029
13.85,0.117
29.18,0.328
18.3,0.656
19.14,0.129
13.67,0.124
7.39,0.297
17.52,0.202
16.79,0.336
21.15,0.212
14.02,0.035
14.1,0.403
27.07,0.246
15.1,0.863
14.78,0.099
19.66,0.199
8.85,0.089
14.52,0.583
9.74,0.195
17.55,0.146
15.23,0.693
7.39,0.206
12.69,0.302
16.79,0.602
12.8,0.193
18.23,0.38
19.46,0.499
7.78,0.173
9.34,0.156
38.15,0.225
18.06,0.055
14.06,0.207
7.78,0.2
16.79,0.562
16.21,0.249
16.05,0.845
17.16,0.132
23.59,0.088
7.39,0.465
7.97,0.238
17.62,0.338
25.12,0.279
35.0,0.443
9.44,0.105
10.98,0.034
16.56,0.064
14.1,1.18
7.53,0.193
26.89,1.389
13.71,0.43
11.9,0.119
7.78,0.782
15.88,0.114
11.36,0.232
7.78,0.327
16.05,1.155
23.28,0.337
17.6,0.353
8.72,0.881
9.41,0.473
16.5,0.066
17.74,0.254
10.21,0.146
19.54,0.391
24.43,0.091
19.59,0.531
14.08,0.403
69.96,0.318
9.34,0.587
44.16,0.849
8.14,0.143
107.3,0.772
11.73,0.199
15.1,0.522
15.1,1.079
19.72,0.263
7.88,0.079
16.67,0.245
9.26,0.093
15.1,0.539
7.39,0.37
7.39,0.185
7.87,0.114
16.11,0.359
11.15,0.193
15.61,0.127
7.58,0.165
37.53,0.188
18.7,0.117
17.37,0.193
9.96,0.05
36.38,0.34
37.36,0.393
15.98,0.091
50.85,1.646
7.39,0.176
15.73,0.112
7.74,0.112
27.5,0.348
35.53,0.182
8.27,0.233
20.7,0.415
22.93,0.588
13.47,0.711
14.1,0.882
18.32,0.291
50.99,0.51
11.85,0.484
24.84,1.777
13.48,0.105
15.04,0.08
20.69,0.345
37.03,0.135
14.13,0.098
21.7,0.145
15.23,1.089
15.1,0.844
15.1,0.759
1.2,0.024
7.5,0.215
15.79,0.316
8.27,0.243
44.05,0.232
7.87,0.282
12.93,0.152
14.82,0.097
28.96,0.362
18.95,0.032
5.24,0.052
22.13,0.092
15.1,0.95
18.97,0.365
29.41,0.33
9.19,0.077
19.49,0.115
16.12,0.231
14.61,0.119
7.78,0.533
23.52,0.277
24.26,0.122
25.54,0.15
9.09,0.202
16.35,0.192
9.26,0.332
55.76,0.186
13.21,0.107
15.1,0.397
19.75,0.247
17.64,0.36
12.79,0.409
14.1,0.403
26.11,0.374
14.11,0.343
15.27,0.278
36.02,0.361
17.64,0.36
15.91,0.159
15.36,0.226
9.17,0.153
12.18,0.087
22.55,0.253
9.02,0.073
26.32,0.177
14.58,0.768
12.83,0.128
19.95,0.473
47.09,0.506
26.46,0.22
16.57,0.064
19.56,0.369
11.85,0.276
14.9,0.143
18.79,0.085
18.25,0.83
24.84,0.71
18.23,0.149
12.69,0.254
14.44,0.291
16.25,0.232
19.0,0.147
20.18,0.168
48.39,0.162
19.25,0.241
14.52,2.104
15.49,0.092
62.99,0.6
13.72,0.137
19.77,0.028
14.29,0.281
14.16,0.24
25.85,0.178
15.31,0.512
60.42,0.356
22.12,0.375
41.43,0.074
20.57,0.345
23.42,0.234
15.95,0.094
8.29,0.169
15.79,2.256
20.54,0.137
31.63,0.042
13.65,0.152
15.38,0.385
61.33,0.41
21.15,0.849
12.43,0.178
16.49,0.11
24.84,1.308
7.78,0.311
17.93,0.022
23.6,0.066
14.52,0.214
38.84,0.262
14.74,0.106
15.1,0.504
15.6,0.128
38.82,0.518
27.32,0.516
15.74,0.128
18.12,0.145
19.41,0.084
44.68,0.135
9.94,0.452
11.81,0.169
13.66,0.149
13.69,0.274
65.89,0.511
7.39,0.255
22.19,0.355
12.54,0.084
16.79,0.56
18.23,0.796
18.87,0.222
9.82,0.1
13.81,0.14
43.19,0.389
18.41,0.41
17.64,0.137
15.37,0.173
12.7,0.245
19.9,0.197
24.26,0.128
15.1,0.508
15.1,0.702
13.45,0.22
19.53,0.244
0.01,0.0
18.85,0.171
41.01,1.768
19.46,0.278
22.99,0.397
24.16,0.121
13.68,0.144
47.07,0.206
8.72,0.336
25.63,0.712
21.15,1.071
12.65,0.127
18.23,0.829
15.98,0.062
14.1,0.644
10.51,0.027
24.25,0.102
15.48,0.173
15.1,0.433
7.78,0.216
25.46,0.286
18.35,0.524
13.03,0.132
3.5,0.088
15.79,0.544
13.1,0.057
20.16,0.21
18.28,0.083
17.63,0.588
18.66,0.233
9.37,0.117
13.08,0.177
26.89,0.769
26.78,0.125
35.67,0.794
16.79,0.391
18.2,0.135
18.23,0.456
11.03,0.184
20.08,0.411
11.85,0.967
13.72,0.137
15.79,0.721
7.42,0.324
14.21,0.158
19.44,0.555
12.9,0.117
8.78,0.106
7.86,0.091
15.63,0.124
15.1,0.775
7.78,0.156
15.29,0.26
16.28,0.074
21.15,0.432
12.51,0.089
28.11,0.268
9.27,0.334
13.46,0.084
25.88,0.174
18.69,0.163
27.34,0.183
15.26,0.209
8.04,0.187
10.47,0.032
33.8,1.06
7.78,0.113
19.88,0.201
23.5,0.139
8.3,0.104
14.97,0.077
11.26,0.032
8.72,0.25
21.36,0.142
15.1,0.799
7.94,0.285
8.29,0.461
7.39,0.176
15.45,0.155
33.39,0.248
19.82,0.22
21.4,0.165
18.79,0.192
32.81,0.342
15.1,0.759
15.52,0.144
7.47,0.249
13.63,0.155
13.28,0.133
11.99,0.172
7.39,0.099
17.97,0.118
64.89,0.032
31.27,0.126
19.81,0.165
13.36,0.067
27.5,0.037
23.07,0.462
16.78,0.058
15.65,0.142
17.21,0.717
52.81,0.812
16.73,0.121
13.96,0.103
18.8,0.188
11.74,0.25
7.87,0.528
16.05,0.642
18.17,0.227
9.51,0.04
17.16,0.021
15.1,0.302
18.43,0.236
50.22,1.005
23.35,0.191
13.34,0.534
15.1,0.532
15.23,0.729
21.31,0.164
19.13,0.107
12.74,0.224
19.9,0.034
12.4,0.124
25.73,0.396
16.11,0.418
18.23,1.073
13.44,0.224
17.67,0.361
9.34,0.268
17.14,0.172
15.3,0.255
8.89,0.447
37.03,0.103
16.94,0.171
11.85,0.247
11.85,1.331
14.73,0.023
22.74,0.182
12.43,0.355
16.92,0.246
27.59,0.184
20.43,0.12
13.58,0.221
22.31,0.046
17.94,0.183
9.26,0.071
26.7,0.03
18.31,0.299
16.12,0.311
8.7,0.437
14.1,0.442
17.87,0.201
72.91,0.485
15.54,0.164
65.34,0.113
16.19,0.262
25.35,0.063
25.98,0.26
15.73,0.131
16.11,0.629
17.74,0.254
7.78,0.149
12.43,0.178
7.39,0.111
15.1,0.671
15.2,0.234
23.28,0.583
19.5,0.15
9.34,0.17
19.39,0.281
8.72,0.153
7.78,0.141
20.08,0.167
16.6,0.415
19.44,0.555
10.3,0.117
9.44,0.105
50.43,0.388
11.15,0.279
27.24,0.275
12.83,0.229
8.88,0.178
7.23,0.063
84.52,0.092
15.1,0.606
7.78,0.259
19.97,0.067
18.54,0.265
11.67,0.078
15.24,0.766
18.44,0.108
24.01,0.114
17.51,0.115
18.6,0.146
10.02,0.047
19.31,0.03
17.66,0.299
26.75,0.383
8.88,0.254
17.6,0.353
20.83,0.379
25.38,0.518
9.59,0.139
13.16,0.165
37.27,0.065
16.28,0.096
47.68,0.341
15.12,0.077
8.04,0.187
18.28,0.183
13.85,0.198
14.1,1.283
17.6,0.44
7.39,0.264
14.52,0.73
15.8,0.16
27.52,0.16
7.78,0.132
20.94,0.323
9.34,0.156
21.29,0.027
7.78,0.412
20.74,0.189
18.65,0.075
7.39,1.253
23.54,0.277
16.64,0.066
15.1,0.303
13.7,0.202
16.4,0.552
7.78,0.268
11.85,0.258
13.57,0.172
18.94,0.032
14.43,0.144
17.75,0.25
16.25,0.024
15.47,0.044
3.28,0.174
22.59,0.105
22.03,0.393
29.95,0.499
18.23,0.653
19.66,0.328
13.11,0.094
11.51,0.089
1.55,0.04
17.88,0.199
20.89,0.086
20.56,0.109
66.18,0.479
7.54,0.189
10.96,0.224
11.85,0.263
13.92,0.108
16.28,0.149
43.57,0.118
16.83,0.735
18.2,0.202
18.24,0.917
37.93,0.095
15.14,0.276
7.78,0.141
11.89,0.212
11.85,0.82
17.67,0.295
15.19,0.241
15.34,0.129
18.55,0.291
15.89,0.097
21.15,0.966
14.1,1.283
17.67,0.295
26.03,0.019
13.21,0.169
12.93,0.562
17.16,0.086
17.06,0.903
7.88,0.089
32.15,0.201
17.45,0.033
13.77,0.042
15.1,0.573
67.48,0.087
3.38,0.048
14.1,0.806
19.68,0.281
21.88,0.548
20.45,0.031
13.59,0.167
14.1,0.505
14.1,2.354
27.37,0.23
13.01,0.261
11.15,0.203
7.39,0.211
34.85,0.205
35.95,0.399
20.99,1.235
61.91,0.371
19.74,0.166
17.95,0.18
30.01,0.172
15.7,0.056
47.2,0.043
18.85,0.171
22.85,0.879
13.43,0.228
16.82,0.205
9.03,0.226
11.85,0.269
22.99,0.033
16.4,0.12
15.1,0.844
14.76,0.071
9.25,0.119
34.48,0.021
15.1,0.317
23.32,0.315
19.82,0.22
15.09,0.151
18.01,0.165
2.79,0.109
18.44,0.362
17.2,0.246
22.45,0.095
19.95,0.307
18.48,0.143
18.57,0.098
17.67,0.295
27.4,0.423
22.9,0.166
19.27,0.113
15.1,1.171
25.63,1.833
14.67,0.057
14.1,1.008
35.81,0.512
15.79,0.107
13.0,0.265
7.78,0.391
12.75,0.22
27.72,0.164
17.92,0.598
35.68,0.701
22.93,1.119
16.23,0.056
15.1,0.648
36.91,0.264
15.1,0.352
16.35,0.182
22.8,0.184
50.97,0.395
9.65,0.036
16.11,0.339
8.88,0.269
9.13,0.169
12.3,0.176
14.52,1.631
7.78,0.13
13.64,0.097
14.52,0.73
13.12,0.199
15.23,1.692
31.99,0.2
17.06,0.588
27.51,0.423
8.35,0.077
10.82,0.174
11.74,0.474
7.58,0.168
82.86,0.327
29.51,0.187
18.23,0.494
32.92,0.122
37.97,0.775
18.16,0.14
14.32,0.175
18.54,0.742
16.26,0.229
19.32,0.773
15.1,0.317
7.78,0.12
14.1,0.271
31.68,0.161
16.7,0.159
27.08,0.352
27.21,0.209
17.16,0.086
19.13,0.107
42.93,0.335
16.01,0.089
16.05,0.119
18.2,0.202
15.17,0.253
18.03,0.079
19.65,0.333
0.0,0.0
10.47,0.032
18.23,0.633
44.55,0.178
17.23,0.123
8.29,1.036
29.03,0.323
38.74,0.043
12.83,0.184
33.53,0.135
15.1,1.589
16.0,0.09
7.94,0.162
16.11,0.351
12.79,0.484
15.38,0.171
14.56,0.406
14.42,0.122
21.11,0.069
27.13,0.319
20.67,0.232
12.37,0.075
15.1,0.504
19.99,0.185
15.71,0.087
16.43,0.069
18.65,0.239
15.1,0.759
13.85,0.199
15.1,0.378
18.45,0.148
38.51,0.03
18.82,0.095
23.31,0.518
22.85,0.065
7.78,0.268
21.8,0.041
8.72,0.203
12.97,0.295
42.34,0.126
17.92,0.607
12.65,0.169
13.71,0.548
11.83,0.132
14.13,0.236
24.88,0.445
21.94,0.14
51.06,1.042
15.24,0.299
64.0,0.133
9.34,0.156
10.38,0.104
16.66,0.096
21.15,0.223
14.37,0.131
15.2,0.234
13.28,0.149
26.27,0.128
12.79,0.643
11.85,0.1
34.7,0.269
19.84,0.071
7.46,0.267
14.87,0.094
15.04,0.111
15.56,0.223
21.26,0.185
14.52,0.338
7.98,0.058
15.43,0.326
15.11,0.076
30.8,0.116
11.85,0.296
7.81,0.098
62.81,0.786
22.23,0.297
9.03,0.226
11.76,0.147
1.45,0.021
27.53,0.411
59.49,0.397
21.36,0.027
68.09,0.504
12.14,0.081
15.23,0.381
17.61,0.339
14.18,0.057
8.56,0.044
12.86,0.461
13.21,1.101
16.44,0.458
7.81,0.098
14.1,0.353
25.8,0.235
7.57,0.172
15.92,0.132
15.53,0.091
9.34,0.283
10.47,0.032
7.53,0.137
84.68,0.652
17.6,0.353
71.53,0.078
19.53,0.408
19.04,0.898
25.63,0.571
55.96,0.075
15.23,0.439
18.65,0.169
16.14,0.108
0.09,0.003
16.32,0.628
20.29,0.047
8.88,0.467
42.83,0.145
7.78,0.195
22.32,0.406
24.12,0.403
17.78,0.446
10.94,0.137
19.22,0.214
10.96,0.85
18.33,0.282
17.6,0.362
23.91,0.126
73.59,0.263
21.17,0.118
11.73,0.168
15.1,0.522
19.8,0.22
27.98,0.174
16.19,0.265
9.45,0.053
16.11,0.384
7.9,0.086
14.1,0.706
17.41,0.125
15.11,0.398
23.79,0.133
16.11,0.339
15.37,0.394
14.1,0.362
16.11,0.42
17.37,0.109
17.63,0.504
59.06,1.48
24.84,0.715
8.96,0.082
35.9,0.12
14.21,0.115
20.76,0.081
14.76,0.134
19.32,0.407
11.85,0.79
13.52,0.386
16.11,0.343
13.54,1.246
15.01,0.15
22.53,0.064
8.29,0.197
7.77,0.155
3.68,0.046
17.75,0.095
34.28,0.301
7.39,0.185
8.72,0.379
11.73,0.199
14.45,0.14
14.16,0.24
82.92,0.361
21.15,0.705
14.52,1.332
16.79,0.844
23.57,0.236
9.2,0.144
12.8,0.643
15.1,0.44
17.63,0.321
29.26,0.225
13.44,0.224
115.21,0.072
16.33,0.176
12.83,0.183
66.92,0.096
8.29,0.119
11.73,0.199
19.06,0.113
11.85,0.474
15.1,0.659
16.37,0.298
11.85,0.305
63.61,0.167
14.1,1.151
13.11,0.138
20.8,0.594
16.19,0.231
13.09,0.211
16.67,0.128
13.79,0.125
18.45,0.225
11.81,0.197
25.59,0.066
18.21,0.309
11.74,0.339
15.1,0.604
32.6,0.117
12.69,0.276
19.59,0.401
26.48,0.027
15.31,0.192
21.86,0.126
8.47,0.037
19.46,0.278
16.05,0.647
14.98,0.155
20.27,0.082
8.35,0.08
17.66,0.299
18.51,0.207
17.52,0.202
9.36,0.177
11.98,0.176
17.19,0.493
16.35,0.192
7.42,0.33
12.81,0.582
18.06,0.156
23.62,0.182
15.1,0.759
14.52,0.351
12.79,0.256
8.82,0.098
13.01,0.261
13.49,0.104
14.25,0.201
18.33,0.244
13.44,0.224
18.62,0.176
14.12,1.177
19.29,0.114
14.69,0.044
13.86,0.347
21.73,0.234
15.39,0.168
19.75,0.271
18.3,0.304
15.1,0.504
12.55,0.21
17.53,0.149
17.6,0.441
15.23,0.381
22.62,0.174
23.36,0.292
17.6,0.353
21.15,0.225
11.26,0.331
17.86,0.203
15.5,0.082
7.42,0.33
18.59,0.533
8.94,0.32
16.45,0.168
15.1,0.521
17.75,0.148
15.1,1.68
15.75,0.111
7.78,0.389
29.68,0.159
15.14,0.275
36.02,0.361
10.96,0.612
24.19,0.103
18.18,0.121
7.39,0.164
28.04,0.1
13.08,0.328
16.11,1.613
22.24,0.297
21.97,0.147
10.96,0.354
16.7,0.124
33.82,0.019
12.07,0.161
46.12,0.195
9.44,0.185
14.1,0.372
22.48,0.563
15.79,0.544
14.1,0.404
15.11,0.329
22.06,1.616
7.71,0.282
9.34,1.583
16.01,0.089
9.34,0.315
16.32,0.282
16.79,0.624
17.52,0.096
13.44,0.224
20.74,0.209
69.39,0.193
22.63,0.089
24.92,0.196
15.1,0.387
37.09,0.256
16.39,0.182
50.84,0.154
43.38,1.239
8.27,0.332
16.05,0.488
9.35,0.123
45.09,0.501
16.15,0.248
16.68,0.239
109.96,0.058
12.79,0.278
15.23,1.538
14.79,0.214
18.23,0.405
14.1,1.567
45.09,0.501
26.67,0.581
38.47,0.427
44.55,0.07
16.54,0.138
22.06,0.441
0.0,0.0
16.79,0.526
18.96,0.542
22.0,0.222
17.75,0.25
10.96,0.459
16.36,0.071
14.13,0.236
29.59,0.174
17.74,0.254
7.39,0.242
16.74,0.12
15.1,0.687
21.36,0.165
7.61,0.154
10.96,0.219
19.32,0.387
17.84,0.21
18.51,0.206
14.48,0.069
16.23,0.216
23.42,0.195
19.63,0.401
33.29,0.258
14.33,0.102
36.18,0.804
15.4,0.358
16.11,0.323
14.91,0.055
7.89,6.575
16.13,0.307
15.11,0.329
7.78,0.311
22.09,0.152
16.74,0.239
23.2,0.078
17.04,0.042
12.46,0.069
15.37,0.22
10.06,0.077
18.52,0.309
7.39,0.494
17.67,0.295
16.49,0.157
13.49,0.229
26.25,0.292
45.47,0.314
48.74,0.168
9.55,0.281
28.05,0.11
35.67,0.941
18.16,0.14
16.92,0.514
15.23,0.436
10.54,0.22
16.06,0.309
18.16,0.162
16.39,0.089
17.14,0.172
19.94,0.199
16.96,0.089
23.33,0.905
17.27,0.173
24.72,0.291
14.1,0.329
21.81,0.316
18.4,0.155
13.5,0.196
28.18,0.035
16.79,0.569
133.3,0.533
8.88,0.197
138.23,0.465
15.35,0.181
18.2,0.052
37.61,0.279
12.59,0.081
9.0,0.257
7.78,0.173
22.99,0.329
17.92,0.359
19.97,0.339
19.55,0.059
8.51,0.047
22.37,0.356
16.26,0.054
19.04,0.509
15.88,0.254
15.23,0.279
10.96,0.275
15.1,0.504
57.57,0.446
19.23,0.033
23.08,0.042
17.92,0.896
18.23,0.868
20.57,0.457
16.76,0.048
8.82,0.126
39.14,0.049
15.49,0.149
25.97,0.262
12.69,0.398
9.1,0.118
41.19,0.319
7.39,0.411
14.92,0.089
13.13,0.134
22.85,1.534
17.56,0.11
97.16,0.529
20.08,0.236
14.44,0.162
16.18,0.27
15.38,0.173
54.35,0.217
33.99,0.2
12.74,0.224
17.63,0.252
15.62,0.125
18.71,0.09
7.78,0.311
15.86,0.1
17.19,0.573
16.11,0.358
17.54,0.111
15.1,0.387
14.51,0.242
19.32,0.394
15.45,0.309
15.59,0.223
7.78,0.113
7.41,0.343
7.44,0.298
18.01,0.172
17.66,0.299
9.06,0.092
13.34,0.048
8.64,0.288
34.94,0.592
1.7,0.014
40.57,0.02
127.51,0.284
27.72,0.441
29.74,0.069
9.72,0.069
18.91,0.21
18.23,0.959
15.27,0.204
15.1,0.606
17.6,0.404
15.49,0.062
34.22,0.57
15.24,0.218
7.78,0.159
17.87,0.201
116.83,0.053
12.69,0.075
16.66,0.168
37.9,0.76
16.74,0.212
27.49,0.154
25.63,0.514
20.72,0.092
20.97,0.283
14.1,0.472
25.63,1.17
19.78,0.26
45.09,0.501
22.27,0.109
10.96,0.44
9.02,0.238
21.37,0.285
11.24,0.125
16.79,0.888
21.84,0.115
7.39,0.246
8.88,0.33
10.12,0.101
0.0,0.0
38.75,0.066
27.61,0.461
21.32,0.179
11.85,0.313
18.45,0.369
12.96,0.37
18.34,0.141
11.69,0.077
13.11,0.165
19.1,0.131
15.1,2.517
14.1,1.033
7.39,0.155
20.13,0.029
207.78,1.167
61.35,0.441
7.78,0.156
8.65,0.043
13.25,0.133
15.1,0.606
9.34,0.203
8.29,0.318
17.97,0.382
11.89,0.149
42.62,0.391
17.94,0.181
17.6,0.469
34.36,0.03
20.06,0.287
30.85,0.062
12.48,0.735
16.05,1.155
15.1,0.689
9.09,0.126
37.49,0.187
16.98,0.221
7.78,0.181
16.11,0.359
104.8,0.585
15.1,0.336
13.31,0.079
10.5,0.068
19.95,0.254
18.06,0.258
17.73,0.273
7.78,0.268
11.06,0.17
12.11,0.093
21.23,0.055
29.7,0.27
14.39,0.152
22.83,0.231
15.1,0.336
14.52,0.291
22.96,0.426
19.3,0.179
11.6,0.039
11.24,0.125
39.1,0.261
12.79,0.069
18.4,0.112
2.83,0.071
19.66,0.328
27.35,0.308
11.95,0.299
26.92,0.49
19.46,0.978
12.87,0.43
8.27,0.296
15.86,0.407
20.74,0.116
23.61,0.126
18.23,0.508
26.53,0.183
17.63,0.353
20.93,0.891
13.85,0.198
7.78,0.26
10.96,0.783
10.96,0.391
5.4,0.079
16.09,0.084
18.34,0.278
17.67,0.295
0.0,0.0
13.09,0.172
23.0,0.23
14.87,0.149
19.44,0.045
17.57,0.156
16.11,0.421
20.29,0.059
16.1,0.083
28.13,0.141
17.67,0.361
40.06,0.139
13.17,0.157
14.1,0.393
15.1,1.171
7.12,0.1
14.05,0.106
15.49,0.148
14.52,0.296
16.95,0.1
16.25,0.232
14.34,0.169
16.12,0.231
21.58,0.24
17.63,1.326
38.04,0.295
18.3,0.656
20.01,0.182
7.79,0.261
27.88,0.175
20.21,0.146
18.23,1.336
17.92,0.524
13.5,0.628
11.48,0.174
14.67,0.03
10.62,0.18
41.33,0.828
13.43,0.228
16.11,0.895
8.11,0.27
29.9,0.378
52.12,0.261
67.26,0.192
3.19,0.059
23.2,0.331
12.85,0.13
9.85,0.328
12.83,0.068
27.75,0.414
42.41,0.53
16.88,0.106
13.07,0.222
15.1,0.521
40.46,0.185
17.6,0.36
51.12,0.138
8.3,0.417
12.79,0.92
17.65,0.136
14.1,0.595
16.32,0.466
21.1,0.141
15.1,0.308
16.25,0.184
18.23,0.45
9.44,0.316
12.86,0.174
14.07,0.138
11.85,0.595
18.41,0.419
7.78,0.173
17.09,0.342
17.02,0.114
19.56,0.366
11.15,0.164
14.52,2.904
19.18,0.492
16.11,0.778
15.84,0.176
37.65,0.109
21.19,0.212
15.1,1.525
24.07,0.113
15.15,0.266
8.27,0.202
13.44,0.224
7.78,0.223
7.78,0.556
18.29,0.124
7.39,0.623
12.27,0.112
11.85,0.791
10.96,0.548
17.15,0.086
13.67,0.086
14.44,0.481
45.28,0.065
11.85,0.595
8.9,0.298
7.78,0.205
21.64,0.132
38.45,0.298
16.79,2.803
45.19,0.435
24.83,0.355
16.34,0.127
18.66,0.233
8.47,0.163
16.41,0.513
12.64,0.13
12.79,0.256
7.78,0.144
18.23,0.916
19.71,0.294
12.48,0.358
15.17,0.253
12.79,0.715
13.5,0.199
16.79,0.844
13.37,0.267
18.95,0.032
13.2,0.107
86.34,0.54
9.12,0.084
16.76,0.045
14.55,0.26
7.42,0.093
15.1,0.53
16.79,0.908
12.79,0.328
23.38,0.203
25.54,0.256
9.55,0.281
22.87,0.286
20.88,0.374
13.61,0.16
7.42,0.093
23.28,1.312
12.79,0.256
15.69,0.136
9.27,0.245
16.4,0.149
7.78,0.311
7.87,1.977
17.6,0.353
10.96,0.736
16.39,0.098
12.69,0.432
20.02,0.267
10.96,0.654
21.51,0.066
10.91,0.036
15.11,0.29
18.3,0.633
16.84,0.068
17.23,0.181
17.5,0.098
11.74,0.25
18.26,0.333
23.62,0.183
14.57,0.256
14.6,0.122
6.72,0.112
39.36,0.124
26.12,0.032
15.66,0.121
8.72,0.672
25.33,0.052
7.78,0.389
11.85,0.868
8.98,0.1
7.78,0.243
16.82,0.093
20.29,0.135
18.23,0.916
15.01,0.083
7.55,0.244
23.38,0.195
8.29,0.308
16.46,0.165
15.1,0.541
24.1,0.045
14.2,0.237
51.12,0.343
15.57,0.135
13.61,0.349
25.81,0.187
0.0,0.0
13.7,0.092
31.51,0.115
79.48,0.318
31.8,0.212
13.84,0.082
7.87,0.715
14.52,2.42
26.3,0.376
34.27,0.303
42.38,2.13
35.61,0.524
15.97,0.092
22.08,0.037
17.81,0.237
7.78,0.216
11.45,0.095
18.37,0.472
12.16,0.128
15.1,0.302
14.03,0.219
15.56,0.134
25.04,0.193
13.24,0.083
24.56,0.396
16.95,0.048
2.97,0.061
18.04,0.159
26.88,0.336
15.24,0.218
58.9,0.436
16.22,0.192
9.61,0.108
17.85,0.208
17.15,0.168
35.53,0.245
16.12,0.317
40.19,0.335
44.84,0.301
15.36,0.09
22.14,0.074
25.72,0.409
18.99,0.071
21.15,1.063
18.15,0.141
17.84,0.21
10.96,0.275
8.4,0.28
14.05,0.058
16.32,0.359
16.11,0.329
15.1,1.164
8.72,0.188
18.28,0.458
54.52,0.191
23.0,0.384
9.34,0.133
14.56,0.122
16.5,0.066
1.52,0.006
10.96,0.715
16.85,0.109
19.7,0.27
10.96,0.44
25.7,0.428
15.05,0.11
7.94,0.81
12.23,0.053
7.39,0.371
11.1,0.159
30.86,0.391
19.68,0.098
17.63,0.353
12.79,0.256
25.95,0.165
12.96,0.204
22.85,0.571
16.11,0.46
19.83,0.233
23.26,0.24
11.93,0.092
11.73,0.216
15.48,0.148
7.78,0.556
15.67,0.121
7.78,0.13
26.27,0.204
21.02,0.14
9.69,0.072
25.31,0.232
8.87,0.306
12.76,0.071
17.92,0.465
16.11,0.343
20.93,0.035
16.95,0.057
17.42,0.124
15.74,0.112
15.1,1.291
28.8,0.032
11.85,0.296
22.35,0.372
12.48,0.627
9.46,0.06
10.96,0.244
14.72,0.186
19.78,0.082
16.2,0.255
19.7,0.27
15.1,0.343
16.4,0.149
9.34,0.553
15.2,0.234
18.93,0.08
11.85,0.474
44.64,0.372
12.6,0.127
7.71,0.514
15.56,0.06
25.54,0.256
9.55,0.274
18.04,0.301
52.83,0.528
7.78,0.311
40.02,0.114
12.09,0.121
14.1,2.35
23.84,0.132
8.95,0.224
13.74,0.155
11.76,0.147
15.23,0.221
18.29,0.123
7.03,0.064
13.76,0.031
11.15,0.319
24.84,0.142
47.09,0.065
18.8,0.235
11.73,0.189
12.67,0.169
17.63,0.353
16.51,0.142
18.23,0.796
8.18,0.097
31.99,0.018
15.13,0.275
40.65,0.141
22.12,0.375
9.44,0.343
15.3,0.194
15.7,0.115
44.45,0.593
15.23,0.762
12.53,0.084
9.6,0.274
18.69,0.163
25.63,1.72
34.0,0.382
29.84,0.23
32.61,0.038
27.84,0.348
21.08,0.528
31.2,0.156
16.46,0.139
9.44,0.105
11.85,0.297
18.52,0.309
16.18,0.27
36.82,0.175
12.73,0.108
3.6,0.151
24.03,0.076
27.56,0.333
20.89,0.086
21.1,0.141
16.58,0.191
9.52,0.06
38.7,0.235
12.43,0.178
15.1,0.308
7.81,0.1
27.4,0.145
28.64,0.462
11.85,0.41
146.3,0.488
18.32,0.572
17.06,0.685
19.28,0.115
20.0,0.408
19.48,0.464
13.04,0.13
13.44,0.336
45.12,0.303
7.39,0.185
19.56,0.373
14.85,0.135
7.39,0.296
43.6,0.256
15.69,0.205
19.73,0.282
7.74,0.347
14.1,0.283
23.15,0.464
37.19,0.101
13.32,0.051
17.56,0.09
7.44,0.298
18.25,0.83
15.7,0.225
22.03,0.1
71.53,0.189
47.39,0.158
18.58,0.098
37.11,0.1
17.67,0.294
15.1,0.309
26.88,0.149
25.91,0.288
28.75,0.576
13.54,0.08
9.06,0.074
19.53,0.244
58.75,0.246
19.44,0.029
18.97,0.077
25.33,0.362
12.79,0.266
14.52,0.323
18.29,0.022
15.05,0.11
43.54,0.27
7.46,0.257
18.23,0.829
17.1,0.715
9.45,0.053
9.49,0.09
7.78,0.156
39.31,0.219
14.1,0.393
10.96,0.577
19.43,0.557
8.72,0.175
14.52,0.291
98.7,0.342
20.9,0.171
19.75,0.247
24.84,0.623
16.11,0.821
15.23,0.402
15.1,0.397
24.79,0.019
15.1,1.079
11.85,0.263
44.27,0.447
20.63,0.104
28.1,0.026
13.08,0.187
12.19,0.122
28.35,0.205
1.37,0.046
0.0,0.0
28.82,0.481
26.86,0.199
9.51,0.096
17.45,0.097
15.28,0.064
17.16,0.286
15.31,0.192
18.0,0.095
11.73,0.25
18.28,0.698
12.4,0.124
17.67,0.295
15.63,0.261
16.46,0.165
14.1,0.313
17.92,0.187
27.17,0.302
16.14,0.299
12.9,0.161
21.44,0.071
16.53,0.15
7.87,0.927
10.96,1.231
14.43,0.144
19.45,0.089
12.51,0.067
66.35,0.302
16.95,0.424
22.4,0.642
14.18,0.118
17.67,0.295
15.23,0.224
15.1,0.432
18.09,0.242
15.1,0.398
9.34,0.26
18.26,0.338
24.84,0.715
27.15,0.454
7.78,0.391
18.06,0.157
16.34,0.196
15.1,1.51
17.45,0.233
15.17,0.258
19.43,0.162
7.39,0.287
9.44,0.105
46.36,0.057
20.96,0.1
15.77,0.108
13.99,0.141
12.97,0.173
40.46,0.578
7.39,0.151
19.18,0.077
18.24,0.351
8.88,0.163
22.06,0.738
24.81,0.121
18.71,0.144
12.04,0.1
7.42,0.093
14.23,0.082
17.62,0.327
7.49,0.083
16.18,0.27
37.15,1.064
22.45,0.08
7.39,0.151
19.59,0.393
24.42,0.091
14.1,0.283
65.1,0.283
51.33,0.344
13.08,0.443
11.9,0.119
9.31,0.059
9.77,0.09
15.23,0.847
22.19,0.278
56.19,0.097
13.92,0.174
11.85,0.423
15.33,0.189
14.5,0.039
28.72,0.016
19.93,0.201
25.13,0.013
9.44,0.21
22.98,0.153
14.3,0.11
21.6,0.374
12.79,0.328
114.42,0.163
4.74,0.158
17.6,0.44
8.64,0.288
30.85,0.088
34.57,0.315
20.82,0.11
53.74,1.077
24.04,0.027
15.38,0.171
24.86,0.239
15.79,0.607
17.86,0.206
23.48,0.182
15.28,0.201
2.34,0.038
37.87,0.224
7.46,0.257
16.75,0.105
12.48,0.089
14.11,0.947
18.66,0.233
27.54,0.5
3.48,0.319
38.04,0.544
16.12,0.082
33.57,0.21
15.69,0.136
15.1,0.303
8.72,0.349
11.73,0.809
13.71,0.293
14.46,0.181
20.4,1.074
11.85,0.396
17.04,0.015
27.18,0.217
7.39,0.2
10.22,0.035
39.04,2.603
16.54,0.041
15.61,0.127
9.34,0.243
17.3,0.115
26.78,0.268
15.1,1.258
14.23,0.155
14.11,0.059
81.83,0.205
20.8,0.95
36.75,0.817
16.81,0.209
7.47,0.25
22.9,0.389
18.49,0.142
23.2,0.407
16.6,0.437
7.78,0.195
15.1,0.302
26.54,0.147
19.5,0.098
37.03,0.074
14.13,0.236
18.81,0.032
17.69,0.099
20.56,0.109
14.08,0.471
19.41,0.628
14.1,0.288
34.94,0.947
12.53,0.218
27.38,0.228
38.82,0.277
23.2,0.078
18.63,0.311
8.27,0.428
16.16,0.284
18.97,0.095
15.1,0.893
7.94,0.094
21.96,0.137
43.58,0.068
18.73,0.155
16.05,0.698
15.1,0.456
13.02,0.081
16.11,1.007
11.91,0.202
7.78,0.311
21.18,0.424
17.39,0.075
7.39,0.616
16.58,0.064
14.52,0.393
15.01,0.083
2.36,0.017
19.93,0.189
8.35,0.054
27.57,0.23
15.1,0.687
26.13,0.141
48.07,0.537
8.72,0.301
16.22,0.246
9.09,0.26
151.34,0.032
20.74,0.209
16.46,0.165
17.6,0.631
16.86,0.281
15.35,0.181
12.87,0.429
11.85,0.242
16.56,0.064
19.37,0.34
16.6,0.425
16.32,0.181
16.51,0.144
7.46,0.267
16.11,0.323
15.1,0.95
61.58,0.514
84.39,0.703
17.3,0.217
16.02,0.063
19.04,0.443
15.13,0.379
7.78,0.412
17.6,0.535
19.26,0.326
13.72,0.137
31.67,0.792
18.71,0.058
13.97,0.064
15.23,0.508
16.11,0.351
15.61,0.127
49.5,0.356
18.23,0.608
25.28,0.195
14.11,0.186
13.65,0.152
7.58,0.168
20.84,0.348
20.81,0.198
31.88,0.399
13.25,0.156
8.82,0.768
7.39,0.189
19.54,0.109
15.1,0.839
17.66,0.322
18.8,0.188
22.97,0.097
15.1,0.433
22.67,0.568
12.48,0.391
18.74,0.051
58.06,0.048
11.85,0.458
19.23,0.418
18.23,0.372
19.19,0.124
7.46,0.257
7.78,0.223
14.9,0.176
20.74,1.097
59.64,0.038
15.56,0.389
11.85,0.79
17.06,0.092
19.32,0.395
8.88,0.496
7.39,0.2
12.79,0.582
11.76,0.149
13.25,0.133
14.1,0.566
13.37,0.268
19.94,0.199
15.1,0.505
21.66,0.034
7.87,0.492
10.07,0.031
18.23,0.365
36.29,0.046
7.66,0.383
27.21,0.21
16.5,0.066
14.1,0.362
23.11,0.42
14.66,0.113
88.55,0.594
17.12,0.088
22.94,0.441
12.12,0.136
11.85,0.847
15.59,0.13
15.04,0.073
14.1,0.595
15.15,0.266
18.33,0.244
25.38,1.692
17.98,0.171
20.75,0.519
21.5,0.652
15.1,0.302
18.38,0.459
15.17,0.253
11.76,0.071
19.95,0.444
14.05,0.21
14.05,0.142
17.6,0.139
14.1,0.946
35.73,0.093
18.99,0.047
16.97,0.299
7.79,0.261
15.1,0.893
43.13,0.335
12.79,0.512
12.6,0.471
29.99,0.079
15.1,0.39
12.06,0.081
7.78,0.159
16.95,0.17
12.79,0.888
17.78,0.234
13.33,0.143
15.38,0.171
15.79,0.316
21.06,0.224
37.04,5.291
12.35,0.309
15.11,0.053
22.64,0.156
11.73,0.161
14.56,0.52
15.94,0.106
41.08,0.419
9.59,0.08
14.08,0.353
7.71,0.258
13.65,0.152
15.79,1.06
15.38,0.171
12.48,0.735
11.98,0.174
14.1,0.488
18.07,0.259
9.35,0.122
17.32,0.294
14.1,0.353
15.52,0.194
22.27,0.109
15.56,0.311
13.65,0.152
17.8,0.143
39.65,0.132
16.18,0.272
4.48,0.075
33.63,0.116
14.1,0.627
13.3,0.108
16.13,0.163
24.85,0.323
8.27,0.131
16.17,0.21
18.23,0.832
7.71,0.514
15.61,0.127
12.8,0.64
12.23,0.117
40.06,0.572
18.98,0.345
17.98,0.305
13.37,0.267
9.31,0.117
15.23,0.436
13.67,0.173
58.82,0.152
18.89,0.632
17.21,0.157
43.49,0.073
15.23,0.221
11.24,0.125
15.24,0.224
19.04,0.957
11.15,0.203
21.54,0.144
7.58,0.168
8.88,0.197
13.46,0.25
12.48,0.261
34.15,0.899
13.37,0.334
8.72,0.8
17.38,0.151
18.02,0.113
21.03,0.111
20.52,0.065
23.17,0.273
13.66,0.148
26.66,0.103
19.48,0.464
37.49,0.187
15.22,0.331
21.05,0.263
17.6,0.477
9.34,0.467
8.72,0.177
17.6,0.441
11.73,0.202
15.1,0.551
14.38,0.16
14.15,0.248
104.51,0.026
7.39,0.309
22.06,1.697
15.1,0.432
53.62,0.233
8.13,0.109
12.3,0.095
14.0,0.14
50.85,1.274
27.38,0.178
19.32,0.678
8.82,0.802
22.06,0.632
16.05,0.535
16.07,0.298
21.56,0.058
11.85,0.425
17.87,0.203
20.67,0.026
12.22,0.084
18.23,0.608
31.36,0.448
15.98,0.127
14.19,0.053
21.24,0.112
18.34,0.526
11.74,0.153
19.36,0.147
12.48,0.208
24.06,0.134
15.83,0.288
42.76,1.072
18.23,0.531
11.85,0.264
22.27,0.109
57.42,0.614
14.76,0.102
15.79,0.564
39.58,0.153
15.62,0.126
11.85,0.313
49.41,0.494
11.95,0.184
33.7,0.08
20.9,0.035
16.25,0.232
49.54,0.165
15.1,0.387
7.78,0.556
13.47,0.123
17.63,0.882
15.74,0.112
53.75,0.269
34.63,0.179
15.15,0.266
14.06,0.095
16.25,0.232
7.39,0.603
27.08,0.971
13.44,0.224
14.66,0.062
15.1,0.521
11.85,0.359
14.1,0.705
13.71,0.138
26.7,0.303
7.87,0.178
14.88,0.093
7.65,0.139
12.81,0.582
13.49,0.202
17.16,0.286
16.75,0.105
7.87,0.884
17.92,0.459
27.55,0.172
7.78,0.156
18.28,0.265
13.62,0.34
18.99,0.517
19.01,0.317
17.06,0.569
15.81,0.032
23.24,0.245
12.55,0.084
27.5,0.25
16.61,0.277
13.87,0.169
17.67,0.295
12.97,0.144
22.9,0.076
15.1,3.02
20.87,0.38
15.23,0.609
15.18,0.253
9.94,0.137
14.52,0.377
25.67,0.467
14.1,0.705
10.21,0.049
16.99,0.283
25.14,0.075
19.8,0.568
7.39,0.206
16.94,0.101
15.14,0.076
12.69,0.318
13.85,0.364
15.23,0.527
14.52,0.416
11.17,0.14
19.38,0.162
36.69,0.432
12.93,0.283
12.79,0.32
15.23,0.851
11.74,0.261
24.18,0.135
12.27,0.112
14.08,0.3
14.52,0.291
7.78,0.46
15.55,0.24
17.78,0.251
7.78,0.311
23.28,0.466
17.89,0.076
7.78,0.2
23.5,0.261
16.11,0.42
18.23,0.651
11.85,0.394
53.54,0.315
14.05,0.142
7.44,0.292
27.14,0.226
16.39,0.151
53.66,0.024
13.58,0.17
15.44,0.315
20.81,0.178
16.2,0.149
8.44,0.212
37.33,0.622
18.26,0.126
16.99,0.123
17.63,0.882
12.25,0.114
18.21,0.052
31.51,0.292
20.24,0.311
15.15,0.266
16.79,0.526
7.39,0.74
16.6,0.416
8.17,0.328
33.15,0.095
22.98,0.878
13.72,0.137
14.1,0.472
19.89,0.087
18.35,0.131
28.81,0.488
28.89,0.289
18.45,0.368
19.72,0.263
14.66,0.109
16.53,0.207
17.06,0.488
13.2,0.148
18.23,0.521
18.89,0.541
14.15,0.248
18.23,1.841
19.66,0.077
22.52,0.196
19.37,0.091
24.84,1.308
35.67,0.743
35.83,0.124
18.64,0.094
19.63,0.401
35.45,0.061
26.57,0.38
13.91,0.297
18.0,0.095
18.15,0.141
7.87,0.282
17.38,0.125
28.94,0.376
33.08,0.334
8.3,0.055
15.1,0.378
11.32,0.113
15.37,0.22
19.59,0.059
16.46,0.165
13.5,0.458
7.78,0.141
16.49,0.159
16.45,0.093
35.86,0.345
15.1,0.759
16.75,0.105
18.2,0.052
14.86,0.135
18.23,0.494
23.13,0.297
17.37,0.193
45.09,0.501
17.87,0.201
12.13,0.135
12.09,0.095
9.75,0.082
14.0,0.047
40.59,0.226
17.94,0.181
7.39,0.371
15.43,0.206
20.08,0.167
9.42,0.099
16.11,0.375
19.32,0.477
12.91,0.077
12.62,0.181
8.98,0.1
29.86,0.125
21.8,0.041
19.66,0.328
11.74,0.235
13.23,0.288
13.64,0.073
11.66,0.118
9.72,0.075
17.96,0.321
7.78,0.229
15.1,1.135
14.37,0.103
7.64,0.069
14.06,0.134
14.33,0.168
14.16,0.171
16.14,0.082
16.74,0.076
24.05,0.219
8.29,0.488
12.05,0.154
15.88,0.099
13.85,0.355
16.79,0.56
17.99,0.3
8.29,0.414
13.72,0.137
24.43,0.091
58.76,0.456
20.24,0.135
18.23,0.608
20.08,0.029
23.39,0.276
25.18,0.168
18.26,0.126
34.15,1.105
15.99,0.202
15.38,0.385
19.99,0.137
25.89,0.042
16.33,0.176
19.68,0.178
11.73,0.168
8.89,0.447
13.72,0.137
18.35,0.05
19.37,0.298
18.32,0.248
7.65,0.139
45.09,0.501
19.25,0.343
24.7,0.398
21.87,0.038
8.72,0.203
11.39,0.104
13.77,0.041
16.15,0.291
17.14,0.172
13.64,0.318
27.53,0.411
12.23,0.307
11.74,0.471
38.38,0.427
25.96,0.124
15.51,0.142
13.8,0.209
17.84,0.089
23.67,0.183
8.93,0.256
22.59,0.075
14.24,0.204
15.56,0.135
5.23,0.131
16.81,0.14
15.1,0.438
11.32,0.263
15.17,0.253
23.55,0.271
18.21,0.202
18.43,0.528
1.34,0.034
13.71,0.328
16.11,0.806
25.63,0.884
18.23,0.832
18.23,0.608
16.25,0.232
9.34,0.215
26.1,0.104
7.78,0.199
8.88,0.141
16.74,0.12
7.57,0.173
17.92,0.366
9.27,0.138
21.76,0.12
18.93,0.161
16.11,0.81
20.72,0.138
26.93,0.481
16.2,0.056
26.01,0.059
17.16,0.288
19.49,0.144
15.1,0.759
14.93,0.05
12.14,0.122
23.79,0.037
27.93,0.14
23.38,0.205
8.72,0.153
22.06,1.698
8.33,0.419
11.85,0.269
10.96,0.459
21.99,0.222
0.0,0.0
15.1,0.606
13.51,0.193
7.98,0.05
26.43,0.116
12.13,0.135
18.31,0.612
12.79,0.512
7.78,0.864
40.99,0.128
15.1,0.689
15.1,0.759
17.62,0.14
11.62,0.024
13.85,0.355
29.1,0.243
13.48,0.899
37.04,0.926
7.43,0.298
19.6,0.038
36.6,0.092
19.47,0.016
9.11,0.067
21.94,0.14
19.22,0.12
11.85,0.25
17.87,0.201
16.79,0.685
15.15,0.263
7.78,0.278
22.8,0.024
38.73,0.229
15.1,1.307
14.56,0.066
27.55,0.085
40.69,0.529
13.98,0.245
13.08,0.174
12.47,0.069
15.1,0.444
17.6,0.352
11.85,0.321
17.0,0.213
19.82,0.661
7.78,0.371
50.77,0.394
7.82,0.098
10.96,0.459
25.63,0.641
18.92,0.162
7.39,0.155
11.85,0.418
9.99,0.312
13.58,0.17
31.88,0.184
16.05,0.459
7.39,0.411
22.74,0.379
26.23,0.132
15.1,0.744
23.38,0.195
16.38,0.278
18.23,0.61
15.63,0.124
0.0,0.0
17.37,0.248
13.37,0.301
13.44,0.224
54.48,0.474
16.46,0.165
18.31,0.176
8.27,0.296
12.69,0.26
8.27,0.244
26.27,0.128
14.46,0.145
7.94,0.347
17.6,0.352
26.26,0.188
19.83,0.236
15.01,0.075
14.1,0.353
17.67,0.295
13.41,0.274
18.23,0.405
27.49,0.231
7.75,0.111
11.62,0.111
7.39,0.11
13.91,0.073
38.52,0.643
18.23,0.47
12.79,0.514
37.04,0.742
12.65,0.169
19.12,0.308
16.79,0.648
24.41,0.111
11.73,0.318
26.61,0.887
17.89,0.128
23.35,0.212
28.89,0.431
16.86,0.056
13.37,0.372
13.88,0.1
15.93,0.228
9.34,0.17
14.1,0.855
17.67,0.361
11.85,0.846
12.6,0.258
12.65,0.169
19.68,0.282
22.07,1.109
18.13,0.145
15.16,0.263
15.1,1.102
12.72,0.236
11.83,0.132
26.54,1.57
12.69,0.344
8.82,0.294
3.64,0.022
17.67,0.295
45.71,0.255
11.1,0.159
12.55,0.083
306.06,0.113
8.72,0.251
19.38,0.069
15.15,0.266
9.34,0.161
22.06,1.459
11.85,0.484
7.39,0.354
21.43,0.477
14.11,0.743
17.63,0.36
27.44,0.323
23.59,0.157
18.23,1.415
25.68,0.451
17.06,0.244
18.74,0.535
23.8,0.256
7.87,0.238
15.1,0.799
15.23,0.847
49.91,0.263
6.12,0.133
10.0,0.345
19.5,0.217
17.65,0.136
7.87,0.136
7.39,0.465
32.07,0.401
51.99,0.145
24.67,0.368
16.95,0.1
21.64,0.18
11.54,0.175
18.17,0.139
19.74,0.166
13.37,0.443
15.1,0.431
19.46,0.278
11.87,0.224
18.33,0.556
17.63,0.678
18.99,0.179
27.31,0.105
18.21,0.203
23.52,0.174
17.02,0.205
18.28,0.706
22.38,0.236
31.09,0.045
18.96,0.079
18.23,0.486
20.99,0.162
7.78,0.3
24.36,0.229
18.3,0.306
19.23,0.142
16.11,0.778
18.31,0.611
9.02,0.231
12.48,0.627
18.06,0.156
21.08,0.248
15.1,0.759
45.02,0.563
8.72,0.174
13.46,0.092
8.88,0.254
14.36,0.045
53.89,0.245
17.69,0.119
23.11,0.356
13.08,0.238
37.64,0.164
14.1,0.353
17.6,0.4
11.85,0.423
7.55,0.303
9.58,0.24
26.77,0.108
10.01,0.056
24.9,0.677
14.94,0.088
8.27,0.361
18.5,0.103
17.02,0.052
18.26,0.127
15.39,0.168
14.11,0.393
12.79,0.621
7.88,0.08
11.85,0.339
8.91,0.111
35.62,0.137
22.06,0.566
17.94,0.122
16.01,0.089
7.78,0.12
25.67,0.199
25.67,0.467
29.2,0.258
29.59,0.174
8.83,0.442
11.62,0.135
14.0,0.049
19.32,0.575
7.39,0.123
0.0,0.0
11.55,0.025
16.44,0.47
15.58,0.132
8.63,0.07
22.27,0.465
17.63,1.439
19.75,0.094
48.27,0.194
11.85,0.659
18.52,0.309
9.97,0.083
15.23,0.311
12.77,0.14
19.33,0.375
27.13,0.319
23.75,0.176
18.14,0.143
11.86,0.108
69.21,0.277
18.38,0.465
10.07,0.031
16.36,0.156
15.87,0.099
22.28,0.452
23.88,0.086
15.1,0.347
19.04,0.382
39.51,0.444
8.21,0.061
18.33,0.282
10.64,0.161
13.48,0.193
31.68,0.161
7.78,0.156
23.0,0.384
14.64,0.098
26.78,1.526
17.39,0.134
16.93,0.055
22.17,0.117
11.15,0.16
7.87,0.213
20.41,0.136
16.52,0.107
38.39,0.32
20.84,0.565
17.47,0.162
23.36,0.781
14.61,0.119
15.19,0.242
2.14,0.107
16.88,0.172
15.1,0.409
51.04,1.134
12.79,0.757
7.49,0.228
16.12,0.317
18.23,0.406
25.63,0.523
15.88,0.144
15.1,0.398
45.67,0.176
24.59,0.063
11.73,0.156
18.59,0.266
15.56,0.578
9.18,0.032
27.16,0.227
16.04,0.087
44.04,0.116
17.88,0.199
20.9,0.327
14.68,0.201
16.32,0.363
34.15,0.854
15.7,0.393
15.58,0.131
29.28,0.184
16.11,0.414
14.49,0.114
15.49,0.674
19.47,0.488
8.72,0.194
10.25,0.076
15.38,0.171
12.45,0.096
12.55,0.084
17.67,0.295
29.19,0.258
16.11,0.42
13.41,0.395
19.39,0.324
20.8,1.396
7.46,0.267
15.1,0.392
14.52,0.427
14.52,0.855
46.6,0.667
22.06,0.46
12.48,0.838
0.09,0.001
15.1,0.378
71.78,0.718
7.78,0.195
11.76,0.147
17.67,0.295
193.28,0.284
31.44,0.031
132.28,0.529
37.3,0.623
17.62,0.333
15.0,0.115
7.39,0.246
27.48,0.306
19.5,0.217
8.5,0.945
12.79,0.268
9.51,0.096
21.88,0.161
28.15,0.249
14.1,0.462
15.23,0.612
16.07,0.179
14.24,0.204
13.7,0.069
10.09,0.288
38.39,0.322
15.23,0.695
89.94,0.353
20.19,0.038
11.25,0.125
14.1,0.94
19.96,0.102
25.47,0.285
13.7,0.076
61.44,0.615
17.64,0.089
7.39,0.528
27.75,0.414
16.11,0.347
16.35,0.071
23.94,0.303
17.83,0.215
18.19,0.135
22.51,0.352
15.13,0.506
15.56,0.409
28.97,1.212
18.48,0.337
16.79,0.562
15.23,0.401
15.56,0.426
7.39,0.247
11.88,0.17
16.39,0.182
19.32,1.498
16.39,0.07
178.11,0.15
16.11,0.557
8.72,0.323
12.83,0.537
12.28,0.051
21.19,0.385
12.82,0.064
12.55,0.084
42.03,0.28
12.54,0.105
15.23,0.597
11.34,0.109
19.82,0.22
18.41,0.028
37.97,0.634
8.72,0.224
16.28,0.074
21.15,0.424
14.14,0.118
23.03,0.698
18.23,0.57
27.73,0.194
15.45,0.155
19.66,0.328
14.28,0.143
43.07,1.063
19.39,0.324
60.74,0.235
16.25,0.354
14.59,0.122
44.86,0.128
7.78,0.556
15.72,0.08
21.22,0.193
11.85,0.595
9.09,0.304
8.82,0.295
24.15,0.028
12.43,0.377
15.79,0.877
7.61,0.153
14.52,0.859
18.65,0.093
19.12,0.102
21.15,0.661
11.55,0.154
14.39,0.152
21.15,0.53
16.4,0.149
75.12,0.268
30.56,0.218
21.19,0.212
15.95,0.094
9.09,0.182
12.79,0.991
14.52,0.296
18.15,0.141
38.97,0.39
7.64,0.069
14.31,0.103
19.39,0.323
17.92,0.256
9.5,0.04
19.46,0.507
14.17,0.237
18.33,0.068
12.43,0.178
15.1,0.893
3.03,0.051
25.68,0.451
14.16,0.062
15.11,0.379
20.6,0.392
16.6,0.634
15.1,0.392
11.85,0.37
10.96,0.696
12.65,0.253
19.29,0.096
44.48,0.495
18.68,0.092
10.96,0.365
13.49,0.104
12.92,0.187
22.06,0.552
25.18,0.168
12.72,0.236
10.57,0.033
15.1,0.561
25.73,0.396
13.58,0.17
23.91,0.251
16.79,0.42
33.97,0.34
13.28,0.111
22.94,0.441
15.56,0.629
20.83,0.025
7.51,0.215
18.3,0.127
34.15,1.139
15.47,0.106
21.89,0.11
11.85,0.662
8.11,0.427
28.39,0.569
25.63,1.356
26.69,0.014
16.18,0.205
17.63,0.494
25.12,0.14
16.53,0.15
22.96,0.258
14.31,0.179
12.8,0.643
8.27,0.179
15.29,0.259
16.94,0.173
14.72,0.249
12.79,0.643
16.11,0.81
9.11,0.152
16.47,0.412
13.71,0.286
12.89,0.065
16.11,0.358
15.1,0.755
16.4,0.149
14.08,0.469
7.39,0.206
18.97,0.349
19.99,0.029
13.86,0.188
23.78,0.17
37.71,0.344
23.81,0.135
18.46,0.173
15.1,0.382
17.01,0.096
17.28,0.144
14.52,0.583
35.82,0.144
15.2,0.234
13.0,0.217
19.59,0.504
8.29,0.535
40.24,0.14
12.74,0.224
15.1,0.505
9.27,0.647
18.23,0.832
17.35,0.29
18.21,0.202
32.15,0.201
21.71,0.109
38.81,0.216
17.88,0.275
41.02,0.279
44.49,0.178
15.25,0.693
8.29,0.296
18.1,0.148
21.15,1.64
15.81,0.105
15.8,0.105
13.4,0.249
8.72,0.8
15.1,0.378
16.53,0.129
17.32,0.109
13.37,0.285
80.49,0.336
23.28,0.233
15.1,0.308
23.27,0.411
15.86,0.171
18.52,0.309
13.07,0.125
99.65,1.12
13.47,0.208
31.13,0.45
16.12,0.311
8.03,0.073
13.8,0.447
12.65,0.276
48.27,0.026
7.39,0.556
20.42,0.296
14.1,0.947
18.23,0.747
16.25,0.232
30.46,1.05
22.27,0.454
11.85,0.627
14.1,0.595
11.52,0.021
18.73,0.288
17.55,0.146
16.22,0.246
17.09,0.766
69.71,0.586
13.71,0.319
15.1,0.352
16.11,0.43
38.46,0.296
11.18,0.14
17.13,0.593
13.64,0.153
23.23,0.375
9.78,0.071
21.95,0.176
15.23,1.172
14.36,0.16
21.12,0.235
15.65,0.201
20.59,0.103
29.26,0.296
23.4,0.351
14.1,0.641
39.56,0.44
48.28,0.402
47.53,0.332
27.68,0.213
20.99,0.073
18.5,0.106
11.85,1.331
18.27,0.762
15.63,0.261
13.65,0.274
145.18,0.191
11.88,0.17
18.23,0.832
20.19,0.073
28.49,0.13
16.49,0.157
15.1,0.302
27.88,0.242
9.27,0.294
7.39,1.057
8.29,0.347
16.11,0.359
20.92,0.075
1.7,0.019
37.11,1.28
39.65,0.18
18.53,0.199
21.64,0.091
15.1,0.606
12.87,0.429
15.18,0.253
12.79,0.731
25.49,0.19
13.08,0.174
13.44,0.274
13.41,0.125
0.0,0.0
7.68,0.257
33.4,0.209
38.22,0.175
18.26,0.184
15.26,0.283
11.73,0.235
17.36,0.138
13.65,0.248
30.11,0.245
8.72,0.153
19.05,0.074
7.78,0.389
17.99,0.101
11.85,0.237
15.23,0.609
11.15,0.157
18.23,0.916
8.29,0.106
14.52,0.292
16.25,0.232
27.79,0.077
17.26,0.119
15.44,0.086
12.68,0.076
12.79,0.256
15.1,0.378
41.02,0.295
18.23,2.805
11.79,0.035
33.31,0.222
14.72,0.164
13.18,0.148
20.85,0.044
23.0,0.38
16.32,0.363
38.14,0.449
14.9,0.176
12.48,0.627
18.23,0.406
11.83,0.132
9.34,0.249
13.64,0.273
19.68,0.281
50.93,1.698
16.6,0.426
7.78,0.278
18.38,0.037
23.56,0.133
15.65,0.824
16.05,0.944
16.05,1.237
17.74,0.255
14.83,0.2
11.85,0.296
16.28,0.096
18.26,0.126
16.11,0.577
21.71,0.043
16.39,0.089
24.98,0.357
15.62,0.125
16.45,0.025
14.1,0.488
12.25,0.114
20.44,0.12
18.23,0.529
13.44,0.224
37.8,0.238
17.79,0.119
16.01,0.089
27.0,0.27
15.1,0.722
8.99,0.258
16.6,0.416
17.35,0.134
18.26,0.126
15.37,0.22
14.55,0.066
12.53,0.381
18.86,0.135
19.39,0.09
19.64,0.076
18.59,0.182
23.14,0.29
17.67,0.295
18.4,0.245
12.83,0.233
25.63,1.046
15.1,0.512
0.0,0.0
39.06,0.103
18.23,0.651
13.77,0.042
12.74,0.071
11.85,0.484
18.59,0.266
108.74,0.115
8.72,0.415
16.03,0.088
15.5,0.174
21.15,0.53
15.1,1.171
12.43,0.178
18.28,0.698
42.45,0.709
12.33,0.021
15.17,0.253
12.48,0.627
23.74,0.164
16.59,0.186
0.0,0.0
66.42,0.289
18.68,0.297
10.96,0.921
9.34,0.203
24.78,0.124
11.15,0.155
25.26,0.422
20.9,0.037
9.54,0.056
17.45,0.12
12.48,0.627
62.89,0.351
10.37,0.05
16.11,0.948
13.5,0.59
12.79,0.937
15.8,0.16
21.84,0.276
15.81,0.158
7.78,0.26
9.75,0.049
17.61,0.339
15.47,0.196
16.97,0.223
17.6,0.353
18.23,0.61
15.42,0.065
43.08,0.287
18.3,0.122
13.65,0.152
17.6,0.353
12.11,0.093
18.97,0.122
22.28,0.745
16.11,0.273
23.56,0.406
17.95,0.18
17.28,0.144
11.83,0.132
11.5,0.091
17.94,0.181
50.49,0.202
18.23,3.09
18.73,0.021
16.35,0.176
19.49,0.23
39.22,0.119
7.39,0.296
19.32,0.773
16.94,0.173
13.16,0.074
7.74,0.097
53.29,0.145
10.15,0.097
16.11,0.329
10.96,0.85
8.86,0.177
93.14,0.345
23.32,0.117
15.1,0.604
4.34,0.145
37.3,0.678
28.82,0.481
15.27,0.613
17.63,0.578
13.68,0.07
16.71,0.06
16.11,0.376
25.0,0.072
17.75,0.061
7.39,0.296
11.69,0.136
12.69,0.352
44.09,0.138
16.15,0.081
25.9,0.043
35.06,0.195
18.45,0.37
23.49,0.181
28.66,0.086
7.78,0.175
18.24,0.912
17.98,0.305
18.13,0.227
9.74,0.235
18.53,0.062
17.8,0.225
7.44,0.291
21.72,0.141
27.31,0.094
17.94,0.345
14.1,1.484
17.67,0.295
15.98,0.145
16.84,0.135
18.23,0.732
27.79,0.479
5.67,0.391
14.58,0.374
22.19,0.146
20.3,0.128
14.37,0.127
14.88,0.09
17.67,0.295
15.77,0.166
23.42,0.263
18.32,0.572
38.21,0.407
15.1,0.755
35.88,0.448
19.46,0.246
9.02,0.095
16.18,0.27
15.1,0.629
44.62,0.172
12.92,0.076
16.35,0.096
14.47,0.268
23.0,0.384
14.59,0.244
22.0,0.22
21.19,0.212
11.85,0.396
8.27,0.243
15.1,0.722
17.61,0.105
17.16,0.132
18.64,0.094
23.38,0.109
11.85,0.312
16.79,0.764
13.61,0.162
0.0,0.0
11.17,0.143
26.91,0.087
16.54,0.331
8.72,0.175
11.85,0.474
18.69,0.161
36.07,0.111
18.19,0.204
7.47,0.25
13.44,0.225
11.85,0.41
9.46,0.094
22.06,0.49
18.53,0.299
11.15,0.145
7.39,0.532
13.65,0.152
6.36,0.271
18.12,0.151
64.25,0.107
16.76,0.089
16.11,0.323
8.29,0.553
9.34,0.134
8.36,0.299
21.2,0.133
21.02,0.28
21.29,0.027
18.33,0.556
0.0,0.0
31.3,0.784
23.08,0.214
41.23,0.038
14.1,0.404
13.02,0.251
17.88,0.199
7.78,0.223
24.06,0.097
23.5,0.235
11.92,0.199
60.42,0.581
8.88,0.185
18.24,0.338
26.89,0.7
11.85,0.263
15.5,0.145
18.23,0.608
9.0,0.474
9.22,0.061
45.3,0.378
16.6,0.185
57.77,0.445
7.61,0.152
13.29,0.133
27.75,0.414
16.23,0.216
13.26,0.605
11.73,0.196
16.18,0.27
8.29,0.138
21.43,0.252
16.6,0.346
7.78,0.391
29.1,0.291
18.23,0.496
11.88,0.313
16.5,0.083
26.96,0.23
11.85,0.853
7.39,0.148
12.17,0.128
40.04,0.477
11.85,0.398
42.34,0.109
15.7,0.116
14.1,0.834
8.72,0.27
20.74,0.297
13.71,0.478
27.11,0.234
16.18,0.27
9.37,0.117
17.88,0.275
16.94,0.173
12.79,0.673
23.49,0.294
85.71,0.054
19.11,0.096
25.9,0.291
8.88,0.401
32.07,0.16
15.93,0.038
15.1,0.817
18.16,0.14
9.38,0.096
14.59,0.122
15.56,0.464
15.1,0.378
37.58,0.07
15.1,0.744
16.7,0.06
11.85,0.341
7.78,0.603
9.94,0.209
25.52,0.365
26.95,0.216
7.87,0.927
16.93,0.242
15.1,0.303
7.78,0.57
6.09,0.122
18.23,0.493
14.15,0.248
13.98,0.245
17.63,0.63
8.65,0.124
8.81,0.089
18.72,0.271
15.1,0.915
7.39,0.321
18.23,1.177
43.11,0.288
87.33,0.139
15.1,1.525
16.14,0.081
2.34,0.038
16.79,0.432
19.98,0.286
23.42,0.195
15.07,0.072
29.31,0.226
13.65,0.152
18.23,0.561
7.78,0.391
15.1,0.432
22.53,0.102
15.1,0.844
15.12,0.283
22.98,0.403
16.08,0.085
20.48,0.06
7.39,0.151
19.69,0.023
8.61,0.035
108.36,0.57
25.16,1.582
7.78,0.177
2.99,0.066
18.3,0.305
23.25,0.245
18.02,0.114
11.15,0.319
16.79,0.562
17.67,0.295
14.47,0.17
11.85,0.484
13.41,0.244
17.69,0.099
27.7,0.139
12.23,0.102
17.97,0.1
69.21,0.277
50.81,0.042
16.93,0.161
15.23,0.382
11.73,0.235
15.53,0.045
16.06,0.181
11.9,0.119
21.2,0.133
13.37,0.174
15.89,0.53
14.6,0.236
14.52,0.416
15.65,0.189
16.79,0.526
18.64,0.094
15.1,0.922
17.3,0.079
18.23,0.372
12.93,0.332
27.49,0.183
14.1,0.788
25.19,0.601
9.49,0.05
120.96,0.202
15.23,0.324
70.44,0.138
19.59,0.871
16.79,0.884
12.23,0.204
16.44,0.17
18.45,0.107
20.96,0.048
16.6,0.138
36.19,0.302
27.55,0.131
8.92,0.367
18.23,0.935
11.85,0.41
16.32,0.466
14.19,0.224
8.11,0.236
14.1,1.008
15.72,0.131
25.63,0.803
17.54,0.044
22.0,0.098
20.08,1.122
25.12,0.279
7.78,0.556
19.4,0.647
10.06,0.361
7.39,0.296
24.97,0.208
9.26,0.272
18.31,0.612
7.92,0.097
17.67,0.295
14.52,2.104
17.22,0.41
18.23,0.365
13.69,0.023
13.71,0.153
15.79,0.208
13.08,0.177
32.33,0.251
17.66,0.235
15.1,1.135
19.44,0.555
11.87,0.125
61.42,0.268
16.11,0.367
17.63,0.735
26.89,0.737
18.49,0.036
10.96,0.365
13.41,0.043
8.27,0.213
17.7,0.273
12.43,0.178
16.46,0.165
17.6,0.533
15.1,0.421
18.62,0.124
13.61,0.349
8.63,0.298
19.45,0.283
15.1,0.302
11.99,0.172
18.37,0.471
14.1,0.427
15.49,0.149
16.57,0.079
8.88,0.185
15.38,0.171
34.04,0.31
9.34,0.778
16.7,0.124
19.73,0.257
21.01,0.808
20.89,0.333
17.97,0.1
19.4,0.069
10.96,0.696
27.48,0.137
22.02,0.4
8.92,0.531
14.13,0.257
25.46,0.196
8.72,0.371
19.8,0.072
15.1,0.604
22.35,0.372
22.73,0.026
15.1,0.378
16.28,0.175
23.04,0.072
23.98,0.16
13.72,0.137
11.69,0.122
18.28,0.183
26.43,0.199
15.11,0.458
36.06,0.361
18.65,0.169
17.69,0.08
18.23,0.456
18.3,0.122
24.57,0.093
18.66,0.095
7.39,0.52
20.33,0.027
23.35,0.212
17.6,2.411
15.4,0.168
24.81,0.121
24.97,0.208
12.61,0.183
45.7,0.258
30.82,0.22
18.31,0.206
18.52,0.285
14.1,0.398
39.57,0.307
38.25,0.383
18.23,3.09
19.0,0.091
9.34,0.203
9.91,0.076
33.53,0.088
16.19,0.046
17.67,0.295
17.17,0.131
2.99,0.061
14.52,0.581
14.1,1.093
16.32,0.466
8.88,0.143
38.27,0.387
18.98,0.152
40.48,0.291
21.38,0.046
47.36,0.175
13.51,0.193
90.3,0.226
16.48,0.226
103.12,0.573
7.78,0.312
15.15,0.126
7.65,0.139
18.26,0.184
18.15,0.141
70.04,0.28
30.05,0.159
15.39,0.171
111.38,0.914
35.69,0.446
19.73,0.282
12.79,0.261
14.1,0.872
17.81,0.113
16.32,0.341
34.35,0.44
13.05,0.225
23.89,0.228
14.79,0.218
7.94,0.094
23.69,0.237
16.11,0.647
16.11,0.42
28.99,0.341
16.25,0.232
24.21,0.346
10.96,0.252
17.76,0.094
10.96,0.115
17.06,0.38
14.1,0.766
11.03,0.184
45.09,0.501
19.06,0.113
12.79,0.711
38.66,0.442
14.29,0.079
7.78,0.547
49.98,0.147
15.2,0.103
16.05,0.642
14.52,0.416
19.42,0.59
15.1,0.606
12.9,0.381
18.66,0.233
16.68,0.239
12.04,0.1
10.13,0.063
14.4,0.081
82.58,0.389
5.98,0.354
11.73,0.199
16.14,0.294
15.1,0.432
28.23,0.325
56.82,0.71
8.27,0.332
9.52,0.318
19.67,0.285
12.7,0.246
17.67,0.295
15.23,1.089
16.92,0.434
14.81,0.161
9.67,0.092
15.01,0.084
13.76,0.088
14.24,0.203
17.76,0.094
14.32,0.169
15.1,0.388
19.23,0.048
28.34,0.202
16.19,0.116
37.45,0.194
22.7,0.463
15.1,0.505
24.84,0.518
18.66,0.34
7.78,0.199
17.74,0.254
15.45,0.31
18.54,0.177
27.66,0.145
14.17,0.236
45.75,0.247
53.82,0.078
16.32,1.634
2.83,0.063
27.8,0.206
24.95,0.379
64.21,0.117
13.59,0.378
18.39,0.438
14.52,0.132
13.15,0.189
23.38,0.203
19.99,0.088
12.15,0.13
11.74,0.327
2.96,0.082
8.04,0.187
40.52,0.282
8.29,0.318
7.4,0.37
9.27,0.332
34.64,0.032
11.72,0.13
16.95,0.17
18.1,0.15
21.18,0.494
34.15,1.319
10.92,0.1
17.55,0.197
51.23,0.703
11.85,0.595
15.73,0.112
22.42,0.321
4.74,0.089
14.1,0.353
16.85,0.109
20.8,1.041
18.46,0.109
26.77,0.412
16.9,0.188
12.86,0.445
17.66,0.299
15.39,0.171
19.32,0.92
7.49,0.228
20.57,0.025
29.87,0.249
14.1,0.544
15.18,0.105
15.1,0.795
8.88,0.511
15.1,0.302
11.1,0.159
17.06,0.349
17.02,0.095
15.11,0.308
9.83,0.068
13.8,0.219
7.94,0.318
12.48,0.391
12.74,0.224
13.51,0.543
18.85,0.131
18.23,1.272
23.49,0.294
17.97,0.601
15.23,0.305
24.04,1.37
24.54,0.123
32.15,0.201
9.45,0.053
9.77,0.122
20.8,1.041
8.29,0.448
23.03,0.361
40.37,0.271
19.2,0.069
15.04,0.073
8.88,0.141
7.87,0.715
7.39,0.573
21.58,0.188
13.47,0.422
15.35,0.614
7.78,0.311
15.76,0.109
7.39,2.111
21.92,0.03
14.52,0.363
23.47,0.245
16.84,0.028
27.23,0.165
27.13,0.078
10.53,0.694
34.54,0.204
17.64,0.118
14.8,0.165
17.24,0.079
37.96,0.643
13.78,0.153
22.05,0.123
37.9,0.76
15.29,0.07
7.78,0.354
17.95,0.18
7.78,0.159
14.64,0.099
22.0,0.22
9.24,0.132
18.3,0.122
15.31,0.511
11.85,0.237
15.2,0.234
19.35,0.359
12.79,0.68
17.54,0.058
63.98,0.121
39.95,0.499
12.79,0.914
7.78,0.222
14.17,0.237
51.28,0.641
18.43,0.205
24.25,0.102
23.55,0.294
15.11,0.393
14.1,0.887
14.1,0.742
32.06,0.218
41.28,0.217
18.52,0.309
8.72,0.676
21.92,0.028
7.78,0.11
36.14,0.278
60.82,0.265
16.19,0.129
17.09,0.768
19.32,0.479
36.5,0.243
23.17,0.438
16.12,0.111
23.28,0.597
25.63,0.857
29.67,0.33
7.39,0.214
11.85,0.34
15.1,1.013
24.32,0.487
15.79,0.877
51.13,0.284
32.84,0.597
36.21,0.281
14.93,0.079
8.88,0.127
12.79,1.075
17.88,0.199
28.35,0.205
12.49,0.05
13.97,0.249
13.63,0.155
32.82,0.438
15.41,0.164
124.76,1.076
22.85,0.571
12.56,0.106
26.64,0.333
27.04,0.258
16.05,0.268
16.13,0.047
7.78,0.355
12.72,0.234
15.85,0.1
22.71,0.071
13.47,0.457
19.13,0.225
16.25,0.232
18.99,0.12
9.42,0.099
18.79,0.145
19.32,0.387
15.1,0.755
18.65,0.093
12.97,0.144
28.92,0.386
17.88,0.199
15.11,0.308
11.85,0.868
15.13,0.275
18.23,1.223
22.67,0.81
18.11,0.411
15.58,0.132
14.68,0.278
13.64,0.153
15.23,0.958
24.01,0.301
12.82,0.186
21.02,0.275
8.9,0.114
8.94,0.052
43.36,0.229
16.3,0.074
14.42,0.146
26.38,0.12
19.66,0.328
39.05,0.052
28.89,0.289
27.83,0.076
17.25,0.123
9.44,0.106
15.39,0.366
55.72,0.076
49.26,0.19
9.02,0.238
7.46,0.257
15.1,0.36
9.44,0.105
17.62,0.173
17.03,0.201
13.39,0.257
24.84,0.92
27.79,0.132
21.25,0.329
12.04,0.1
14.22,0.203
17.6,0.489
12.39,0.073
25.0,0.391
20.21,0.106
15.27,0.278
15.46,0.278
12.48,0.34
16.11,0.322
23.28,0.974
40.7,0.226
18.11,0.241
16.46,0.423
18.94,0.158
19.53,0.244
14.55,0.066
18.5,0.106
23.85,0.159
29.31,0.225
26.96,0.449
15.1,0.36
19.91,0.332
16.6,0.416
7.78,0.57
7.87,0.543
16.18,0.27
16.43,0.205
23.51,0.413
17.85,0.298
69.02,0.257
7.41,0.345
20.8,0.832
17.77,0.238
18.23,0.61
23.88,0.166
8.27,0.407
15.19,0.241
7.78,1.197
13.64,0.153
18.27,0.327
13.76,0.073
20.26,0.11
17.61,0.346
7.78,0.259
17.78,0.508
26.86,0.254
14.46,0.274
5.7,0.088
23.06,0.62
10.96,0.689
17.63,0.452
27.55,0.511
17.7,0.098
18.72,0.156
15.11,0.336
6.52,0.177
60.04,0.4
22.13,0.766
27.61,0.253
14.8,0.055
7.39,0.148
43.05,0.392
25.95,0.164
11.72,0.13
16.11,2.016
17.88,0.199
9.34,0.361
7.78,0.278
14.75,0.105
15.34,0.18
8.27,0.169
15.1,0.378
44.84,0.301
23.42,0.263
17.97,0.175
15.32,0.176
17.63,0.442
16.74,0.239
8.29,0.361
15.3,0.194
17.66,0.299
16.05,0.535
13.5,0.196
21.89,0.11
12.75,0.216
17.12,0.291
40.04,0.267
17.78,0.247
14.23,0.209
14.52,0.132
14.6,0.195
22.36,0.364
37.04,0.756
42.15,0.212
17.24,0.079
59.76,0.46
15.1,0.505
14.5,0.502
15.13,0.275
15.79,1.129
26.63,0.337
15.11,0.387
15.1,0.303
18.3,0.631
16.19,0.024
13.63,0.074
16.33,0.163
14.68,0.173
15.1,0.521
12.96,0.146
24.73,0.037
17.73,0.261
18.2,0.135
9.44,0.193
15.15,0.266
13.93,0.155
8.49,0.082
19.61,0.327
22.61,0.162
25.74,0.086
18.42,0.4
17.66,0.05
7.39,0.528
20.69,0.059
12.8,0.643
23.18,0.129
8.36,0.288
13.37,0.672
20.49,0.025
43.22,0.722
27.52,0.197
11.85,0.474
11.81,0.197
32.72,0.135
7.39,0.155
12.47,0.447
13.19,0.044
12.52,0.074
45.1,0.253
13.08,0.174
39.99,0.404
13.81,0.14
11.85,0.237
18.23,0.372
7.78,0.173
52.48,1.235
25.61,0.142
15.38,0.385
18.3,0.122
15.26,0.254
15.1,1.374
9.34,0.203
37.77,0.151
11.1,0.159
15.46,0.155
19.59,0.08
27.48,0.137
14.94,0.136
7.78,0.519
13.04,0.153
34.16,0.667
16.24,0.236
31.02,1.559
22.58,0.207
21.05,0.023
27.69,0.264
8.12,0.065
7.78,0.222
7.78,0.104
18.24,0.354
26.86,0.336
10.32,0.061
18.23,1.336
37.04,3.37
21.26,0.182
8.29,0.119
17.75,0.148
15.1,0.606
8.88,0.161
7.39,0.161
15.15,0.076
13.44,0.224
15.95,0.106
29.72,0.157
15.28,0.204
16.11,0.557
12.54,0.084
12.83,0.128
23.76,0.159
15.1,0.303
34.27,0.031
11.91,0.093
8.93,0.112
6.66,0.248
19.87,0.154
10.28,0.049
9.34,0.311
20.63,0.104
16.79,0.844
21.64,0.45
15.1,0.795
15.51,0.174
13.66,0.301
9.34,0.203
15.61,0.127
15.1,0.505
12.6,0.885
13.9,0.067
14.87,0.056
18.28,1.108
23.42,0.263
25.63,0.716
19.08,0.354
170.51,0.09
11.85,0.595
62.35,0.831
16.67,0.278
7.87,0.477
17.16,0.286
14.59,0.121
17.0,0.035
13.93,0.279
16.08,0.085
9.44,0.105
18.23,0.629
18.65,0.107
17.63,0.708
7.27,0.169
23.19,0.346
7.39,0.638
15.79,0.544
24.5,0.14
20.8,1.04
23.38,0.117
22.95,0.434
16.96,0.154
20.16,0.21
30.56,0.019
18.85,0.189
15.79,0.495
7.78,0.268
13.34,0.138
14.1,0.763
36.37,0.242
14.99,0.152
15.1,0.504
18.51,0.319
11.73,0.343
8.9,0.298
51.33,0.344
15.1,0.393
83.96,0.311
15.56,0.135
15.1,0.309
19.07,0.281
17.6,0.392
16.28,0.074
14.13,0.089
15.23,0.668
12.57,0.045
16.11,0.322
15.01,0.084
17.15,0.101
38.7,0.387
14.24,0.203
44.61,0.372
15.98,0.127
8.29,0.301
12.04,0.101
13.44,0.224
9.34,0.243
19.67,0.285
18.57,0.169
59.68,0.747
12.79,0.337
17.67,0.295
16.86,0.282
18.16,0.14
7.78,0.354
13.99,0.039
7.71,0.131
22.61,0.091
38.37,0.328
16.16,0.215
11.85,0.274
25.26,0.028
10.96,0.556
12.69,0.075
23.0,0.578
12.79,0.426
20.98,0.3
18.34,0.061
16.79,0.336
41.61,0.463
19.37,0.34
14.1,0.353
15.1,0.303
29.04,0.088
26.27,0.28
17.08,0.144
11.85,1.197
22.93,1.119
17.73,0.257
25.73,0.181
21.35,0.396
11.39,0.071
16.67,0.278
7.96,0.072
17.67,0.295
37.05,0.27
16.16,0.284
134.78,1.045
11.71,0.18
9.22,0.619
36.89,0.269
13.19,0.123
13.75,0.246
16.55,0.092
15.1,0.303
18.23,0.406
14.62,0.192
12.75,0.143
43.71,0.336
25.38,0.518
15.81,0.105
15.23,1.181
17.84,0.21
12.61,0.079
13.48,1.284
17.6,0.469
12.48,0.313
23.16,0.019
11.6,0.126
43.45,0.348
7.67,0.131
18.36,0.048
13.39,0.112
11.85,0.494
26.33,0.176
33.65,0.034
18.5,0.208
16.67,0.112
7.78,0.195
17.17,0.035
9.21,0.064
7.78,0.354
22.27,0.109
11.85,0.247
17.6,0.392
17.6,0.148
15.1,0.686
15.29,0.204
14.22,0.48
19.41,0.122
7.39,0.371
32.15,0.825
9.15,0.178
41.53,0.532
27.52,0.197
12.9,0.151
18.79,0.238
13.47,0.208
21.61,0.135
17.17,0.143
11.27,0.123
17.13,0.173
15.23,1.112
15.11,0.388
15.52,0.141
57.14,0.321
15.58,0.156
23.84,0.16
18.28,0.458
8.84,0.039
15.1,0.303
7.78,0.338
16.25,0.232
2.68,0.049
63.11,0.513
12.69,0.254
22.06,1.481
14.4,0.16
14.05,0.156
14.69,0.061
11.85,0.258
20.16,0.443
18.05,0.157
38.31,0.351
13.5,0.069
12.05,0.154
91.68,0.153
18.54,0.197
13.16,0.128
8.35,0.054
60.41,1.51
18.72,0.089
9.34,0.218
15.15,0.266
17.62,0.252
32.35,0.171
13.55,0.086
14.52,0.66
11.74,0.695
42.59,0.533
13.5,0.123
18.96,0.317
17.76,0.149
18.18,0.087
8.88,0.247
11.15,0.446
17.63,0.36
13.51,0.193
15.38,0.171
8.64,0.247
17.76,0.094
23.02,0.123
15.1,0.654
17.7,0.273
15.6,0.284
19.39,0.695
17.63,1.068
60.3,0.241
21.22,0.203
21.35,0.214
17.99,0.101
18.23,0.373
7.66,0.135
14.47,0.056
16.79,0.844
14.52,0.765
20.08,0.575
13.69,0.077
18.0,0.18
21.59,0.127
16.53,0.207
35.04,0.163
25.19,0.159
9.34,0.133
18.23,0.48
0.0,0.0
62.64,0.522
16.11,0.404
13.08,0.218
23.81,0.177
26.84,0.269
8.72,0.219
19.7,0.056
9.27,0.331
9.94,0.269
25.63,1.425
11.07,0.033
16.09,0.084
36.09,0.328
9.0,1.304
39.27,0.137
3.6,0.151
15.56,0.363
26.25,0.292
13.44,0.224
15.11,1.163
14.44,0.361
12.85,0.218
52.47,0.202
28.99,0.341
15.1,0.378
15.11,1.163
22.93,0.581
11.39,0.325
14.21,0.215
16.79,0.336
8.72,0.256
22.21,0.138
9.41,0.1
18.13,0.478
16.17,0.275
16.7,0.109
8.75,0.109
22.06,0.882
18.02,0.164
17.06,0.358
22.18,0.063
12.23,0.102
22.93,0.498
14.76,0.049
17.09,0.385
15.11,0.632
23.13,0.487
15.1,0.303
8.72,0.218
16.95,0.1
17.67,0.361
7.49,0.228
19.82,0.239
7.87,0.395
19.69,0.076
15.1,0.303
9.45,0.053
7.87,0.271
14.1,1.104
38.16,0.262
15.78,0.069
40.0,0.114
17.88,0.199
20.8,1.156
7.78,0.222
25.53,0.014
21.12,0.235
7.39,0.569
19.24,0.092
7.4,0.062
18.23,0.916
21.22,0.354
16.18,0.267
10.65,0.061
15.1,0.403
18.23,0.608
48.68,0.071
19.85,0.797
8.29,0.207
15.1,0.559
7.78,0.362
9.23,0.136
22.05,0.025
13.35,0.103
14.43,0.144
7.92,0.097
15.59,0.13
7.94,0.47
11.77,0.147
16.61,0.083
26.42,0.117
20.99,0.421
18.23,0.735
20.76,0.694
8.72,0.116
19.68,0.037
23.98,0.203
17.11,0.066
40.17,0.215
17.95,0.18
12.85,0.478
8.63,0.058
25.63,0.855
17.67,0.295
19.39,0.075
7.78,0.222
18.06,0.258
13.86,0.116
7.43,0.302
23.28,0.614
15.37,0.393
18.23,1.258
20.71,0.042
19.32,0.646
14.44,0.321
55.42,0.222
7.78,0.223
15.1,0.553
16.79,0.844
38.57,0.188
22.8,0.317
17.83,0.238
9.34,0.161
22.85,0.609
7.39,0.623
21.19,0.432
7.39,0.134
8.72,0.159
15.1,0.643
14.21,0.048
22.66,0.174
21.33,0.178
15.93,0.228
13.11,0.119
23.33,0.311
19.35,0.359
22.62,0.138
7.55,0.4
11.93,0.116
19.0,0.147
16.11,0.546
17.17,0.078
16.38,0.279
11.85,1.331
7.39,0.493
26.19,0.15
35.76,0.607
13.78,0.086
27.49,0.165
7.81,0.1
8.23,0.059
17.6,0.535
14.41,0.035
18.59,0.266
68.41,0.311
7.67,0.197
14.52,0.581
7.78,0.162
44.33,0.554
16.6,0.362
15.24,0.218
11.85,0.409
7.39,0.623
14.09,0.101
18.23,1.302
7.39,0.214
9.34,0.275
20.51,0.09
22.85,0.286
14.52,0.373
87.06,0.425
19.94,0.199
7.78,0.391
18.66,0.233
13.17,0.089
13.64,0.153
16.11,0.42
11.85,0.662
15.1,0.719
17.03,0.142
15.1,0.336
12.89,0.065
17.98,0.082
21.71,0.049
15.32,0.068
83.65,0.092
16.81,0.21
14.13,0.098
32.75,0.243
11.87,0.224
7.78,1.297
17.93,1.002
7.39,0.246
11.85,0.297
23.87,0.129
9.34,0.133
18.71,0.144
14.35,0.135
26.78,0.045
16.11,0.329
7.95,0.08
81.42,0.455
18.5,0.37
14.52,0.291
13.92,0.174
14.1,0.283
19.13,0.225
17.25,0.383
51.34,0.576
10.96,0.241
23.44,0.565
15.15,0.266
37.54,0.062
21.15,0.92
19.85,0.209
8.26,0.087
17.31,0.075
15.1,0.604
13.46,0.17
23.32,0.146
12.72,0.232
18.78,0.475
17.83,0.313
7.64,0.069
25.63,1.282
27.75,0.414
17.93,0.643
25.24,1.684
15.8,0.293
9.14,0.076
14.52,0.726
49.23,0.492
26.61,0.532
18.79,0.238
14.16,0.062
16.31,0.233
15.23,0.896
13.7,0.044
18.94,0.38
17.61,0.176
18.27,0.734
16.05,1.155
9.1,0.169
23.2,0.061
8.27,0.057
24.16,0.02
13.83,0.773
10.13,0.099
12.48,0.286
14.59,0.244
12.89,0.199
14.43,0.123
9.41,0.099
8.79,0.103
14.52,0.416
40.1,0.309
17.34,0.193
25.5,0.271
15.44,0.156
16.98,0.162
14.13,0.236
17.63,1.007
15.31,0.192
36.0,0.656
1.75,0.104
20.53,0.298
18.26,0.127
16.16,0.284
25.63,1.356
35.48,0.395
26.31,0.125
19.67,0.287
15.15,0.266
15.3,0.194
18.22,0.131
60.2,0.433
11.7,0.075
16.11,0.323
14.1,1.093
9.52,0.087
19.23,0.428
8.5,0.071
32.79,0.165
15.86,0.147
18.57,0.188
26.99,0.415
14.13,0.404
15.94,0.134
37.51,0.395
17.99,0.056
20.99,0.183
18.19,0.12
23.0,0.576
22.16,0.341
12.43,0.168
20.16,0.21
24.94,0.277
17.6,0.178
18.05,0.164
13.44,0.224
14.87,0.149
13.07,0.125
19.45,0.083
41.29,0.034
11.85,1.087
7.82,0.157
11.17,0.14
15.38,0.172
14.1,0.427
12.69,0.45
15.1,0.398
59.56,0.149
15.1,0.445
44.02,0.191
13.44,0.224
16.79,0.888
11.85,0.242
16.26,0.181
15.5,0.091
15.8,0.105
25.89,0.173
37.26,0.747
43.93,1.046
18.42,0.401
21.5,0.044
45.25,0.251
7.71,0.193
105.13,0.376
21.33,0.178
15.65,1.424
12.66,0.167
16.44,0.47
15.87,0.144
7.6,0.155
19.21,0.069
18.23,1.2
16.01,0.099
42.76,0.411
14.61,0.119
14.1,0.887
22.06,0.49
13.62,0.081
19.14,0.074
11.85,0.258
9.6,0.234
18.06,0.157
39.28,0.133
13.63,0.08
13.19,0.123
16.18,0.27
17.72,0.122
11.85,0.476
16.6,0.066
11.73,0.782
14.33,0.1
23.35,0.837
20.68,0.122
15.31,0.191
12.84,0.257
22.39,0.022
11.85,0.242
7.87,0.477
16.93,0.242
11.85,0.289
10.96,0.296
36.11,0.258
22.93,0.511
9.34,0.268
7.6,0.155
8.37,0.094
26.9,0.317
44.81,1.152
14.1,1.014
31.65,0.251
15.86,0.198
10.13,0.022
15.95,0.093
22.25,0.289
15.69,0.117
37.81,0.293
9.98,0.454
82.08,0.456
15.7,0.174
7.49,0.228
16.79,0.56
16.73,0.107
9.52,0.087
34.15,2.502
26.99,0.245
11.85,0.343
8.27,0.243
27.38,0.171
24.35,0.698
34.79,0.387
17.06,0.192
11.73,0.319
15.1,0.473
53.61,0.298
14.7,0.109
7.42,0.093
11.85,1.078
19.88,0.06
18.98,0.127
16.0,0.124
20.8,1.041
16.2,0.027
7.78,0.338
38.95,0.245
19.59,0.393
61.12,0.226
19.47,0.483
8.88,0.163
27.48,0.183
18.51,0.206
7.64,0.064
17.99,0.17
37.34,0.602
1.41,0.024
15.95,0.133
17.44,0.233
17.22,0.035
14.59,0.244
13.51,0.059
8.85,0.089
16.32,0.563
17.6,0.353
20.84,0.522
11.15,0.272
14.07,0.094
38.29,0.348
20.98,0.3
17.67,0.297
11.73,0.196
11.85,0.549
13.45,0.093
18.7,0.312
26.4,0.165
18.27,0.761
19.21,0.101
9.83,0.042
0.0,0.0
45.26,0.394
7.55,0.361
15.11,0.393
15.1,0.336
10.6,0.062
15.38,0.171
37.04,2.058
15.22,0.331
8.72,0.291
22.32,0.402
11.85,0.484
43.6,0.256
26.4,0.135
7.78,0.391
22.96,0.426
12.79,4.263
29.03,0.264
11.42,0.198
19.76,0.045
26.82,0.548
25.61,0.233
18.23,0.13
7.8,0.1
8.43,0.141
17.94,0.181
15.39,0.045
16.39,0.182
17.66,0.299
15.23,0.851
13.86,0.116
9.34,0.199
17.16,0.132
15.11,0.379
17.23,0.246
15.56,0.629
19.35,0.086
13.79,0.461
14.62,0.225
17.13,0.286
8.27,0.14
14.94,0.136
16.11,1.074
28.34,0.505
12.96,0.18
9.09,0.182
12.65,0.094
13.71,0.328
15.92,0.095
2.79,0.109
12.68,0.075
32.45,0.232
26.89,0.599
66.94,0.11
13.71,0.399
35.88,0.449
14.33,0.168
21.05,0.263
20.66,0.124
15.61,0.127
15.11,0.329
7.87,1.977
16.11,0.42
12.65,0.186
20.91,0.349
0.0,0.0
8.88,0.254
18.74,0.081
9.34,0.156
14.1,0.367
26.61,1.337
12.79,0.673
17.67,0.361
18.37,0.472
59.39,0.153
17.95,0.18
51.19,0.135
17.99,0.3
16.71,0.06
13.59,0.046
57.98,0.094
12.13,0.135
38.15,0.225
7.78,0.324
17.63,0.107
14.51,0.24
8.97,0.28
11.73,0.326
8.89,0.09
23.23,0.179
25.69,0.435
19.2,0.349
14.37,0.131
21.61,0.135
20.1,0.155
11.85,0.624
12.83,0.128
10.07,0.031
0.03,0.0
3.33,0.167
35.91,0.144
15.1,0.366
18.53,0.071
8.88,0.467
15.76,0.109
19.32,0.407
0.0,0.0
11.73,0.202
42.35,0.605
12.79,0.465
17.12,0.291
9.41,0.111
27.35,0.182
21.16,0.119
13.25,0.019
15.1,0.687
8.27,0.166
12.69,0.769
2.45,0.021
62.86,0.524
7.78,0.556
13.24,0.115
19.44,0.031
25.8,0.344
23.29,0.229
19.04,1.278
34.57,0.315
7.78,0.556
13.01,0.26
17.6,0.353
13.62,0.189
53.48,0.255
18.99,0.139
26.95,0.216
15.1,0.616
13.67,0.095
31.75,0.222
22.23,0.089
0.0,0.0
17.27,0.173
15.31,0.192
17.93,0.449
23.49,0.181
25.38,0.518
14.1,0.543
44.05,0.232
21.43,0.612
16.32,0.204
15.2,0.234
20.77,0.173
15.23,0.509
20.33,0.169
8.72,0.151
8.82,0.768
34.11,0.232
65.18,0.136
13.14,0.056
14.54,0.132
15.1,1.013
12.62,0.144
15.3,0.195
18.23,0.424
21.33,0.178
52.47,0.202
22.06,0.45
15.1,0.799
12.79,0.428
15.23,0.847
17.16,0.132
17.66,0.168
17.99,0.3
16.96,0.089
19.81,0.243
19.7,0.056
16.16,0.057
14.1,0.544
14.1,0.588
12.79,0.458
15.1,0.539
18.34,0.28
16.6,0.522
18.23,0.701
7.39,0.37
12.49,0.088
17.63,0.678
21.71,0.265
45.02,0.57
16.95,0.17
17.63,0.536
15.23,0.508
14.52,1.467
28.57,0.168
7.42,0.093
32.61,0.326
14.52,1.321
17.67,0.321
8.29,0.141
16.46,0.165
16.15,0.288
18.23,0.096
13.42,0.015
15.4,0.188
15.53,0.139
17.67,0.361
24.75,0.089
8.39,0.093
14.58,0.247
27.56,0.232
25.74,0.2
13.49,0.047
14.55,0.27
13.72,0.137
15.23,0.637
13.37,0.268
15.1,0.755
9.25,0.071
14.3,0.072
9.0,0.036
11.85,0.365
22.61,0.175
7.39,0.541
14.52,1.453
4.21,0.053
7.39,0.465
14.52,0.416
12.79,0.673
16.79,0.764
18.23,0.365
13.99,0.237
13.37,0.268
26.78,0.268
15.51,0.31
12.16,0.111
14.1,0.644
41.33,0.828
20.86,0.243
20.43,0.584
9.69,0.044
15.61,0.127
19.53,0.244
57.99,0.61
15.1,0.604
37.3,0.623
18.49,0.386
15.5,0.146
18.58,0.186
21.43,0.429
17.41,0.125
12.96,0.371
19.32,0.483
105.96,0.151
15.1,0.629
11.39,0.072
15.03,0.295
17.6,0.353
19.38,0.196
16.92,0.249
16.71,0.073
15.1,0.89
23.57,0.393
18.09,0.151
13.48,0.205
75.05,0.25
15.31,0.512
27.13,0.228
12.87,0.1
7.39,0.279
25.63,1.465
16.46,0.235
20.84,0.697
33.91,0.429
8.72,0.397
14.67,0.058
20.52,0.14
12.65,0.169
23.51,2.615
12.23,0.088
16.46,0.165
12.15,0.055
21.19,0.212
8.11,0.4
16.35,0.303
14.84,0.195
29.32,0.223
8.88,0.055
13.2,0.063
56.77,0.631
16.54,0.331
41.43,0.074
37.17,0.338
76.05,0.448
11.85,0.242
12.13,0.135
20.91,0.349
17.67,0.295
21.09,0.245
82.12,0.559
14.52,0.608
19.6,0.333
7.44,0.298
17.95,0.18
19.6,0.218
29.92,0.138
16.33,0.182
19.15,0.03
15.84,0.176
39.78,0.399
20.4,0.785
15.43,0.195
16.89,0.678
16.05,0.357
42.73,0.429
8.98,0.276
13.67,0.49
11.15,0.485
16.67,0.243
42.79,0.165
15.1,0.378
25.79,0.023
19.03,0.144
8.72,0.178
15.1,0.629
16.42,0.238
21.15,0.769
7.78,0.236
16.42,0.173
14.1,0.882
18.23,0.608
10.96,0.613
15.38,0.171
9.56,0.029
15.11,0.458
19.04,0.957
7.65,0.139
19.34,0.368
9.45,0.053
16.15,0.294
25.78,0.358
18.23,0.629
11.53,0.089
11.36,0.031
18.23,5.209
30.47,0.17
18.55,0.286
9.27,0.779
9.46,0.189
13.08,0.396
18.27,0.734
23.47,0.124
16.11,0.336
17.76,0.197
13.92,0.108
8.89,0.445
3.02,0.269
11.73,0.608
18.72,0.131
17.25,0.157
16.64,0.132
21.15,1.463
8.72,0.153
7.55,0.126
7.56,0.076
27.3,0.094
16.76,0.24
14.68,0.175
22.57,0.226
17.81,0.237
49.05,0.249
12.75,0.216
11.15,0.203
61.98,0.351
8.29,0.244
3.25,0.047
14.52,0.695
18.35,0.117
15.23,0.544
27.59,0.145
18.33,0.282
7.56,0.176
53.41,0.461
11.98,0.171
19.53,0.163
38.9,0.433
13.0,0.161
16.69,0.125
25.61,0.233
7.78,0.391
11.89,0.216
1.33,0.067
22.85,0.788
16.79,0.827
13.44,0.224
22.93,0.717
41.26,0.142
18.44,0.38
14.52,0.363
39.6,0.12
9.34,0.134
13.55,0.085
32.13,0.205
16.49,0.028
27.38,0.228
14.17,0.237
1.24,0.026
13.13,0.053
10.96,0.731
9.26,0.185
14.52,0.455
13.28,0.169
12.79,0.32
26.12,0.218
24.84,0.961
15.37,0.173
7.39,0.528
65.03,0.296
18.02,0.164
41.02,0.279
83.07,0.119
17.6,0.18
3.55,0.103
23.29,0.119
8.27,0.407
2.56,0.366
22.1,0.096
193.84,0.255
20.77,0.14
14.39,0.197
60.29,0.242
24.98,0.278
23.58,0.38
43.13,0.138
16.32,0.974
11.85,0.395
13.15,0.155
19.1,0.134
20.56,0.367
19.27,0.136
15.95,0.094
8.72,0.168
16.79,0.336
101.85,0.159
8.88,0.493
19.61,0.327
27.17,0.302
25.63,0.827
9.34,0.173
15.27,0.039
15.1,0.606
16.38,0.184
23.27,0.295
16.7,0.257
20.94,0.381
19.59,0.344
16.52,0.153
12.69,0.344
11.95,0.184
8.11,0.208
7.78,0.622
13.37,0.297
16.11,0.459
45.13,0.301
16.79,0.373
15.34,0.529
7.78,0.195
18.63,1.34
60.54,0.106
16.46,0.165
10.39,0.074
7.78,0.537
21.89,0.182
18.35,0.061
18.92,0.158
14.1,0.641
12.76,0.071
12.79,0.388
13.2,0.15
15.03,0.215
15.45,0.155
18.23,1.508
14.1,0.283
16.1,0.329
14.59,0.284
15.23,0.311
7.39,0.462
16.81,0.112
28.75,0.685
11.34,0.252
8.72,0.581
15.13,0.276
16.42,0.117
15.1,1.678
12.05,0.154
51.98,0.306
8.55,0.153
16.88,0.106
14.15,0.132
8.49,0.065
46.22,0.183
16.21,0.25
85.97,0.478
7.78,0.13
11.8,0.139
12.35,0.101
18.23,0.965
14.61,0.119
21.35,0.396
14.7,0.106
8.27,0.505
17.8,0.14
16.28,0.217
25.22,0.537
20.03,0.132
18.0,0.088
22.27,0.16
19.32,1.289
19.46,0.278
9.34,0.359
15.1,0.583
127.88,0.183
13.77,0.087
19.0,0.119
4.2,0.25
15.69,0.185
16.25,0.232
74.75,0.258
14.43,0.391
18.51,0.319
17.75,0.247
22.93,0.546
19.02,0.144
52.48,1.735
11.92,0.199
15.1,0.759
79.01,0.088
21.44,0.145
17.54,0.195
15.83,0.03
64.26,0.536
31.1,0.173
26.46,0.22
25.05,0.251
11.85,0.853
16.95,0.17
53.18,0.448
21.62,0.044
7.87,0.143
37.16,1.062
16.72,0.223
21.22,0.193
0.63,0.002
15.1,0.759
39.64,0.18
15.1,0.839
77.77,0.105
17.51,0.093
15.87,0.144
13.55,0.452
19.18,0.103
13.89,0.31
8.72,0.153
8.52,0.079
11.39,0.105
15.1,1.385
34.82,0.238
15.38,0.171
12.69,0.276
13.82,0.396
19.05,0.693
54.6,0.064
19.89,0.199
22.2,0.185
27.78,0.185
17.06,0.857
10.04,0.055
9.2,0.078
14.98,0.085
18.23,1.079
9.05,0.043
18.35,0.232
16.11,0.539
16.79,0.581
22.22,0.532
55.28,0.379
8.07,0.137
15.2,0.234
17.96,0.12
15.1,0.651
25.81,0.187
26.97,0.281
9.66,0.033
19.28,0.195
15.1,0.456
18.72,0.156
12.25,0.082
16.11,0.42
15.18,0.253
7.78,0.409
8.29,0.237
14.16,0.464
12.57,0.332
16.79,0.343
16.7,1.113
17.03,0.142
13.59,0.167
15.1,0.315
31.94,0.152
15.27,0.039
8.11,0.271
21.1,0.243
10.96,0.422
28.01,0.017
15.28,0.204
15.51,0.263
14.1,0.442
15.12,0.112
27.23,0.21
15.1,0.915
20.11,0.161
16.79,0.856
13.43,0.228
17.06,0.348
22.28,0.446
18.97,0.122
23.07,0.458
22.4,0.228
22.93,0.07
15.66,0.241
17.01,0.207
18.33,0.17
12.99,0.14
114.39,1.08
16.11,0.62
15.1,0.699
23.25,0.211
18.73,0.134
19.35,0.109
15.11,0.421
12.48,0.312
14.34,0.076
17.8,0.225
15.1,1.385
74.17,5.302
52.55,0.877
18.23,0.383
20.99,0.162
16.11,0.377
133.88,0.237
37.69,0.341
15.63,0.292
14.52,0.416
7.78,0.159
16.25,0.232
7.39,0.139
15.1,0.432
16.12,0.231
21.15,0.663
8.62,0.132
15.1,1.013
7.6,0.158
14.35,0.319
20.93,0.084
23.6,0.364
11.9,0.119
25.74,0.2
43.34,0.314
22.27,0.117
9.5,0.075
16.32,0.363
14.42,0.152
8.11,0.325
20.13,0.069
16.43,0.471
14.52,0.323
15.92,0.136
15.38,0.171
19.8,0.248
12.32,0.077
16.05,0.119
16.01,0.089
22.7,0.094
16.11,0.384
57.8,0.263
8.72,0.324
13.89,0.079
14.85,0.135
16.33,0.093
18.24,0.356
7.39,0.435
11.95,0.15
25.73,0.258
7.58,0.165
25.3,0.384
20.99,0.421
24.05,0.115
27.8,0.155
17.94,0.122
19.62,0.079
17.16,0.132
15.1,0.889
16.99,0.215
15.73,0.131
14.12,0.109
20.84,0.348
34.92,0.117
9.03,0.075
15.76,0.109
15.36,0.054
17.06,0.903
12.9,0.117
21.18,0.193
12.69,0.326
23.19,0.346
15.74,0.128
15.1,0.344
14.1,0.313
12.16,0.13
13.28,0.133
46.92,0.69
19.32,0.483
48.0,0.287
22.62,0.138
16.11,0.404
18.16,0.14
12.79,0.261
19.41,0.274
15.1,0.387
31.97,0.183
15.98,0.542
19.24,0.099
14.52,0.416
15.1,0.539
58.1,0.285
29.52,0.422
34.15,1.797
12.11,0.093
18.65,0.093
12.75,0.143
16.11,0.404
18.23,1.139
13.29,0.109
47.61,0.307
18.23,0.959
14.1,0.288
11.85,0.359
21.61,0.023
12.7,0.25
10.0,0.132
5.93,0.25
44.84,0.301
15.87,0.353
27.43,0.142
17.25,0.383
7.78,0.156
15.1,0.659
46.64,0.279
18.51,0.139
13.42,0.236
17.78,1.798
18.46,0.107
39.56,0.44
18.23,0.406
24.32,0.122
26.91,0.432
21.15,0.846
15.4,0.165
11.31,0.031
19.33,0.097
16.14,0.299
8.72,0.655
7.78,0.585
9.75,0.142
49.61,0.198
36.36,0.244
25.63,0.642
12.13,0.135
16.29,0.074
8.29,0.521
33.52,0.189
14.1,0.643
20.33,0.407
13.47,0.375
10.96,0.378
38.66,0.332
9.75,0.049
16.01,0.089
16.46,0.165
14.17,0.237
15.79,1.053
15.1,1.525
16.53,0.15
16.99,0.215
7.48,0.242
17.92,0.467
74.71,0.534
23.52,0.175
11.9,0.209
13.21,0.12
8.72,0.153
10.96,0.44
8.09,0.062
17.92,0.459
28.9,0.275
9.72,0.168
45.09,0.501
8.91,0.111
27.48,0.137
29.66,0.148
13.64,0.185
7.39,0.465
14.52,0.291
22.06,0.553
7.72,0.119
15.1,0.755
23.5,0.224
18.23,0.397
24.93,0.396
8.71,0.112
16.25,0.232
17.7,0.278
10.96,0.422
11.85,0.595
12.69,0.508
23.78,0.17
22.73,0.162
19.81,0.107
15.1,0.378
15.11,0.399
8.78,0.099
24.21,0.122
40.31,0.288
7.43,0.303
44.22,0.155
8.11,0.27
12.72,0.15
12.48,0.181
43.99,0.102
30.08,0.201
15.11,1.163
17.03,0.142
28.93,0.376
16.11,0.323
60.41,0.101
21.71,0.265
22.84,0.467
16.39,0.182
18.62,0.124
18.52,0.309
17.13,0.173
7.39,0.297
28.19,0.113
17.95,0.18
12.91,0.369
19.73,0.282
13.2,0.167
38.51,0.03
16.27,0.223
18.23,0.533
28.56,0.124
17.88,0.199
11.89,0.109
9.27,0.465
7.51,0.251
22.95,0.157
38.81,0.281
142.31,0.285
20.08,0.805
15.76,0.109
14.43,0.483
8.29,0.237
108.96,0.112
14.52,0.31
44.76,0.327
23.32,0.359
7.39,0.297
13.72,0.137
25.81,0.187
14.79,0.062
9.94,0.24
19.76,0.264
9.31,0.117
30.53,0.85
17.35,0.29
17.73,0.257
14.99,0.094
7.78,0.778
23.81,0.177
8.88,0.444
16.92,0.246
20.09,0.119
57.28,0.382
18.56,0.206
16.63,0.062
15.21,0.102
8.88,0.342
119.99,0.4
8.3,0.109
18.31,0.611
16.13,0.058
17.67,0.295
9.51,0.329
14.52,0.922
27.08,1.129
18.0,0.101
25.0,0.208
18.28,0.703
17.39,0.178
16.21,0.02
7.39,0.621
15.23,0.401
27.91,0.143
13.92,0.285
17.8,0.225
15.1,0.521
34.33,0.452
18.63,0.402
18.3,0.122
10.0,0.059
17.67,0.295
16.81,0.314
33.38,0.281
15.45,0.309
13.45,0.093
14.17,0.236
16.21,0.249
16.86,0.281
5.9,0.211
15.63,0.054
19.59,0.22
8.9,0.178
37.96,0.643
15.51,0.062
18.29,0.68
17.06,0.611
27.75,0.414
23.51,0.104
15.27,0.623
35.8,0.521
15.1,0.388
17.66,0.299
19.04,0.389
8.72,0.257
18.65,0.316
13.67,0.124
21.68,0.172
34.49,0.383
7.78,0.311
13.47,0.711
17.73,0.257
17.04,0.134
8.41,0.24
15.1,0.36
24.83,0.086
19.32,0.387
12.99,0.167
17.94,0.181
22.26,0.467
14.1,0.834
21.14,0.148
16.25,0.233
18.23,0.985
35.76,0.128
10.96,0.367
14.52,0.132
19.58,0.356
20.2,0.14
19.49,0.115
12.99,0.14
8.96,0.3
7.73,0.351
18.27,0.228
7.43,0.303
18.82,0.141
18.5,0.046
14.47,0.268
15.1,0.303
8.72,0.349
13.6,0.362
34.15,1.367
17.1,0.181
17.74,0.254
17.87,0.201
20.4,0.785
17.94,0.181
18.52,0.13
19.7,0.056
67.21,0.04
8.29,0.276
17.06,0.428
12.48,0.25
34.53,0.332
20.0,0.102
38.8,0.51
23.24,0.37
21.13,0.141
7.58,0.168
36.69,0.082
11.87,0.225
86.66,0.217
40.56,0.058
15.26,0.21
27.58,0.306
18.65,0.239
10.96,0.322
8.72,0.224
16.6,0.416
15.77,0.108
14.1,1.893
16.11,0.437
13.2,0.132
14.16,0.244
7.15,0.041
39.53,0.22
11.75,0.151
36.95,0.082
18.15,0.141
7.39,0.256
12.82,0.186
18.23,0.894
15.1,0.604
18.72,0.089
12.23,0.116
44.64,0.372
15.1,0.398
16.46,0.165
18.27,0.185
17.39,0.218
38.68,0.789
24.25,0.097
18.85,0.126
17.05,0.074
23.24,0.058
10.66,0.355
9.66,0.074
17.13,0.173
0.06,0.001
36.58,0.62
8.11,0.4
14.31,0.191
16.11,0.644
19.03,0.115
51.85,0.115
25.61,0.184
13.93,0.107
17.19,0.352
23.85,0.159
23.36,0.292
16.25,0.232
8.41,0.168
15.84,0.176
18.21,0.052
18.83,0.941
7.78,0.195
7.39,0.148
64.02,0.268
22.06,1.472
16.9,0.057
15.74,0.111
16.18,0.27
6.1,0.421
22.06,0.442
7.31,0.294
9.44,0.22
7.78,0.57
19.55,0.06
17.6,0.504
22.36,0.055
7.78,0.268
12.13,0.135
15.11,0.505
14.71,0.107
44.68,0.358
19.13,0.113
23.47,0.245
13.45,0.093
7.78,1.288
27.46,0.21
15.82,0.288
19.04,1.657
15.1,0.605
38.88,0.041
14.04,0.094
34.11,0.684
36.85,0.335
8.9,0.414
37.9,0.881
15.24,0.766
18.29,0.064
19.46,0.499
9.51,0.032
15.1,0.355
17.06,0.857
24.26,0.061
57.54,0.057
33.84,0.339
8.62,0.133
18.23,0.916
9.27,0.622
12.57,0.045
12.64,0.508
33.99,0.154
17.84,0.259
12.43,0.178
34.15,1.071
16.11,0.329
13.73,0.043
11.85,0.84
21.18,0.493
21.44,0.158
11.85,0.396
15.79,0.79
20.23,0.029
21.78,0.218
19.7,0.188
15.56,0.312
37.6,0.384
18.24,0.037
15.38,0.57
13.62,0.341
14.2,0.222
24.84,0.887
21.49,0.179
15.1,0.583
11.85,0.584
7.78,0.6
19.47,0.483
18.32,0.12
11.85,0.242
27.52,0.197
39.35,0.104
16.32,0.431
14.1,0.746
15.1,0.351
18.58,0.113
22.46,0.02
4.86,0.065
38.2,0.671
14.43,0.123
28.71,0.082
16.71,0.116
20.71,1.088
18.16,0.14
0.0,0.0
26.42,0.045
13.67,0.085
13.37,0.586
15.28,0.201
18.27,0.332
8.72,0.153
23.71,0.119
15.94,0.094
14.15,0.248
14.79,0.099
18.61,0.178
12.76,0.071
14.1,1.128
17.2,0.172
8.35,0.309
16.05,0.803
17.22,0.154
42.52,0.608
36.35,0.246
38.93,0.65
12.28,0.105
13.9,0.067
17.09,0.142
23.64,0.197
8.72,0.436
16.11,0.462
23.65,0.071
21.19,0.212
24.84,0.498
14.1,1.151
7.39,0.211
14.1,0.644
8.1,0.067
4.72,0.04
12.88,0.143
20.4,0.51
17.91,0.199
15.44,0.156
18.0,0.168
7.87,0.198
7.78,0.169
16.13,0.136
14.72,0.055
14.52,0.486
16.28,0.175
18.29,0.313
15.17,0.253
22.07,0.433
46.0,0.317
9.9,0.058
13.92,0.284
8.88,0.131
28.71,0.082
9.34,0.16
12.79,0.443
7.39,0.822
18.08,0.092
15.24,0.218
8.28,0.083
17.31,0.214
39.69,0.368
9.44,0.139
15.11,0.329
13.33,0.139
14.1,0.784
16.27,0.045
12.68,0.091
83.27,0.309
14.1,0.763
23.02,0.219
17.92,0.486
7.47,0.249
23.74,0.19
17.28,0.144
56.08,0.033
29.89,0.243
17.93,0.249
14.52,0.764
17.78,1.371
8.88,0.161
10.29,0.034
9.6,0.086
31.85,0.051
9.06,0.204
19.02,0.054
29.04,0.074
171.5,0.344
15.62,0.209
15.1,0.459
26.87,0.15
16.71,0.254
37.12,1.238
19.41,2.043
12.48,0.379
19.25,0.133
69.01,0.363
15.91,0.159
19.61,0.327
7.42,0.093
22.56,0.565
25.03,0.072
9.22,0.046
7.78,0.391
14.1,0.353
31.42,0.787
15.23,0.381
35.46,0.192
13.37,0.284
7.74,0.347
27.75,0.414
34.15,1.553
8.43,0.089
13.61,0.16
11.85,0.745
37.89,0.271
11.85,0.541
19.62,0.21
18.16,0.14
54.48,0.096
42.09,0.094
16.76,0.168
45.42,0.032
16.74,0.12
115.74,0.152
32.6,0.117
32.1,0.292
16.27,0.073
12.79,0.512
22.14,0.74
58.54,0.547
11.85,0.595
16.32,0.165
7.39,0.496
13.0,0.104
29.81,0.497
18.58,0.036
16.24,0.235
10.15,0.127
13.5,0.196
7.55,0.398
15.24,0.218
11.85,2.633
12.76,0.142
7.39,0.211
16.25,0.232
7.39,0.134
8.72,0.184
18.79,0.085
11.19,0.135
40.82,0.112
23.71,0.182
17.01,0.007
8.75,0.151
12.96,0.138
31.93,0.19
20.1,0.115
17.84,0.089
17.67,0.295
17.71,0.06
16.96,0.226
15.76,0.427
33.85,0.076
13.44,0.224
15.1,0.351
50.85,0.363
12.79,0.267
14.86,0.15
15.28,0.201
16.11,0.546
27.34,0.185
19.07,0.137
16.82,0.312
12.78,0.025
15.31,0.191
14.41,0.073
7.78,0.156
12.48,0.838
23.39,0.276
18.74,0.152
18.31,0.612
24.06,0.185
18.42,0.167
8.94,0.052
17.92,0.465
15.59,0.13
28.09,0.035
16.79,1.599
22.85,0.655
16.88,0.106
24.48,0.614
15.62,0.209
20.17,0.127
12.69,0.385
12.79,0.269
36.65,0.092
15.83,0.211
22.94,0.717
18.55,0.103
19.98,0.286
24.9,0.422
64.88,0.361
8.03,0.073
27.25,0.205
7.6,0.155
14.1,0.564
45.11,0.282
16.95,0.17
14.52,0.415
19.95,0.091
18.34,0.08
19.49,0.061
13.56,0.23
17.8,0.225
29.57,0.188
17.74,0.254
15.28,0.204
17.62,0.157
26.12,0.189
16.11,0.81
7.78,0.786
17.6,0.375
14.1,2.35
15.1,0.303
10.42,0.044
13.44,0.224
30.01,0.24
15.72,0.214
18.08,0.094
39.83,0.306
15.1,0.387
37.99,0.384
13.72,0.137
20.51,0.093
8.72,0.224
18.38,0.461
18.33,0.039
8.88,0.228
14.1,0.47
17.6,0.353
15.23,0.851
13.47,0.677
14.54,0.132
16.14,0.294
8.26,0.041
13.43,0.122
19.61,0.131
27.22,0.08
14.1,0.288
17.6,0.353
9.26,0.186
66.17,0.301
15.99,0.067
14.11,0.47
20.1,0.115
16.95,0.17
15.33,0.466
42.69,0.475
25.93,0.278
14.27,0.25
14.08,0.419
19.04,1.269
13.6,0.2
4.05,0.075
27.13,0.228
10.01,0.039
47.67,0.433
15.1,1.198
15.1,1.512
43.44,0.296
17.44,0.097
24.77,0.078
18.87,0.172
23.55,0.169
24.99,0.203
40.1,0.23
21.18,0.076
15.76,0.032
13.38,0.131
45.66,0.326
7.78,0.259
12.25,0.114
15.1,0.629
18.44,0.231
19.53,0.244
23.35,0.212
11.85,0.396
7.87,0.133
13.44,0.274
13.63,0.18
19.93,0.201
15.1,0.339
9.44,0.189
28.76,0.576
18.44,0.384
18.23,0.365
17.78,0.859
18.45,0.148
14.52,0.415
7.55,0.168
61.44,0.614
13.27,0.095
8.4,0.241
46.79,0.248
13.76,0.24
13.71,0.298
26.46,0.22
12.94,0.464
18.0,0.113
15.36,0.177
32.46,0.342
15.37,0.173
13.47,0.677
35.83,0.491
12.56,0.028
82.31,0.165
18.15,0.367
66.42,0.289
15.26,0.283
31.02,1.034
15.42,0.343
11.85,0.242
19.84,0.044
23.05,0.144
11.15,0.194
22.77,0.253
15.56,0.239
16.38,0.184
13.44,0.224
14.1,0.613
23.21,0.258
15.48,0.282
12.8,0.643
19.68,0.281
26.54,0.148
14.32,0.053
16.11,0.505
23.94,0.176
57.49,0.082
20.43,0.098
14.1,0.688
21.19,0.212
15.38,0.171
47.85,0.148
22.97,0.418
15.31,0.192
8.3,0.417
15.12,0.286
15.1,0.521
14.16,0.241
12.71,0.042
23.21,0.258
21.21,0.265
12.69,0.385
14.9,0.079
14.52,0.29
14.52,0.291
17.63,1.208
37.77,0.108
21.14,0.226
14.14,0.177
14.22,0.116
18.23,0.608
10.96,0.459
12.79,0.883
7.81,0.098
27.75,0.414
21.91,0.184
15.1,0.378
103.25,0.645
16.79,1.127
16.83,1.87
15.1,0.616
30.49,0.804
7.78,0.142
11.85,0.396
14.1,0.746
17.84,0.089
28.62,0.12
13.38,0.13
7.87,0.271
0.0,0.0
16.05,1.071
67.38,0.552
15.3,0.194
19.21,0.101
45.72,0.254
18.05,0.203
23.78,0.17
13.78,0.23
37.3,0.039
15.1,0.308
8.75,0.109
12.76,0.142
14.06,0.205
13.24,0.103
13.57,0.172
9.41,0.111
12.79,0.315
16.56,0.195
20.94,0.598
19.68,0.282
13.23,0.529
14.1,0.472
7.81,0.1
12.82,0.068
25.19,0.525
14.1,0.592
7.39,0.148
14.58,0.102
26.99,0.676
43.75,0.146
15.69,0.204
18.89,0.131
17.34,0.294
10.96,0.58
15.23,0.765
16.12,0.269
8.27,0.207
12.86,0.123
17.6,0.353
12.79,1.044
14.1,0.766
21.58,0.3
16.07,0.298
8.72,0.126
20.99,0.421
15.1,0.421
12.62,0.079
13.67,0.124
24.15,0.069
12.69,0.424
9.34,0.243
17.76,0.245
8.11,0.4
15.84,0.066
14.23,0.206
23.8,0.132
14.52,0.132
15.82,0.053
7.39,0.206
12.69,0.283
21.3,0.185
18.02,0.164
17.19,0.119
13.65,0.152
17.51,0.154
15.23,1.28
14.1,0.404
16.16,0.284
12.0,0.005
9.09,0.338
31.97,0.183
11.72,0.117
18.05,0.157
18.16,0.14
34.15,0.925
17.61,0.116
10.02,0.117
15.31,0.219
27.65,0.277
7.78,0.195
0.0,0.0
18.28,0.322
13.37,0.064
17.03,0.2
15.8,0.105
18.99,0.112
17.16,0.086
14.0,0.27
19.43,0.295
19.16,0.286
14.13,0.257
26.96,0.285
19.13,0.13
32.0,0.334
9.02,0.184
71.02,0.215
9.34,0.187
11.15,0.223
14.11,1.428
24.01,0.301
14.56,0.147
13.82,0.138
23.92,0.16
19.9,0.197
16.79,1.049
18.55,0.195
18.19,0.135
17.12,0.104
24.84,0.655
12.89,0.163
23.32,0.22
12.69,0.26
14.13,0.236
19.36,0.114
9.1,0.182
17.67,0.295
18.23,1.177
15.21,0.118
12.9,0.065
18.23,0.608
44.87,0.047
11.15,0.279
34.87,0.232
12.79,1.078
18.97,0.083
17.24,0.115
8.72,0.918
22.86,0.695
15.1,0.329
23.35,0.212
16.33,0.163
34.48,0.353
65.5,0.333
7.39,0.541
65.03,0.296
29.31,0.226
35.46,0.169
15.62,0.071
33.43,0.239
17.6,0.353
12.79,0.428
51.9,0.162
13.08,0.187
15.1,0.689
34.78,0.249
11.99,0.172
7.52,0.137
14.22,0.114
83.64,0.032
21.47,0.153
18.23,0.807
12.83,0.229
26.88,0.336
22.77,0.19
15.41,0.097
25.63,0.855
12.8,0.196
17.99,0.3
15.1,0.308
17.08,0.091
21.52,0.146
17.63,0.735
14.35,0.161
16.05,0.322
27.57,0.071
14.52,0.501
171.32,2.018
26.01,0.058
8.72,0.581
27.04,0.258
15.93,0.134
15.98,0.348
14.52,0.323
13.75,0.246
34.71,0.267
18.23,0.935
32.36,0.054
22.0,0.133
11.85,0.484
16.6,0.474
69.64,0.639
17.06,0.342
19.39,0.323
14.35,0.048
13.52,0.386
45.09,0.501
12.89,0.065
16.01,0.089
18.23,5.209
15.24,0.766
19.39,0.255
17.93,0.685
15.53,0.141
7.71,0.598
11.73,0.734
18.87,0.065
7.43,0.316
16.15,0.081
22.98,0.878
16.63,0.133
16.35,0.195
25.38,0.878
7.67,0.13
9.47,0.194
76.16,0.635
12.75,0.085
15.01,0.084
35.57,0.445
15.2,0.434
16.15,0.294
17.8,0.225
26.22,0.054
30.08,0.038
21.28,0.18
0.0,0.0
14.52,1.119
19.78,0.22
29.54,0.476
17.8,0.225
7.87,0.611
7.39,0.107
11.85,0.296
21.94,0.04
7.78,0.141
8.95,0.105
7.71,0.387
14.27,0.26
12.89,0.065
12.97,0.144
14.1,0.313
156.05,0.095
22.91,0.389
8.88,0.278
8.7,0.174
11.85,0.237
13.09,0.172
15.11,0.433
12.72,0.042
17.06,0.147
13.47,0.338
28.2,0.235
13.49,0.202
11.37,0.219
12.77,0.051
29.61,0.174
16.63,0.133
7.39,0.462
18.0,0.171
7.89,6.575
78.78,0.911
32.9,0.506
14.32,0.071
11.73,0.196
20.16,0.153
24.06,0.142
47.69,0.341
18.73,0.156
14.1,0.403
7.87,0.109
45.75,0.247
23.35,0.212
7.78,0.389
15.23,0.544
13.91,0.178
13.25,0.053
14.52,0.415
43.35,0.394
17.37,0.193
14.1,0.353
7.87,0.263
7.71,1.101
18.95,0.169
11.73,0.17
13.43,0.597
27.36,0.185
27.22,0.213
8.72,0.236
15.95,0.094
14.52,0.486
17.6,0.501
13.45,0.085
10.61,0.817
8.72,0.224
13.0,0.163
11.79,0.107
18.23,1.257
10.96,0.407
21.39,0.166
13.04,0.238
18.23,0.434
9.34,0.283
12.43,0.178
15.95,0.093
7.78,0.557
8.27,0.134
9.34,0.217
11.3,0.117
22.23,0.089
19.5,0.232
14.64,0.299
27.19,0.214
21.35,0.396
7.95,0.08
15.14,0.271
23.56,0.216
16.22,0.085
14.1,1.283
15.1,0.317
13.04,0.153
19.53,0.244
46.91,0.171
7.78,0.109
12.85,0.176
10.96,0.244
19.04,1.476
7.78,0.391
12.63,0.099
20.49,0.11
52.48,1.171
18.25,0.051
26.89,1.08
10.96,0.953
16.12,0.31
7.71,0.514
13.71,0.457
22.06,0.763
48.87,0.238
15.39,0.171
14.21,0.215
18.23,0.732
8.86,0.039
10.96,0.407
18.89,0.131
34.76,0.13
121.22,0.814
129.75,0.375
84.51,0.173
11.99,0.171
16.33,0.176
23.33,0.307
14.19,0.065
13.37,0.328
15.45,0.31
15.1,0.759
27.24,0.248
8.93,0.112
17.74,0.254
14.1,0.564
19.65,0.298
8.88,0.161
34.53,0.332
35.91,0.423
18.51,0.139
19.84,0.107
18.41,0.245
18.23,1.275
15.36,0.422
13.81,0.066
34.15,1.552
17.35,0.038
15.1,0.378
15.34,0.183
30.51,0.051
101.19,0.166
25.84,0.048
25.61,0.142
15.1,1.209
15.1,0.606
17.01,0.006
15.76,0.11
13.44,0.224
16.5,0.082
14.63,0.116
16.18,0.046
13.08,0.184
8.72,0.175
21.59,0.041
14.18,0.238
27.26,0.361
28.29,0.09
9.34,0.553
17.97,0.09
15.17,0.253
7.71,0.324
22.45,0.098
27.06,0.387
23.52,0.176
41.08,0.415
14.13,0.24
13.37,0.267
13.08,0.374
16.34,0.044
36.03,0.353
9.82,0.055
13.25,0.156
9.94,0.166
12.87,0.429
17.06,0.191
8.77,0.075
25.63,0.855
8.64,0.173
16.35,0.193
14.64,0.977
37.61,0.15
11.83,0.132
13.43,0.228
10.04,0.112
22.93,1.043
15.17,0.253
40.37,0.271
16.61,0.319
14.52,0.486
34.15,1.139
10.09,0.16
17.92,0.468
17.8,0.099
16.11,0.413
7.78,0.203
19.6,0.104
15.11,0.393
8.4,0.21
14.58,1.149
15.18,0.253
47.47,0.601
25.63,0.515
9.34,0.467
19.07,0.149
19.95,0.955
7.88,0.089
12.06,0.152
16.11,0.556
21.46,0.154
9.79,0.07
19.39,0.323
16.35,0.192
16.11,0.866
16.6,0.416
9.74,0.13
17.34,0.409
19.14,0.16
64.34,0.402
7.39,0.296
17.48,0.045
13.29,0.089
9.09,0.182
13.15,0.189
13.52,0.386
18.59,0.266
10.32,0.061
15.1,0.504
17.63,0.327
21.1,0.243
11.9,0.207
8.39,0.256
15.38,0.171
37.66,0.189
19.32,0.646
15.1,0.336
9.34,0.467
15.1,0.366
7.71,0.162
16.34,0.16
42.91,0.477
13.38,0.243
13.08,0.291
9.69,0.097
15.68,0.041
27.1,0.339
16.07,0.179
31.35,0.418
11.74,0.152
13.92,0.093
16.35,0.303
20.03,0.167
38.29,0.383
37.03,0.543
16.15,0.108
25.09,0.239
22.86,0.352
9.27,1.717
12.14,0.081
19.76,0.073
13.25,0.115
7.78,0.111
20.59,0.103
18.73,0.208
15.33,0.466
26.5,0.095
9.44,0.105
12.18,0.087
8.27,0.166
25.78,0.187
13.15,0.113
12.83,0.129
31.45,0.186
24.06,0.253
88.33,0.355
16.68,0.239
21.65,0.11
18.23,0.986
35.03,0.2
7.39,0.411
7.39,0.528
14.1,0.47
13.47,0.081
67.5,0.486
26.17,0.138
25.63,2.373
21.46,0.154
27.23,0.278
22.88,1.025
8.86,0.093
16.81,0.112
13.4,0.249
15.7,0.183
16.96,0.226
12.07,0.115
14.1,0.47
25.68,0.027
10.32,0.543
25.63,0.716
7.43,0.31
16.95,0.17
16.25,0.232
34.43,0.383
18.71,0.159
11.62,0.157
12.01,0.135
14.99,0.117
38.31,0.192
11.9,0.104
7.78,0.268
24.53,0.124
18.39,0.159
18.3,0.122
37.96,0.21
18.2,0.202
15.17,0.253
16.12,0.111
16.54,0.087
14.11,0.403
10.12,0.101
14.15,0.248
15.47,0.182
19.32,0.215
16.79,0.844
18.91,0.198
24.36,0.229
22.09,0.403
16.02,0.089
15.79,0.159
12.93,0.259
30.79,2.677
27.08,0.244
8.13,0.065
103.25,0.645
15.04,0.073
15.16,0.257
17.95,0.18
41.33,0.828
26.73,0.169
8.72,0.291
44.91,0.282
12.56,0.057
8.72,0.249
32.13,0.083
7.46,0.267
7.39,0.746
18.23,0.965
38.51,0.022
4.33,0.045
15.1,0.431
20.99,0.421
7.78,0.22
11.74,0.235
71.22,0.162
14.25,0.199
16.83,0.224
42.25,0.163
26.96,0.449
7.78,0.156
38.33,0.466
70.76,0.643
15.26,0.278
21.19,0.212
28.78,0.534
15.6,0.13
23.27,0.298
18.89,0.484
15.1,0.629
9.34,0.268
17.43,0.178
14.7,0.267
16.04,0.087
18.23,0.653
15.1,0.606
18.11,0.411
11.85,0.395
8.72,0.146
15.45,0.156
11.94,0.336
23.03,0.072
16.61,0.189
16.79,0.401
18.0,0.753
26.78,0.137
22.94,0.441
12.6,0.127
21.15,1.058
19.46,0.507
22.95,0.255
25.12,0.069
15.1,1.172
3.76,0.061
34.39,0.405
12.78,0.204
12.55,0.084
12.79,0.305
19.8,0.248
23.05,0.222
18.72,0.156
14.1,0.505
23.0,0.23
38.47,0.642
20.8,1.095
22.19,0.322
8.88,0.169
31.0,0.274
70.26,0.357
27.66,0.121
16.27,0.082
18.23,0.13
17.06,0.552
9.66,0.242
16.65,0.067
11.85,0.395
12.71,0.154
23.22,0.464
72.83,0.521
18.59,0.266
17.06,0.91
16.28,0.217
14.06,0.094
15.64,0.092
12.4,0.063
27.25,0.699
11.42,0.201
9.34,0.158
8.72,0.35
14.52,0.608
15.1,0.549
15.37,0.177
18.0,0.138
24.01,0.301
15.28,0.028
15.14,0.076
17.67,0.295
28.75,0.576
13.93,0.107
15.1,0.308
13.08,0.443
34.97,0.872
11.45,0.019
22.13,0.793
18.23,0.631
28.15,0.095
18.05,0.157
11.97,0.109
11.85,0.627
18.65,0.239
8.89,0.089
12.11,0.093
11.62,0.135
18.23,0.45
18.23,0.898
12.94,0.324
17.42,0.125
23.7,0.169
14.41,0.149
16.33,0.314
7.6,0.155
15.1,0.893
23.22,0.387
14.1,0.326
14.57,0.106
16.27,0.138
15.11,0.352
15.67,0.148
7.46,0.253
36.78,0.526
8.98,0.101
11.85,0.33
17.67,0.295
15.77,0.166
34.99,0.393
17.67,0.295
15.32,0.192
19.19,0.124
27.5,0.163
16.32,0.204
60.03,1.0
16.62,0.311
1.2,0.024
20.22,0.145
15.23,0.305
34.2,0.285
65.57,0.095
13.52,0.386
18.12,0.145
10.96,0.524
22.3,0.426
7.87,0.133
18.44,0.23
12.1,0.11
35.37,0.157
18.09,0.151
18.27,0.761
7.94,0.144
27.79,0.232
7.44,0.298
15.48,0.282
14.43,0.402
7.39,0.164
11.15,0.228
21.14,0.135
13.01,0.261
23.26,0.24
39.56,0.44
20.51,0.093
7.78,0.254
34.83,0.29
15.1,0.398
14.79,0.099
26.22,0.336
14.1,0.834
9.35,0.031
17.92,0.418
28.75,0.112
68.72,0.132
20.56,0.109
12.94,0.112
19.25,0.275
18.0,0.153
18.3,0.306
8.72,0.582
18.22,0.131
17.83,0.215
7.39,1.071
17.67,0.295
18.28,0.706
24.84,1.833
15.26,0.209
17.96,0.12
23.0,0.153
23.4,0.272
7.39,0.123
7.6,0.155
20.86,0.316
15.1,0.756
13.95,0.263
46.07,0.256
12.93,0.152
13.62,0.189
50.85,2.555
15.16,0.257
11.15,0.196
14.11,0.284
12.79,0.428
9.41,0.111
15.1,0.522
17.86,0.078
18.75,0.188
49.85,0.263
8.88,0.127
16.54,0.152
18.33,0.282
20.44,0.114
17.73,0.256
17.31,0.304
18.23,1.672
19.86,0.209
17.25,0.123
23.35,0.212
49.2,0.497
12.17,0.055
27.75,0.414
44.02,0.191
19.49,0.454
47.93,0.8
26.88,0.302
7.64,0.139
16.37,0.071
21.15,0.817
14.1,1.008
19.95,0.143
7.87,0.237
8.72,0.301
15.31,0.511
25.04,0.358
12.48,0.25
18.43,0.234
14.27,0.114
16.6,0.332
13.18,0.088
15.38,0.172
15.17,0.253
16.15,0.081
27.08,0.352
12.89,0.198
17.79,0.127
7.78,0.159
23.36,0.292
12.48,0.756
27.03,0.387
17.43,0.178
38.82,0.277
34.92,0.218
44.17,0.134
15.26,0.278
18.31,0.611
17.92,0.382
15.24,0.218
7.78,0.159
14.13,0.257
10.96,0.367
15.1,0.308
9.15,0.038
18.45,0.246
9.34,0.192
15.13,0.276
18.07,0.055
16.7,0.125
16.11,0.322
28.82,0.481
9.62,0.138
27.29,0.342
19.41,0.108
13.14,0.091
18.0,0.04
64.75,0.36
15.87,0.144
16.11,0.323
16.07,0.298
21.98,0.227
30.11,0.194
20.67,0.44
20.0,0.051
19.04,0.423
26.55,0.746
15.13,0.276
15.84,0.208
15.1,2.745
0.0,0.0
13.14,0.063
20.61,0.129
50.84,0.462
15.42,0.342
7.47,0.25
25.64,0.023
10.96,0.313
11.51,0.165
23.59,0.157
15.08,0.137
7.78,0.46
22.31,0.406
9.59,0.048
18.73,0.268
39.48,0.5
28.82,0.481
14.33,0.085
10.96,0.845
16.98,0.221
25.02,0.128
35.83,0.491
12.7,0.249
15.18,0.122
15.17,0.253
15.1,0.303
29.01,0.332
14.1,0.283
7.39,0.465
11.22,0.401
18.3,0.122
11.85,0.242
14.1,0.353
7.78,0.147
11.74,0.25
8.72,0.368
8.35,0.097
7.41,0.337
15.1,0.504
17.06,1.168
7.39,0.308
14.7,0.267
12.48,0.659
50.63,0.309
12.43,0.731
49.71,0.502
8.38,0.27
58.04,0.321
18.35,0.524
3.33,0.167
7.65,0.137
9.16,0.046
14.61,0.119
20.42,0.116
16.95,0.424
13.04,0.165
17.88,0.199
15.56,0.479
30.15,1.206
25.63,0.716
11.15,0.174
21.71,0.241
19.47,0.487
11.85,0.242
8.72,0.134
62.09,0.322
16.5,0.552
49.3,0.05
15.17,0.253
17.19,0.344
20.05,0.198
7.39,0.308
128.44,1.019
22.73,0.126
8.72,0.153
19.28,0.096
12.84,0.067
37.54,0.31
21.19,0.212
24.64,0.21
16.22,0.248
26.75,0.546
18.65,0.169
19.59,0.028
16.85,0.286
14.13,0.084
39.59,0.028
15.25,0.04
26.46,0.158
20.8,0.533
14.36,0.169
17.03,0.2
12.29,0.051
17.94,0.181
15.24,0.767
7.39,0.166
17.13,0.286
3.28,0.084
0.0,0.0
14.62,0.222
9.69,0.072
8.88,0.163
16.93,0.245
16.24,0.187
16.0,0.1
17.78,0.396
15.98,0.542
13.12,0.199
30.78,0.124
17.86,0.06
23.92,0.16
8.75,0.109
25.69,0.08
18.33,0.17
23.5,0.235
19.32,0.495
17.85,0.123
56.31,0.383
11.86,0.258
14.52,0.372
14.63,0.223
16.67,0.112
11.85,0.604
22.3,0.104
12.79,0.298
56.85,0.1
15.73,0.211
7.39,0.148
13.41,0.034
14.11,0.616
8.72,0.291
7.87,0.543
13.63,0.326
17.31,0.315
38.81,0.281
15.1,0.893
15.23,0.318
14.13,0.058
40.82,0.343
11.85,0.395
15.38,0.173
8.76,0.102
25.63,1.878
18.75,0.188
34.15,1.139
16.95,0.344
12.0,0.06
9.09,0.365
23.6,0.087
18.57,0.188
15.28,0.096
12.75,0.143
14.1,0.486
67.5,0.486
44.04,1.129
15.26,0.278
26.82,0.091
15.1,0.634
21.12,0.235
7.43,0.31
59.25,0.593
21.15,0.432
16.79,0.56
26.27,0.128
8.76,0.146
15.52,0.141
17.48,0.159
9.94,0.136
16.79,0.685
25.68,0.451
32.05,0.16
15.56,0.347
14.48,0.193
18.23,0.651
14.44,0.481
17.99,0.3
8.97,0.28
25.4,0.318
12.97,0.136
17.62,0.104
19.74,0.166
14.06,0.094
12.27,0.112
15.1,0.408
4.5,0.15
15.65,0.142
10.47,0.032
16.96,0.171
39.97,0.286
18.01,0.08
14.13,0.24
25.56,0.018
27.91,0.133
16.79,1.866
29.63,0.429
9.27,0.294
27.8,0.464
14.3,0.181
12.69,0.282
19.28,0.096
10.72,0.599
11.85,0.476
20.89,0.104
16.46,0.429
15.1,0.378
9.34,0.312
206.5,1.215
15.59,0.13
11.23,0.102
15.39,0.171
16.24,0.1
16.82,0.099
44.4,0.133
15.57,0.121
7.46,0.257
18.3,0.654
18.0,0.09
11.39,0.104
15.1,0.581
6.45,0.108
10.2,0.072
26.97,0.281
15.01,0.083
12.68,0.075
18.2,0.135
26.85,0.34
14.22,0.116
14.52,0.372
15.72,0.113
16.95,0.567
7.81,0.1
32.65,0.218
32.11,0.287
8.95,0.224
25.54,0.035
18.23,0.965
11.21,0.415
18.37,0.115
25.63,0.675
64.3,0.51
11.85,0.26
74.69,0.628
16.6,0.395
25.85,0.129
8.26,0.069
7.71,0.139
7.64,0.064
45.25,0.251
94.52,0.54
16.94,0.101
19.25,0.244
34.77,0.241
37.26,0.075
15.11,0.542
15.1,0.329
52.64,0.725
68.13,0.12
17.0,0.096
21.28,0.188
22.27,0.109
17.66,0.354
14.28,0.19
18.91,0.326
0.01,0.0
8.88,0.269
16.11,0.351
19.66,0.328
63.17,0.163
25.77,0.107
15.1,1.552
15.92,0.157
17.88,0.199
16.28,0.081
8.72,0.218
17.96,0.101
38.53,0.389
36.18,0.241
22.75,0.154
18.93,0.126
7.45,0.274
13.63,0.189
17.32,0.115
8.88,0.223
13.75,0.132
12.48,0.482
15.11,0.945
7.78,0.3
123.74,0.144
48.68,0.061
8.3,0.056
15.47,0.221
16.46,0.165
18.33,0.122
12.43,0.124
29.49,0.092
11.26,0.323
22.21,0.555
20.28,0.254
12.17,0.088
14.5,0.132
17.99,0.17
18.68,0.092
7.98,0.998
16.27,0.222
12.35,0.102
7.62,0.15
14.28,0.188
15.1,1.013
23.11,0.463
16.5,0.03
20.51,0.14
13.73,0.069
18.23,0.462
14.44,0.146
8.52,0.112
7.74,0.347
35.71,0.716
12.48,0.627
14.52,1.12
13.37,0.405
15.1,0.504
7.79,0.103
17.89,0.051
36.76,0.285
17.78,0.062
34.15,1.367
15.73,0.112
13.33,0.14
17.6,0.469
19.56,0.097
7.04,0.141
64.65,0.462
15.45,0.154
7.78,0.175
11.21,0.074
20.99,0.081
20.08,0.158
9.0,0.098
15.45,0.31
23.09,0.317
14.52,1.118
16.79,0.395
13.08,0.187
25.63,0.513
13.52,0.386
15.1,0.795
46.05,0.271
70.82,0.129
8.72,0.153
18.61,0.257
37.43,0.501
17.75,0.095
8.63,0.07
13.45,0.085
7.39,0.391
21.4,0.165
10.29,0.178
18.45,0.368
18.23,0.763
22.26,0.468
32.94,0.471
15.45,0.156
12.19,0.087
12.85,0.218
14.99,0.04
20.96,0.262
8.88,0.335
20.4,0.083
14.1,0.328
19.01,0.146
4.5,0.18
25.63,0.228
18.46,0.107
37.05,0.15
14.3,0.106
22.03,0.1
27.07,0.192
13.44,0.224
15.23,0.381
12.79,0.582
15.1,0.308
15.01,0.075
17.95,0.18
18.39,0.053
11.85,0.396
20.75,0.305
7.78,0.391
15.1,1.013
15.39,0.099
14.52,0.132
36.69,0.432
16.18,0.27
14.1,0.564
16.79,0.343
14.52,0.695
19.36,0.345
18.34,0.141
23.35,0.212
15.17,0.254
9.16,0.08
24.38,0.039
18.23,0.914
16.08,0.293
19.6,0.063
7.71,0.258
24.84,0.887
7.78,0.556
15.1,0.302
25.18,0.168
9.09,0.365
11.99,0.172
25.73,0.07
19.53,0.399
2.73,0.228
18.31,0.611
32.82,0.41
19.58,0.093
35.77,0.55
15.16,0.261
33.08,0.334
14.59,0.366
18.23,0.462
9.34,0.134
14.65,0.212
26.25,0.292
17.99,0.3
11.85,0.494
12.69,0.33
14.12,0.336
18.72,0.089
9.13,0.157
19.72,0.171
14.02,0.058
11.86,0.099
12.13,0.135
34.81,0.168
19.26,0.311
13.92,0.285
18.0,0.037
12.48,0.358
14.52,0.29
16.11,0.343
9.83,0.082
16.92,0.097
22.06,0.886
19.52,0.416
13.81,0.154
16.05,0.892
37.04,1.335
25.48,3.92
42.61,0.512
14.39,0.096
17.72,0.156
12.2,0.122
16.15,0.288
18.71,0.09
13.63,0.155
12.76,0.213
8.72,0.292
12.48,0.482
14.1,1.283
18.4,0.428
8.88,0.127
12.79,1.279
17.67,0.295
18.28,0.482
7.78,0.159
17.63,0.802
10.96,0.354
0.45,0.008
40.73,0.173
15.31,0.191
61.18,0.189
18.14,0.37
12.93,0.34
27.23,0.419
14.52,0.73
20.89,0.972
15.46,0.155
18.09,0.248
7.81,0.157
20.03,0.024
13.32,0.121
13.04,0.131
15.39,0.376
14.79,0.168
16.05,0.423
15.6,0.13
21.47,0.153
14.18,0.118
0.0,0.0
11.98,0.2
17.19,0.049
11.3,0.114
38.02,0.568
0.0,0.0
44.62,0.172
14.1,0.092
20.98,0.184
7.71,0.258
16.86,0.281
16.53,0.207
25.88,0.174
19.97,0.222
54.04,0.064
0.0,0.0
17.1,0.311
14.27,0.043
10.96,1.827
13.08,0.187
15.1,0.322
22.32,0.746
18.55,0.155
21.48,0.151
19.6,0.218
17.83,0.028
0.0,0.0
22.85,0.994
14.1,0.558
18.08,0.249
37.18,0.532
111.22,0.186
23.33,0.307
16.96,0.089
13.68,0.171
9.06,0.074
7.78,0.445
15.85,0.114
7.95,0.266
15.27,0.613
18.23,1.86
15.92,0.095
35.97,0.3
15.23,1.272
16.11,0.359
7.39,0.287
17.6,0.353
18.32,0.123
23.36,0.292
15.13,0.28
11.06,0.17
20.99,0.421
7.0,0.175
21.02,0.195
25.63,0.642
19.56,0.369
12.67,0.241
11.85,0.539
20.8,0.463
16.81,0.21
11.78,0.108
22.93,0.37
17.14,0.235
33.14,0.247
8.11,0.118
9.34,0.156
48.28,0.402
26.89,0.582
23.21,0.258
13.49,0.082
16.75,0.233
13.3,0.067
15.23,0.767
19.8,0.22
20.37,0.097
16.46,0.165
23.07,0.33
46.31,0.386
10.06,0.245
13.6,0.101
13.51,0.193
16.2,0.079
11.47,0.384
15.7,0.225
15.65,0.121
22.22,0.304
8.43,0.089
15.23,0.525
16.14,0.294
16.6,0.138
15.56,0.135
18.23,0.651
16.41,0.055
13.72,0.082
16.11,0.376
7.39,0.573
23.92,0.249
30.57,0.278
15.23,0.612
39.47,0.099
53.79,0.304
11.06,0.17
8.57,0.087
21.5,0.148
12.79,0.32
17.87,0.201
16.11,0.384
15.15,0.266
8.72,0.249
12.89,0.165
17.06,0.669
16.66,0.282
17.92,0.498
16.31,0.209
23.96,0.115
8.47,0.282
20.0,0.184
11.85,0.658
13.97,0.254
15.1,0.378
88.82,0.467
23.38,0.205
15.31,0.512
8.61,0.034
15.34,0.183
15.1,1.106
25.61,0.233
26.09,0.097
9.13,0.034
28.75,0.587
15.77,0.108
14.32,0.103
28.7,0.195
12.7,0.156
30.85,0.131
16.6,0.476
8.23,0.059
16.61,0.119
54.42,0.237
16.08,0.115
8.72,1.163
18.23,0.61
15.67,0.119
13.72,0.137
20.99,0.619
18.59,0.414
12.04,0.1
17.67,0.361
26.01,0.117
23.33,0.307
12.54,0.084
15.23,1.45
35.57,0.237
7.83,0.033
28.97,1.529
8.29,0.347
13.57,0.172
11.03,0.184
15.1,0.382
15.41,0.162
17.6,0.352
23.87,0.096
27.17,0.302
9.26,0.071
19.08,0.318
64.85,0.729
14.66,0.21
17.56,0.087
8.27,0.212
9.34,0.156
9.17,0.066
16.74,0.152
26.92,0.224
56.26,0.402
40.96,0.431
12.95,0.13
15.31,0.191
24.34,0.143
23.16,0.193
14.32,0.169
20.93,0.035
29.62,0.303
26.64,0.165
8.29,0.213
7.39,0.246
61.47,0.591
75.27,0.018
23.12,0.136
12.6,0.458
18.85,0.136
14.11,0.273
7.78,0.324
12.48,0.627
12.69,0.276
18.63,0.248
15.11,0.78
14.52,0.692
26.75,0.546
17.6,0.353
14.52,0.66
7.7,0.123
19.81,0.225
8.72,0.148
7.78,0.236
16.24,0.187
23.2,0.331
26.74,0.282
12.79,0.426
16.42,0.117
17.67,0.295
9.34,0.156
17.21,0.052
7.46,0.257
16.11,0.323
11.73,0.559
34.04,0.426
10.47,0.032
43.18,0.335
16.15,0.108
17.66,0.299
18.2,0.052
9.99,0.591
8.72,0.175
14.43,0.144
22.89,0.416
11.85,0.329
7.44,0.298
8.27,0.306
15.86,0.265
14.13,0.257
18.57,0.188
18.56,0.282
17.6,0.353
16.3,0.21
13.71,0.328
16.37,0.053
8.72,0.843
16.14,0.082
9.55,0.282
14.08,0.595
16.75,0.059
11.9,0.119
14.44,0.578
25.68,0.451
18.23,0.729
47.61,0.369
41.01,0.461
34.15,1.319
26.47,0.474
17.02,0.052
34.15,1.807
15.43,0.386
8.29,0.207
30.05,0.208
36.91,0.185
26.0,0.217
13.64,0.045
27.01,0.203
14.11,0.59
18.23,1.215
11.85,0.313
15.12,0.05
16.28,0.217
37.88,0.223
22.93,1.281
41.39,0.207
15.58,0.87
18.18,0.331
7.39,0.246
16.99,0.283
61.31,0.186
17.63,0.928
24.69,0.309
25.19,0.63
14.06,0.016
35.49,0.697
11.85,0.396
17.27,0.216
19.42,0.103
14.73,0.184
17.89,0.194
7.78,1.235
15.98,0.032
17.34,0.717
15.17,0.253
7.39,0.4
12.69,0.344
9.77,0.125
27.74,0.427
15.1,0.893
13.9,0.302
25.63,0.675
21.64,0.271
18.23,0.729
13.74,0.156
9.34,0.243
11.85,0.484
12.61,0.186
14.41,0.149
8.68,0.033
7.44,0.286
13.93,0.107
17.26,0.493
15.1,1.02
4.9,0.246
13.65,0.152
16.05,0.119
20.12,0.16
9.62,0.107
45.67,0.176
34.8,0.234
17.67,0.295
17.02,0.052
7.78,0.259
29.95,0.23
14.17,0.236
12.79,0.409
15.45,0.31
3.07,0.093
51.27,0.657
8.88,0.425
2.57,0.035
20.36,0.127
15.78,0.114
12.79,0.715
26.61,0.213
23.49,0.141
14.0,0.1
31.44,0.956
9.34,0.312
17.07,0.19
17.41,0.125
18.53,0.133
17.54,0.044
17.23,0.123
22.78,0.326
7.78,0.159
17.6,0.353
13.72,0.137
12.14,0.076
17.67,0.295
21.01,0.025
15.41,0.351
16.11,2.689
16.21,0.055
11.85,0.396
15.56,0.238
25.61,0.233
16.6,0.555
15.65,0.121
14.52,0.29
10.96,0.459
15.1,0.504
23.68,0.557
29.78,0.166
23.2,0.232
12.13,0.135
19.59,0.344
18.23,1.488
16.81,0.21
17.84,0.21
25.54,0.15
69.59,0.163
16.11,0.404
17.6,0.589
15.13,0.276
14.9,0.177
16.32,0.204
13.04,0.101
12.22,0.119
11.85,0.476
6.87,0.494
12.7,0.156
16.39,0.182
24.53,0.065
27.32,0.518
15.56,0.339
9.34,0.469
7.78,0.391
1.98,0.055
19.92,0.067
57.45,0.447
27.52,0.064
9.64,0.094
17.72,0.042
12.2,0.122
13.04,0.165
17.67,0.295
13.93,0.279
10.96,0.407
21.15,0.423
8.72,0.461
22.06,1.087
8.72,0.368
7.39,0.218
17.67,0.295
8.34,0.334
18.27,0.762
15.98,0.32
14.77,0.152
21.33,0.164
16.7,0.269
12.48,0.304
20.01,0.182
19.34,0.114
16.86,0.281
14.96,0.086
14.19,0.226
18.05,0.157
19.88,0.203
34.66,0.283
14.1,0.403
15.1,0.302
13.97,0.145
7.64,0.069
13.51,0.193
15.65,0.121
49.76,0.721
11.85,0.541
18.31,0.612
13.71,1.068
1.58,0.093
0.0,0.0
53.54,0.315
18.23,0.467
18.55,0.194
16.6,0.138
18.09,0.151
17.72,0.063
34.15,1.716
17.6,0.148
8.82,0.56
83.13,0.32
8.72,0.148
17.79,0.06
15.74,0.128
9.44,0.105
30.11,0.245
7.78,0.166
9.34,0.239
42.65,0.179
16.81,0.21
25.54,0.15
25.14,0.314
13.08,0.218
17.67,0.295
14.87,0.186
9.66,0.069
17.6,0.49
16.09,0.119
22.19,0.14
25.38,0.875
86.74,0.667
20.72,0.693
75.77,0.174
14.1,0.367
20.42,0.121
19.97,0.067
21.58,0.204
9.4,0.248
17.66,0.151
1.12,0.033
15.79,0.721
28.81,0.488
15.01,0.126
26.05,0.237
33.58,0.035
34.15,1.22
16.25,0.232
24.55,0.123
19.91,0.148
17.95,0.18
14.56,0.122
10.04,0.112
13.71,0.43
18.0,0.383
17.07,0.025
9.4,0.06
19.09,0.074
22.25,0.415
14.11,0.792
16.36,0.137
11.83,0.132
13.52,0.137
9.26,0.071
21.35,0.271
15.23,1.243
24.25,0.135
14.48,0.138
19.91,0.028
7.39,0.107
10.39,0.035
14.1,0.398
16.92,0.246
16.44,0.043
18.75,0.202
15.1,0.744
27.74,0.163
43.06,0.435
12.79,1.067
19.65,0.333
11.85,0.47
48.8,0.188
12.93,0.152
102.81,0.616
87.93,0.267
107.23,0.838
13.04,0.13
15.1,0.659
47.56,0.297
16.32,0.463
7.41,0.353
12.65,0.127
16.35,0.109
25.63,1.976
11.85,0.409
17.08,0.151
14.67,0.177
8.3,0.056
21.15,0.705
42.71,0.527
18.87,0.171
14.65,0.183
12.6,0.127
37.77,0.108
11.72,0.117
18.23,1.303
17.67,0.295
17.84,0.21
16.43,0.03
45.73,0.254
45.09,0.501
20.91,0.17
23.83,0.117
65.44,0.167
4.88,0.081
12.93,0.154
21.03,0.701
15.79,0.528
83.68,0.6
18.3,0.122
16.79,1.166
18.23,0.365
22.58,0.301
35.38,0.132
23.43,0.23
25.68,0.214
15.22,0.076
21.58,0.193
20.08,0.167
38.09,0.49
16.09,0.084
20.08,0.127
14.07,0.094
14.1,0.504
51.05,0.471
12.27,0.082
14.16,0.062
21.89,0.11
12.12,0.136
15.1,0.489
12.24,0.042
9.94,0.179
13.08,0.262
7.39,0.389
19.74,0.132
16.79,0.336
7.78,0.222
11.36,0.038
25.02,0.557
8.36,0.288
12.48,0.738
18.39,0.35
21.15,0.758
18.9,0.13
9.94,0.209
16.13,0.09
9.34,0.134
18.35,0.047
15.18,0.253
10.21,0.051
13.2,0.107
14.24,0.203
7.61,0.153
13.45,0.085
13.65,0.152
15.57,0.06
9.27,0.206
7.78,0.238
17.06,0.341
17.12,0.049
16.25,0.232
18.21,0.203
14.91,0.229
16.11,0.349
18.35,0.167
8.48,0.188
11.85,0.396
16.05,0.487
20.98,0.208
17.88,0.199
38.25,0.383
14.47,0.268
7.78,0.268
11.09,0.163
23.38,0.205
15.23,1.397
15.73,0.112
15.14,0.281
12.79,0.643
8.27,0.319
14.44,0.439
17.67,0.295
11.85,0.339
12.3,0.107
19.32,0.386
16.9,0.256
19.67,0.197
17.71,0.291
20.95,0.047
15.23,0.525
36.04,0.277
14.59,0.122
27.39,0.29
20.97,0.226
16.29,0.215
7.39,0.569
19.32,1.074
27.86,0.14
13.4,0.244
12.79,0.328
11.85,0.396
11.15,0.279
45.09,0.501
12.69,0.254
13.08,0.291
16.99,0.284
16.74,0.239
11.44,0.191
22.67,0.528
17.97,0.409
13.32,0.121
12.13,0.135
54.82,0.061
11.83,0.132
27.79,0.127
28.59,0.414
16.95,0.17
12.27,0.081
17.48,0.118
29.37,0.173
9.32,0.036
13.36,0.134
25.82,0.336
12.79,0.643
11.31,0.116
21.54,0.144
18.23,0.405
19.34,0.114
14.1,0.47
19.0,0.25
10.0,0.151
21.16,0.415
16.89,0.26
10.29,0.118
14.52,0.855
23.22,0.489
9.34,0.361
17.09,0.142
15.79,0.634
21.5,0.229
50.0,1.01
21.15,1.063
36.99,0.137
12.48,0.66
33.33,0.152
33.97,0.558
34.15,2.568
17.95,0.18
16.61,0.063
16.74,0.239
12.79,0.556
16.19,0.262
23.85,0.17
21.08,0.248
9.34,0.14
35.69,0.447
13.41,0.274
33.22,0.048
15.54,0.08
19.33,0.967
8.11,0.341
9.86,0.066
18.98,0.151
15.1,0.604
17.67,0.295
11.43,0.194
8.11,0.15
16.79,0.988
15.94,0.094
9.72,0.067
8.88,0.127
17.6,0.359
16.88,0.106
7.78,0.112
20.34,0.064
20.34,0.069
22.89,0.136
9.07,0.07
11.85,0.541
7.94,0.094
9.94,0.166
19.97,0.067
11.23,0.382
18.42,0.409
37.8,0.403
16.15,0.294
18.3,0.122
23.97,0.08
3.28,0.07
15.79,1.367
7.71,0.31
9.58,0.088
13.01,0.099
16.6,0.558
17.92,0.467
8.27,0.835
27.52,0.198
10.13,0.063
18.13,0.232
164.16,0.249
8.88,0.266
17.2,0.049
15.1,0.433
12.75,0.216
37.59,0.221
8.92,0.082
16.95,0.496
14.78,0.15
11.85,0.242
34.15,2.021
23.44,0.257
15.23,0.386
27.11,0.234
16.25,0.232
8.88,0.269
17.14,0.172
42.03,0.28
28.82,0.481
34.98,0.271
25.11,0.063
35.67,0.849
8.73,0.061
35.48,0.148
16.18,0.27
15.57,0.157
8.27,0.207
15.1,0.637
16.4,0.552
21.63,0.155
13.08,0.187
28.35,0.201
15.98,0.145
19.89,0.117
18.38,0.461
15.2,0.381
35.67,1.189
32.09,0.322
9.71,0.083
14.87,0.186
11.85,0.395
19.0,0.147
38.58,0.483
39.5,0.032
7.39,0.296
21.02,0.28
22.73,0.084
16.32,0.204
15.76,0.109
15.01,0.083
15.23,1.217
16.95,0.17
16.28,0.217
19.35,0.359
15.46,0.675
9.34,0.311
12.39,0.092
10.47,0.032
7.39,0.493
18.23,0.508
18.23,1.413
13.04,0.29
15.1,0.458
14.52,0.583
17.31,0.138
33.2,0.166
7.78,0.222
27.49,0.376
46.45,0.332
41.08,0.415
17.06,0.192
17.06,0.758
15.11,0.63
19.32,0.395
16.66,0.282
12.04,0.1
18.67,0.416
15.1,0.581
11.85,0.263
15.91,0.111
18.23,0.196
10.96,0.548
16.95,0.17
11.2,0.428
38.94,0.134
20.91,0.349
15.1,0.378
17.78,0.445
16.31,0.206
17.67,0.295
9.45,0.508
12.87,0.43
28.06,0.295
24.02,0.301
15.23,0.436
18.63,0.248
20.22,0.289
17.06,0.903
11.66,0.088
9.12,0.077
12.87,0.429
15.78,0.069
27.51,0.423
62.2,0.479
15.24,0.218
23.92,0.16
15.56,0.338
21.25,0.179
16.67,0.167
15.1,0.505
23.25,0.106
18.31,0.625
27.41,1.071
109.94,0.16
0.0,0.0
10.47,0.206
0.0,0.0
13.71,0.305
12.85,0.478
12.69,0.075
16.57,0.064
7.39,0.185
38.59,0.26
72.74,0.091
18.23,0.13
16.32,0.607
15.38,0.171
14.13,0.128
17.94,0.182
41.48,0.112
11.85,0.339
22.44,0.162
23.03,0.146
27.07,0.106
129.54,0.077
33.08,0.334
33.0,0.303
8.96,0.256
14.65,0.334
12.79,0.825
14.52,1.126
8.99,0.258
7.78,0.159
15.18,0.105
46.01,0.149
9.41,0.111
18.83,0.941
19.32,0.552
8.29,0.451
11.85,0.258
14.53,0.049
13.24,0.255
8.37,0.279
11.73,0.25
9.94,0.331
12.79,0.32
11.99,0.107
41.01,0.121
16.79,0.624
13.91,0.062
7.95,0.08
18.67,0.094
17.78,0.235
16.11,0.329
16.7,0.257
17.26,0.346
19.03,0.115
18.01,0.165
14.29,0.186
18.41,0.035
25.24,0.072
14.51,0.068
15.23,0.612
0.0,0.0
26.67,0.581
22.06,1.71
10.96,0.367
15.23,0.381
8.29,0.276
9.34,0.359
22.06,1.109
25.39,0.141
28.5,0.178
16.6,0.485
22.06,1.167
19.39,0.09
16.11,0.46
12.69,0.254
72.87,0.177
23.36,0.334
19.48,0.122
13.71,0.393
18.02,0.277
19.32,0.773
14.68,0.046
7.78,0.159
17.6,0.704
16.05,0.134
7.78,0.53
16.19,0.19
17.93,0.185
9.1,0.07
13.57,0.172
16.71,0.113
24.11,0.129
38.04,0.544
19.04,0.423
15.1,0.322
17.2,0.159
23.96,0.154
7.78,0.195
15.23,0.546
15.49,0.147
14.66,0.209
12.69,0.254
17.29,0.079
17.47,0.195
19.66,0.328
14.57,0.211
15.1,0.521
20.74,0.883
35.69,0.446
28.64,0.159
7.78,0.259
9.43,0.131
15.79,0.106
17.6,1.068
15.1,0.629
22.85,0.034
15.11,0.566
13.31,0.096
31.1,0.693
11.85,0.258
18.33,0.547
15.1,0.551
36.75,1.05
13.55,0.085
18.12,0.229
13.94,0.061
23.85,0.159
15.38,0.171
7.78,0.195
23.44,0.079
7.78,0.26
21.22,0.204
15.29,0.577
28.39,0.086
23.06,0.334
18.23,0.98
9.41,0.111
18.23,0.701
20.19,0.202
6.34,0.138
21.52,0.067
59.61,0.696
19.31,0.219
9.51,0.088
12.14,0.081
0.78,0.033
16.11,0.46
11.99,0.172
18.58,0.062
7.39,0.569
16.16,0.284
18.23,0.373
9.1,0.068
20.81,0.178
16.16,0.284
19.58,0.349
8.78,0.106
11.73,0.199
19.91,0.069
18.31,0.611
15.94,0.106
7.87,0.787
25.52,0.047
19.46,0.499
16.71,0.06
22.88,0.286
13.47,0.269
16.56,0.144
15.15,0.266
38.99,0.231
12.47,0.113
25.54,0.15
8.72,0.219
8.47,0.189
7.78,0.311
18.08,0.248
15.21,0.234
12.55,0.083
34.13,1.07
19.82,0.082
21.76,0.436
14.11,0.271
8.88,0.228
20.01,0.032
13.44,0.224
10.96,0.477
16.88,0.189
15.51,0.173
14.02,0.039
12.48,0.66
34.71,0.267
16.62,0.168
12.36,0.095
11.73,1.174
27.03,0.2
18.23,1.013
21.15,0.849
50.84,0.366
24.48,0.612
24.68,0.041
13.37,0.357
13.84,0.082
14.24,0.204
20.68,0.122
9.29,0.116
18.23,0.608
14.0,0.163
18.55,0.193
17.9,0.024
21.72,0.168
46.83,0.92
11.73,0.326
18.95,0.078
13.38,0.263
13.08,0.174
8.72,0.168
18.62,0.373
38.85,0.268
19.32,0.999
11.85,0.595
13.08,0.187
34.31,0.312
19.32,0.678
8.1,0.067
14.61,0.119
8.72,1.264
5.75,0.096
14.52,0.608
17.59,0.44
15.1,0.541
15.14,0.101
59.51,0.157
18.64,0.094
14.1,0.353
13.86,0.107
11.85,0.515
15.63,0.261
13.65,0.152
23.48,0.168
8.23,0.042
16.83,0.068
22.01,0.073
11.99,0.172
11.85,0.27
14.78,0.149
40.41,0.081
18.06,0.156
19.14,0.071
13.28,0.111
17.67,0.295
15.23,0.802
18.72,0.156
17.32,0.209
13.51,0.018
13.04,0.059
18.23,0.13
16.11,0.477
57.23,0.88
13.03,0.155
7.39,0.161
11.85,1.5
37.21,0.496
16.03,0.121
27.42,0.28
19.0,0.25
14.48,0.135
15.29,0.259
15.38,0.171
36.19,0.213
15.79,0.121
19.56,0.37
18.92,0.158
16.79,0.455
16.92,0.338
116.3,0.12
17.07,0.19
14.52,0.542
11.85,1.331
13.35,0.121
23.45,0.188
23.6,0.205
17.6,0.347
15.1,0.755
12.7,0.25
7.48,0.237
16.6,0.426
7.39,0.601
23.28,0.558
60.51,0.205
16.11,0.403
16.22,0.219
14.43,0.144
15.41,0.343
33.28,0.139
25.55,0.194
21.69,0.062
15.1,0.799
7.45,0.277
15.44,0.193
9.34,0.443
11.85,0.293
15.15,0.266
10.02,0.039
8.57,0.145
17.66,0.299
14.14,0.252
14.1,0.544
19.87,0.067
9.0,0.167
10.09,0.224
18.03,0.282
16.84,0.291
27.47,0.165
59.98,0.131
12.61,0.063
15.43,0.064
18.73,0.033
10.96,0.333
13.26,0.156
17.63,0.683
22.64,0.144
14.1,0.742
38.31,0.351
12.68,0.161
12.84,0.223
19.59,0.22
27.71,0.139
17.95,0.18
23.59,0.249
16.79,0.421
16.02,0.122
14.13,0.236
9.61,0.064
15.1,0.722
39.43,0.331
15.44,0.315
15.1,0.387
22.41,0.325
24.09,0.052
2.79,0.109
17.6,0.469
13.02,0.157
10.8,0.103
14.58,0.105
15.44,0.315
23.12,0.193
14.87,0.149
13.67,0.124
15.1,0.521
9.33,0.08
10.4,0.208
15.1,0.505
28.33,0.21
18.8,0.032
17.59,0.118
23.13,0.293
7.44,0.298
16.79,1.302
14.52,0.296
17.84,0.089
19.43,0.571
18.45,0.37
15.79,0.396
22.64,0.029
13.55,0.086
12.86,0.459
18.23,2.028
9.77,0.042
23.9,0.184
12.35,1.26
44.5,0.445
15.37,0.173
34.18,0.623
0.0,0.0
29.63,0.169
15.23,0.32
18.23,0.82
19.84,0.08
14.4,0.035
23.65,0.124
18.03,0.113
28.27,0.115
34.22,0.571
15.1,0.505
41.53,0.166
27.5,0.303
38.75,0.079
15.1,0.539
13.87,0.33
27.78,0.185
19.72,0.057
12.79,2.61
20.98,0.28
76.51,0.746
20.06,0.122
9.94,0.177
10.96,0.378
19.23,0.427
18.89,0.573
18.65,0.17
16.11,0.505
12.68,0.091
27.33,0.776
16.69,0.232
8.11,0.271
18.0,0.107
57.44,0.522
7.49,0.083
41.67,0.421
26.59,0.364
18.25,0.344
25.87,0.304
15.1,0.308
23.31,0.212
7.73,0.115
15.19,0.015
12.25,1.237
20.05,0.251
37.58,0.21
14.1,0.47
12.83,0.184
15.44,0.315
19.82,0.124
11.85,0.296
15.13,0.28
15.23,1.525
11.85,0.396
15.1,0.893
29.31,0.367
18.44,0.376
12.9,0.151
16.74,0.212
11.87,0.154
28.54,0.172
24.05,0.15
34.21,0.807
24.9,0.294
13.3,0.044
42.38,2.508
10.13,0.188
19.68,0.221
12.3,0.095
13.44,0.224
64.74,0.113
13.71,0.138
18.37,0.474
34.15,0.684
48.34,0.375
28.98,0.256
16.6,0.45
7.39,0.493
18.41,0.418
17.67,0.295
13.85,0.198
16.95,0.852
16.95,0.17
7.96,0.072
14.1,0.887
18.66,0.234
11.33,0.167
24.12,0.128
18.31,0.612
29.01,0.333
18.98,0.152
23.52,0.028
18.23,0.456
12.76,0.213
14.41,0.121
13.53,0.047
26.36,0.066
16.36,0.091
15.17,0.253
14.32,0.169
20.33,0.169
14.29,0.179
16.8,0.324
25.21,0.468
11.92,0.199
16.33,0.163
7.64,0.069
56.95,1.004
18.23,0.365
8.35,0.08
11.85,1.295
35.88,0.449
23.32,0.312
21.35,0.043
14.93,0.137
15.81,0.155
18.03,0.273
14.1,0.352
21.14,0.228
39.55,0.265
18.1,0.125
17.7,0.273
15.1,1.258
20.81,0.353
23.66,0.225
9.02,0.05
14.54,0.224
41.55,0.032
21.54,0.144
17.87,0.201
22.98,0.878
14.62,0.293
18.26,0.794
17.81,0.113
29.3,0.084
14.1,0.313
16.05,0.594
15.79,0.672
26.18,0.203
12.13,0.107
16.79,0.674
15.1,0.504
16.61,0.277
12.16,0.129
7.64,0.069
20.27,0.082
16.11,0.421
18.65,0.239
15.15,0.271
12.75,0.216
0.0,0.0
7.78,0.486
8.72,0.301
18.23,0.732
15.23,0.525
16.22,0.246
20.98,0.3
51.32,0.436
22.9,0.156
17.8,0.225
14.72,0.106
23.35,0.39
24.6,0.703
18.41,0.528
21.15,0.663
11.85,0.329
12.72,0.151
19.97,0.067
11.43,0.197
39.11,0.04
14.51,0.088
14.28,0.188
17.84,0.21
23.14,0.019
21.0,0.098
14.1,1.085
43.98,0.191
13.96,0.103
38.01,0.254
34.18,0.292
8.46,0.037
8.5,0.081
13.49,0.642
13.21,0.12
17.88,0.199
9.27,0.245
23.44,0.276
18.15,0.145
15.16,0.257
14.44,0.295
13.71,0.139
17.67,0.295
15.1,0.759
18.1,0.238
17.17,0.078
7.39,0.541
17.95,0.083
16.76,0.045
17.63,0.59
33.03,0.025
11.73,0.196
9.15,0.141
17.84,0.026
13.5,0.196
9.26,0.094
9.34,0.163
15.1,0.759
40.09,0.401
18.08,0.152
19.6,0.198
14.39,0.073
7.77,0.156
19.02,0.058
19.67,0.289
27.0,0.27
11.24,0.125
23.82,0.164
15.32,0.192
12.87,0.323
15.17,0.253
15.23,0.525
15.3,0.255
41.77,0.22
12.79,0.458
7.78,0.259
24.81,0.055
10.25,0.442
14.1,0.705
37.3,0.429
25.72,0.086
18.74,0.152
19.83,0.216
18.04,0.301
8.72,0.23
7.54,0.189
7.74,0.112
15.38,0.171
15.16,0.266
11.95,0.187
25.74,0.2
0.0,0.0
25.63,0.596
16.79,0.343
35.01,0.202
21.3,0.184
23.35,0.212
14.11,0.059
7.39,0.309
7.39,0.308
7.58,0.168
12.36,0.137
17.1,0.051
14.25,0.198
9.74,0.162
25.63,0.642
16.36,0.19
19.46,0.499
23.85,0.159
21.83,0.059
8.72,0.881
16.79,0.844
12.4,0.124
56.84,0.334
12.79,1.044
17.5,0.292
10.46,0.478
19.75,0.247
14.52,2.904
32.99,1.104
11.85,0.484
16.85,0.288
8.94,0.052
19.32,0.46
15.19,0.241
19.84,0.213
14.13,0.404
14.25,0.079
11.15,0.149
21.5,0.358
0.0,0.0
15.44,0.156
25.26,0.422
18.25,0.461
15.65,1.758
9.56,0.056
13.74,0.156
17.0,0.656
18.98,0.127
105.76,0.425
23.16,0.26
13.44,0.224
132.38,0.378
13.73,0.259
62.94,0.158
16.77,0.103
14.11,0.743
19.32,1.074
12.23,0.306
42.91,0.341
37.9,2.918
144.29,0.362
7.92,0.097
15.79,0.883
25.67,0.467
14.58,0.046
11.72,0.036
11.55,0.154
20.52,0.14
18.3,0.122
8.72,0.127
90.12,0.503
36.75,0.817
43.49,0.162
19.15,0.039
17.44,0.073
18.57,0.062
16.82,0.306
22.66,0.168
18.3,0.122
17.67,0.361
22.46,0.209
7.39,0.528
16.27,0.224
9.31,0.117
11.85,0.409
115.14,0.077
13.78,0.487
15.45,0.31
22.0,0.091
18.23,0.192
27.24,0.275
12.79,0.284
21.15,0.882
7.88,0.088
17.42,0.249
20.18,0.247
21.15,0.962
18.65,0.038
7.39,0.255
41.21,0.516
15.67,0.196
15.38,0.171
30.0,0.131
16.07,0.085
57.44,0.522
22.07,0.092
27.55,0.19
8.16,0.063
18.23,0.365
16.16,0.284
11.85,0.365
18.53,0.055
11.73,0.51
13.64,0.088
28.27,0.115
63.33,0.186
16.95,0.17
34.57,0.48
7.78,0.412
17.78,0.508
16.47,0.137
16.91,0.178
12.69,0.288
14.32,0.179
177.94,0.17
16.6,0.522
22.42,0.192
11.47,0.03
32.08,0.169
13.55,0.086
16.32,0.192
16.11,0.499
17.93,0.437
17.13,0.286
15.87,0.099
14.1,0.472
12.81,0.241
37.54,0.419
7.78,0.556
15.1,0.378
14.8,0.212
15.59,0.13
12.51,0.228
15.1,0.378
13.65,0.152
21.54,0.167
30.26,0.073
19.04,0.635
14.15,0.181
18.23,1.736
23.21,0.258
9.27,0.206
17.95,0.18
12.19,0.122
8.36,0.288
16.3,0.212
7.47,0.25
23.83,0.133
12.79,0.853
12.44,0.092
7.43,0.298
12.8,0.64
15.8,0.105
23.99,0.235
17.91,0.199
11.15,0.265
15.83,0.101
12.69,0.403
17.63,0.505
18.25,0.83
11.73,0.189
15.33,0.469
22.07,1.104
7.78,0.278
61.42,0.633
48.56,0.139
20.54,0.11
17.99,0.3
92.43,0.162
21.22,0.354
15.46,0.084
26.61,1.113
16.42,0.069
15.44,0.053
8.72,0.349
27.58,0.306
17.83,0.09
13.65,0.152
18.23,0.457
16.11,0.537
19.35,0.108
14.1,0.383
31.31,0.33
7.39,0.528
17.06,0.59
23.09,0.924
24.35,0.937
16.68,0.321
17.6,0.391
10.96,0.378
19.97,0.067
16.57,0.048
10.96,0.459
9.58,0.087
35.48,0.847
15.61,0.149
27.68,0.141
25.82,0.123
13.54,0.469
7.87,0.226
17.78,0.424
17.21,0.257
17.67,0.295
15.57,0.306
26.25,0.292
19.36,0.108
11.1,0.159
16.6,0.332
16.37,0.287
18.23,0.731
10.15,0.097
30.96,0.194
8.72,0.282
15.38,0.308
47.17,0.518
18.63,0.248
21.16,0.194
45.67,0.466
20.84,0.464
20.25,0.14
1.05,0.004
17.7,0.085
19.13,0.107
14.11,0.371
32.11,0.229
22.85,1.203
8.96,0.081
19.34,0.365
18.83,0.139
9.2,0.144
36.5,0.217
7.39,0.185
20.57,0.317
19.49,0.463
92.88,0.143
11.85,0.243
15.1,0.606
12.41,0.178
28.27,0.218
12.25,0.114
8.35,0.08
15.1,0.388
15.11,1.163
27.54,0.092
16.11,0.81
23.95,0.146
15.1,0.795
7.39,0.969
13.08,0.481
15.1,0.844
18.99,0.423
19.25,0.244
11.54,0.144
19.53,0.407
14.17,0.237
16.32,0.03
15.38,0.385
24.52,0.077
13.08,0.187
11.1,0.159
30.77,0.311
19.83,0.234
17.63,0.327
19.45,0.216
12.8,0.305
22.59,0.18
45.75,0.352
9.26,0.163
16.7,0.06
15.28,0.588
15.1,0.539
14.1,0.472
22.06,0.886
143.78,0.18
13.52,0.338
15.1,0.759
15.1,0.315
22.27,0.109
46.73,0.124
19.33,0.971
7.78,0.259
31.82,0.283
16.45,0.242
25.63,0.747
15.1,1.106
19.65,0.333
9.72,0.075
16.33,0.204
22.06,0.442
16.6,0.476
7.39,0.164
14.53,0.224
71.13,0.205
21.15,0.734
27.9,0.232
25.71,0.418
27.05,0.371
17.61,0.339
30.74,0.054
18.34,0.214
20.02,0.168
18.93,0.191
34.49,0.348
19.8,0.22
22.12,0.838
18.23,1.14
24.12,0.232
15.62,0.176
24.66,0.514
7.54,0.189
23.53,0.174
37.49,0.187
27.59,0.184
14.5,0.132
19.37,0.775
11.3,0.285
16.09,0.173
28.42,0.095
16.52,0.153
18.42,0.086
82.44,0.75
13.62,0.159
15.1,1.079
7.78,0.412
45.25,0.251
11.02,0.048
19.5,0.434
7.78,0.105
19.47,0.117
21.26,0.193
15.1,0.496
14.63,0.325
9.34,0.668
38.11,0.477
13.65,0.152
34.15,0.855
25.63,0.523
13.35,0.135
18.23,0.522
9.26,0.232
11.02,0.188
13.37,0.267
19.53,0.244
54.02,1.468
8.88,0.118
16.66,0.282
24.94,0.357
16.74,0.239
11.89,0.121
16.78,0.336
17.38,0.075
7.78,0.137
25.63,1.72
17.19,0.431
7.78,0.141
45.99,0.465
16.89,0.26
16.74,0.12
19.89,0.06
25.14,0.318
19.87,0.118
8.69,0.074
15.11,0.432
23.73,0.179
13.25,0.133
18.28,0.051
15.1,0.459
3.6,0.061
14.6,0.365
18.31,0.611
29.13,0.117
0.0,0.0
11.73,0.199
32.77,0.236
23.05,0.144
23.63,0.158
21.1,0.141
15.1,0.686
17.2,0.191
50.92,0.566
8.82,0.295
12.76,0.213
9.17,0.153
14.52,0.812
21.23,0.163
21.24,0.199
16.25,0.232
81.2,0.325
24.62,0.411
11.45,0.096
16.98,0.088
18.86,0.082
22.35,0.372
22.91,0.27
7.55,0.399
15.01,0.15
18.27,0.734
14.93,0.123
37.97,0.634
18.83,0.118
15.18,0.245
38.0,0.551
25.69,0.435
18.7,0.16
15.66,0.121
23.02,0.098
210.09,0.319
13.44,0.224
14.36,0.299
12.43,0.08
17.75,0.25
19.96,0.21
30.82,0.22
15.84,0.278
9.34,0.267
15.1,0.392
19.03,0.115
20.0,0.183
8.27,0.312
14.1,0.071
11.85,0.853
14.1,0.709
14.84,0.095
29.7,0.27
30.11,0.245
53.29,0.134
11.85,0.564
15.45,0.168
20.74,0.017
20.64,0.26
19.63,0.393
67.22,0.747
14.16,0.243
26.63,0.337
18.46,0.057
7.91,0.053
18.54,0.356
13.42,0.096
11.85,0.269
14.52,0.538
45.12,0.303
15.81,0.105
18.37,0.484
15.1,0.433
16.11,0.81
7.78,0.159
12.52,0.086
13.0,0.217
17.6,0.464
21.14,0.214
24.96,0.104
14.1,0.353
11.85,0.494
19.0,0.146
22.06,2.206
11.85,0.595
13.08,0.437
15.16,0.257
16.88,0.1
17.15,0.133
15.43,0.158
19.32,0.084
15.77,0.197
11.49,0.091
15.23,1.928
17.6,0.469
23.35,0.212
8.96,0.494
27.92,1.06
19.32,0.678
12.46,0.047
25.61,0.207
9.51,0.095
49.14,0.347
15.93,0.095
11.23,0.374
40.39,0.253
15.4,0.205
21.22,0.202
23.43,0.586
36.62,0.488
15.1,0.606
7.78,0.324
7.4,0.372
18.82,0.14
16.73,0.03
13.11,0.094
23.68,0.151
21.51,0.103
15.18,0.253
21.43,0.252
18.47,0.145
11.85,0.396
35.12,0.305
7.7,0.131
67.77,0.339
15.1,0.522
25.69,0.22
13.0,0.265
22.14,0.745
18.15,0.363
26.89,0.857
18.23,0.82
35.09,0.185
13.65,0.152
7.78,0.159
34.15,1.708
25.84,0.129
20.84,0.418
10.96,0.609
44.63,0.378
27.99,0.188
56.96,0.984
12.92,0.19
16.12,0.231
16.49,0.157
14.1,0.488
7.78,0.299
34.69,0.095
15.1,0.629
16.67,0.278
26.25,0.292
10.96,0.255
18.7,0.313
13.47,0.501
21.32,0.109
9.34,0.243
21.3,0.044
8.02,0.073
13.77,0.522
59.06,0.422
14.52,0.441
17.41,0.074
15.74,0.07
19.45,0.086
20.61,1.213
18.87,0.039
7.4,0.372
11.85,0.912
19.58,0.349
34.68,0.275
16.14,0.081
11.85,0.266
13.64,0.153
18.72,0.156
17.13,0.286
12.13,0.135
15.07,0.101
23.29,0.333
20.3,0.102
18.3,0.656
39.49,0.282
17.87,0.203
17.37,0.124
16.58,0.142
8.78,0.149
12.79,0.941
7.39,0.207
17.06,0.379
11.85,0.289
18.64,0.094
11.85,0.476
11.85,0.258
17.2,0.442
16.07,0.298
14.1,0.403
0.0,0.0
8.72,0.182
11.94,0.173
18.61,0.19
7.39,0.164
32.0,0.337
20.36,1.508
50.85,1.04
19.58,0.356
16.33,0.093
12.79,0.284
18.65,0.236
46.12,0.085
18.48,0.337
14.2,0.22
19.5,0.118
14.13,0.24
22.06,1.471
18.23,0.965
7.39,0.151
19.66,0.328
18.47,0.217
18.49,0.336
15.31,0.511
15.1,0.336
23.52,0.067
24.09,0.179
33.24,0.901
18.24,0.915
16.61,0.277
7.78,0.599
15.65,0.121
15.23,0.901
10.56,0.132
15.1,0.387
15.23,1.116
30.08,0.201
19.33,0.11
15.63,0.261
16.98,0.162
17.6,0.353
14.98,0.2
11.83,0.132
16.5,0.156
15.53,0.173
14.0,0.1
7.78,0.173
13.11,0.205
76.17,0.635
36.03,0.113
12.48,0.312
13.44,0.224
15.74,0.113
7.78,0.199
23.44,0.039
68.39,0.814
13.61,0.195
19.42,0.303
14.1,0.644
21.06,0.151
15.7,0.185
15.06,0.081
22.06,1.616
18.45,0.365
17.37,0.124
24.69,0.073
15.55,0.056
18.16,0.14
22.99,0.17
7.39,0.264
12.12,0.135
17.8,0.048
21.05,0.263
18.4,0.429
12.28,0.068
14.33,0.167
11.85,0.79
15.27,0.21
13.47,0.713
18.23,1.825
57.92,0.324
7.8,0.1
16.52,0.153
14.28,0.181
4.05,0.177
25.63,0.659
26.04,0.095
16.15,0.248
24.77,0.071
41.33,0.828
16.78,0.102
15.24,0.218
8.72,0.174
15.1,0.458
7.72,0.119
47.67,0.433
22.66,0.133
16.0,0.089
15.65,0.065
18.74,0.152
17.78,0.595
17.8,0.225
14.3,0.084
11.26,0.323
20.96,0.048
13.64,0.144
14.79,0.166
22.06,0.63
53.4,0.356
17.16,0.078
19.47,0.488
15.1,0.431
14.1,0.353
22.17,0.123
16.35,0.192
20.96,0.14
62.38,2.115
19.04,1.269
16.35,0.192
15.6,0.13
27.06,0.318
68.72,0.289
16.91,0.825
11.85,0.486
23.27,0.235
15.34,0.44
21.63,0.155
17.6,0.353
15.87,0.099
14.15,0.248
11.74,0.152
18.23,0.61
52.21,0.737
13.08,0.344
20.18,0.204
12.01,0.06
28.42,0.095
12.69,0.423
24.85,0.483
7.78,0.649
18.65,0.237
18.77,0.057
11.73,0.196
14.47,0.268
9.8,0.14
20.95,0.028
127.22,0.318
18.3,0.122
8.72,0.219
16.67,0.045
29.08,0.3
92.01,0.076
9.06,0.206
9.94,0.209
26.17,0.206
13.81,0.14
19.58,0.349
15.42,0.189
9.44,0.238
17.98,0.173
11.73,0.168
8.49,0.17
15.15,0.108
13.45,0.018
15.74,0.112
10.96,0.459
23.33,0.359
40.37,0.271
12.17,0.088
16.32,0.204
12.34,0.187
18.51,0.206
23.53,0.091
16.75,0.105
21.62,0.134
12.72,0.116
8.4,0.28
13.65,0.152
15.39,0.067
8.88,0.127
16.14,0.294
35.99,0.093
7.42,0.065
12.23,0.207
15.72,0.132
21.43,0.252
13.08,0.185
8.91,0.111
21.06,0.224
9.44,0.106
38.11,0.476
15.0,0.126
8.88,0.178
14.72,0.249
13.08,0.187
20.52,0.14
10.96,0.551
17.6,0.353
20.33,0.239
15.86,0.1
11.9,0.209
16.42,0.253
13.71,0.333
19.08,0.112
7.78,0.265
9.09,0.26
42.01,0.375
59.24,0.139
95.87,0.355
66.65,0.079
7.39,0.591
15.1,1.68
16.79,0.42
16.96,0.064
7.78,0.236
21.3,0.185
50.98,0.739
39.46,0.232
15.93,0.228
7.71,0.707
7.78,0.203
19.32,0.429
7.94,0.094
17.13,0.087
8.72,0.109
15.1,0.378
36.49,0.179
9.06,0.074
12.49,0.165
16.19,0.046
20.29,0.135
9.43,0.624
45.44,0.305
28.54,0.634
11.85,0.484
13.53,0.234
12.54,0.105
15.1,0.444
19.37,0.298
13.46,0.071
18.09,0.151
59.52,0.259
18.23,0.372
17.81,0.324
15.1,0.95
14.1,0.353
23.81,0.154
14.25,0.11
37.09,1.427
4.28,0.067
8.72,0.153
17.54,0.175
8.29,0.553
12.13,0.418
16.6,0.509
13.14,0.12
23.71,0.264
10.96,0.459
17.78,0.833
21.61,0.135
16.46,0.165
39.67,0.198
13.37,0.268
20.8,1.098
74.62,0.442
21.14,0.223
11.24,0.125
20.64,0.176
21.71,0.544
16.43,0.144
11.88,0.216
62.86,0.561
7.78,0.2
15.38,0.171
7.39,0.74
16.11,0.537
34.52,0.247
27.95,0.074
29.4,0.245
11.85,0.624
9.44,0.106
17.6,0.419
18.23,0.446
15.15,0.266
9.56,0.053
17.6,0.353
21.15,0.846
11.9,0.119
7.39,0.255
26.31,0.125
39.1,0.261
18.14,0.032
17.67,0.295
16.11,0.81
14.81,0.123
16.11,0.343
16.39,0.07
7.78,0.132
15.11,0.303
42.72,0.172
8.3,0.056
88.82,0.467
12.79,1.066
16.7,0.159
16.35,0.193
11.45,0.019
15.1,0.505
13.18,0.11
12.49,0.241
18.61,0.255
71.34,0.549
20.43,0.12
19.38,0.102
13.31,0.143
16.78,0.198
60.2,0.436
23.45,0.188
9.78,0.07
21.5,0.148
36.01,0.114
16.2,0.258
19.04,0.515
15.65,0.121
7.78,0.311
19.84,0.08
11.85,0.705
18.09,0.242
18.23,0.608
16.79,0.365
17.6,0.453
12.79,0.465
16.83,0.085
14.58,0.105
26.63,0.057
17.87,0.201
15.1,0.687
14.1,0.288
18.23,0.57
1.39,0.028
7.78,0.57
13.57,0.172
21.15,0.451
8.11,0.066
15.38,0.171
7.78,0.223
16.79,0.336
16.93,0.242
16.84,0.295
14.1,0.288
16.6,0.138
12.76,0.213
17.5,0.208
17.16,0.132
19.61,0.327
8.72,0.174
17.52,0.113
20.78,0.034
18.94,0.158
15.23,0.331
18.3,0.641
15.55,0.24
18.35,0.05
65.5,0.662
18.45,0.41
8.72,0.291
14.1,1.007
22.77,0.19
16.19,0.203
14.52,0.501
41.89,0.322
26.15,0.055
8.11,0.118
24.19,0.122
15.59,0.13
9.6,0.274
11.02,0.189
8.88,0.254
11.73,0.186
16.11,0.503
14.52,0.292
23.36,0.334
19.43,0.557
25.35,0.369
19.05,0.261
126.65,0.084
15.56,0.37
21.51,0.717
23.27,0.235
36.4,0.244
17.67,0.295
17.23,0.123
16.11,0.329
10.96,0.649
15.23,1.116
15.1,0.472
18.15,0.141
8.82,0.443
26.7,0.303
22.66,0.133
13.17,0.105
15.94,0.094
17.68,0.147
21.73,0.185
12.06,0.151
26.85,0.244
13.57,0.263
15.57,0.179
12.14,0.081
8.72,0.153
17.66,0.299
23.0,0.232
7.39,0.211
9.98,0.091
13.51,0.193
16.35,0.301
14.52,0.068
18.0,0.18
17.6,0.391
31.11,0.271
11.85,0.237
18.45,0.231
37.0,0.047
13.45,0.502
8.72,0.229
9.58,0.08
27.55,0.085
24.06,0.185
11.73,0.343
26.9,0.528
18.45,0.369
3.53,0.051
19.25,0.773
21.12,0.528
0.88,0.055
14.11,0.675
98.98,0.767
32.13,0.083
65.02,0.316
37.04,0.025
17.87,0.201
15.1,0.522
8.69,0.336
17.16,0.132
14.58,0.247
21.81,0.151
15.27,0.273
17.73,0.257
16.22,0.055
7.78,0.216
11.85,1.078
12.93,0.152
5.52,0.212
15.38,0.171
39.65,0.201
10.67,0.153
36.57,0.093
13.55,0.181
16.94,0.171
23.18,0.077
15.67,0.121
42.78,0.809
16.86,0.281
36.9,0.308
9.9,0.04
20.95,0.233
22.34,0.248
18.25,0.083
20.88,0.161
11.85,0.41
12.79,0.256
17.94,0.181
50.09,0.062
9.34,0.187
8.72,0.153
16.79,0.705
16.4,0.246
7.78,0.144
21.93,0.063
40.38,0.269
9.34,0.347
15.1,0.583
8.32,0.104
14.25,0.014
39.29,0.579
14.13,0.098
18.63,0.135
11.12,0.034
16.2,0.149
21.98,0.081
35.18,0.179
14.05,0.142
18.8,0.235
15.24,0.218
15.23,0.346
19.95,0.084
58.93,0.984
7.62,0.147
14.1,0.371
13.11,0.119
9.27,0.124
19.63,0.207
20.71,0.23
18.23,0.608
17.92,0.418
18.23,3.038
15.65,0.247
12.93,0.342
7.87,0.226
11.73,0.357
11.73,0.309
29.86,0.144
9.94,0.193
14.17,0.237
18.54,0.197
12.03,0.16
21.35,0.396
16.11,0.322
15.66,0.12
13.1,0.057
13.18,0.11
18.55,0.286
24.11,0.121
15.56,0.312
7.78,0.205
17.67,0.361
23.75,0.176
14.1,0.353
34.19,0.622
15.68,0.132
37.74,0.419
12.73,0.231
38.58,0.877
12.99,0.167
17.0,0.049
25.67,0.216
15.24,0.762
23.21,0.06
21.47,0.226
24.15,0.125
9.79,0.07
27.77,0.175
16.71,0.046
9.06,0.07
15.62,0.071
25.15,0.513
11.16,0.559
6.63,0.068
14.1,0.362
26.61,0.667
13.13,0.116
20.86,0.394
44.68,0.084
7.78,0.173
12.71,0.042
15.35,0.181
25.73,0.203
32.33,0.023
27.22,0.389
80.74,0.673
11.97,0.109
14.71,0.07
12.79,0.284
15.35,0.64
62.26,0.273
18.33,0.287
14.43,1.031
15.1,0.303
10.96,0.632
24.84,0.828
9.88,0.065
17.67,0.295
15.1,0.387
14.1,0.314
14.67,0.077
14.57,0.256
12.62,0.079
7.43,0.311
15.67,0.121
7.44,0.298
8.72,0.109
24.94,0.384
27.0,0.159
19.22,0.214
14.1,0.746
12.74,0.224
16.79,0.672
13.43,0.228
13.18,0.11
17.35,0.276
11.73,0.196
17.67,0.295
38.97,0.354
27.43,0.173
17.14,0.172
41.11,0.824
20.62,0.206
13.47,0.904
16.99,0.214
15.48,0.054
25.69,0.021
7.39,0.925
7.81,0.1
11.74,0.336
25.63,0.777
17.67,0.295
37.97,0.634
19.04,0.075
13.46,0.25
20.57,0.343
22.8,0.183
13.08,0.443
16.84,0.056
54.3,0.604
7.39,0.477
21.66,0.13
12.26,0.113
14.32,0.077
15.46,0.298
16.46,0.165
8.72,1.026
17.15,0.086
25.88,0.174
19.06,0.113
37.56,0.063
13.08,0.218
19.46,0.278
14.05,0.142
15.1,0.504
24.55,0.311
26.03,0.098
22.06,0.441
39.44,0.33
14.1,0.442
15.1,0.689
14.07,0.138
15.11,0.351
13.37,0.383
17.45,0.165
42.41,1.418
8.72,0.224
19.15,0.147
18.26,0.797
46.44,0.258
15.1,3.872
83.61,0.335
13.89,0.111
15.38,0.389
18.23,1.147
19.91,0.052
16.17,0.275
7.45,0.277
7.78,0.159
32.14,0.162
13.37,0.582
17.63,0.63
14.33,0.179
12.13,0.135
14.74,0.045
12.43,0.048
17.67,0.295
14.1,0.545
20.02,0.057
8.85,0.068
16.39,0.182
15.23,0.508
9.67,0.092
13.33,0.444
12.49,0.178
11.99,0.172
107.87,0.208
18.23,1.302
13.55,0.181
20.43,0.031
45.91,0.079
13.71,0.352
17.94,0.181
15.61,0.127
13.39,0.253
15.1,0.303
35.95,0.072
33.32,0.267
7.93,0.083
11.85,0.484
15.1,0.336
31.1,1.382
15.1,0.378
35.98,0.379
16.79,0.844
17.14,0.172
7.78,0.205
13.14,0.091
11.15,0.189
9.9,0.086
9.34,0.234
23.41,0.18
15.1,0.431
1.09,0.084
9.47,0.194
13.69,0.274
13.07,0.187
15.43,0.515
15.79,0.322
23.03,0.7
7.87,0.161
16.11,0.556
11.85,0.484
18.98,0.19
8.29,0.461
13.32,0.121
18.88,0.171
18.04,0.159
18.23,0.365
53.18,0.355
8.76,0.103
17.27,0.173
19.32,0.646
17.67,0.295
12.79,0.752
193.21,0.029
12.79,0.858
9.34,0.509
15.1,0.53
12.61,0.097
11.92,0.199
16.05,0.087
18.23,0.629
13.03,0.133
13.16,0.128
27.03,0.2
14.57,0.394
59.91,0.307
9.34,0.374
12.61,0.186
16.41,0.469
9.17,0.066
6.09,0.088
8.72,0.19
16.25,0.232
34.51,0.024
12.13,0.135
17.0,0.113
13.93,0.281
9.44,0.105
20.94,0.053
15.11,0.379
8.88,0.148
15.49,0.172
22.57,0.035
15.1,0.759
18.59,0.133
17.93,0.6
7.39,0.437
7.39,0.296
19.04,1.269
21.22,0.354
7.39,0.573
45.3,0.378
15.1,0.693
3.57,0.071
24.94,0.278
15.1,0.432
7.47,0.25
9.34,0.187
25.55,0.128
18.19,0.14
16.05,0.575
37.97,0.634
7.44,0.298
22.75,0.153
9.06,0.074
13.9,0.11
7.78,0.111
15.81,0.105
7.78,0.141
9.44,0.105
15.1,0.302
16.11,0.367
15.1,1.171
7.78,0.311
39.61,0.33
8.72,0.146
21.7,0.199
19.32,0.666
101.57,0.169
16.66,0.282
17.67,0.295
9.1,0.228
8.82,0.256
38.92,0.122
12.69,0.277
36.07,0.111
16.4,0.548
17.6,0.353
11.18,0.14
20.95,0.512
35.67,1.143
17.6,0.44
68.99,0.767
18.04,0.159
43.34,0.314
24.29,0.097
15.11,0.433
7.94,0.199
11.86,0.22
27.05,0.252
4.15,0.087
16.53,0.15
60.31,0.241
16.44,0.336
26.01,0.153
67.03,0.638
10.96,0.731
30.08,0.201
31.23,0.047
44.84,0.301
22.17,0.443
28.81,0.081
18.16,0.14
23.9,0.184
19.6,0.384
18.31,0.611
22.59,0.141
20.14,0.038
8.3,0.056
18.29,0.68
22.84,0.846
15.2,0.234
25.12,0.083
24.27,0.061
18.37,0.471
22.4,0.228
13.47,0.208
16.41,0.055
11.85,0.263
7.6,0.155
7.41,0.095
15.1,0.583
20.85,0.083
21.78,0.118
23.38,0.167
23.98,0.16
44.81,1.152
15.3,0.255
17.95,0.18
12.05,0.154
11.73,0.181
38.58,0.879
15.79,0.3
14.45,0.726
13.45,0.108
16.25,0.232
21.6,0.137
34.15,0.901
19.22,0.101
18.08,0.121
15.1,0.799
7.87,0.437
21.21,0.073
10.96,0.336
8.41,0.051
11.85,0.242
21.15,0.432
15.1,0.504
16.07,0.298
9.34,0.156
14.52,0.605
11.62,0.324
18.5,0.035
8.63,0.24
16.86,0.281
14.47,0.163
19.65,0.333
23.02,0.077
24.86,0.239
8.27,0.118
17.27,0.216
50.85,1.13
21.4,0.165
18.45,0.37
21.38,0.054
23.89,0.228
18.07,0.259
21.15,0.705
18.37,0.227
14.11,0.47
14.59,0.122
27.58,0.15
17.92,0.502
23.29,0.333
15.11,0.291
19.19,0.123
17.02,0.155
12.62,0.18
34.83,0.139
17.94,0.183
16.08,0.085
7.39,0.211
9.0,0.604
38.4,0.411
12.97,0.062
38.71,0.08
14.44,0.552
13.27,0.049
12.69,0.448
25.63,4.272
16.11,0.404
51.61,0.156
17.67,0.295
7.45,0.281
9.44,0.151
11.62,0.277
12.55,0.21
22.04,0.11
11.36,0.232
37.99,0.38
18.9,0.166
19.32,1.215
12.23,0.306
36.21,0.362
15.11,0.308
16.79,0.56
10.21,0.051
21.52,0.135
39.01,0.372
8.88,0.089
19.46,0.499
13.75,0.153
11.73,0.202
7.78,0.13
22.14,0.74
59.94,0.226
18.2,0.202
14.8,0.164
12.8,0.643
9.37,0.117
29.91,0.137
14.08,0.353
62.78,0.166
19.07,0.16
16.11,0.42
11.85,0.395
11.59,0.083
15.1,0.504
15.95,0.638
4.8,0.181
19.95,0.037
18.0,0.138
18.25,0.833
32.67,0.128
24.66,0.051
7.39,0.288
18.94,0.158
24.05,0.098
35.22,0.352
14.1,0.353
22.97,0.345
9.34,0.268
22.93,0.956
22.06,1.164
15.11,0.581
18.78,0.146
20.9,0.676
12.55,0.21
11.27,0.12
26.92,0.224
11.85,1.197
13.57,0.172
8.29,0.576
22.06,1.109
23.21,0.258
45.34,0.252
14.1,0.307
7.78,0.633
7.87,0.558
9.44,0.182
9.26,0.189
16.74,0.12
12.79,0.328
19.28,0.145
13.79,0.468
14.34,0.132
18.64,0.094
14.32,0.171
19.53,0.244
17.97,0.513
16.0,0.125
21.66,0.13
16.83,0.077
20.63,0.43
11.7,0.263
9.34,0.361
18.26,0.795
14.14,0.088
7.39,0.247
17.31,0.138
15.4,0.214
7.39,0.185
27.29,0.07
14.37,0.161
13.22,0.079
26.27,0.128
46.11,0.2
16.13,0.309
22.19,0.222
38.92,0.341
11.93,0.092
14.43,0.481
0.0,0.0
17.81,0.223
13.66,0.149
18.23,0.367
11.85,0.247
29.03,0.323
10.47,0.023
5.82,0.065
15.17,0.259
14.48,0.263
15.1,0.378
21.1,0.141
37.53,0.313
23.0,0.204
18.7,0.159
7.94,0.206
7.39,0.583
13.71,0.138
7.61,0.283
12.08,0.122
19.28,0.114
10.08,0.037
57.51,0.48
40.68,0.194
86.34,0.216
18.27,0.332
13.61,1.517
16.32,0.341
18.73,0.129
13.44,0.224
28.22,0.235
8.11,0.271
8.11,0.271
19.06,0.113
14.13,0.257
16.11,0.42
18.01,0.165
13.28,0.332
20.33,0.064
7.78,0.599
14.82,0.141
15.1,0.604
7.78,0.124
15.1,0.759
60.53,0.904
16.5,0.066
15.1,0.899
15.1,0.744
7.39,0.477
14.17,0.245
22.0,0.232
26.27,0.128
22.24,0.293
11.85,0.237
17.07,0.146
27.02,0.087
15.29,0.096
10.96,0.275
53.3,0.214
21.85,0.607
15.79,0.634
3.67,0.053
9.36,0.134
7.39,0.211
17.84,0.21
18.23,0.13
15.1,0.888
28.75,0.719
19.45,0.194
15.1,1.013
12.89,0.198
8.53,0.078
9.39,0.164
23.41,0.065
13.15,0.188
11.5,0.167
17.55,0.146
119.56,0.501
21.13,0.218
12.79,0.609
17.83,0.215
12.11,0.093
9.34,0.208
18.81,0.212
12.99,0.164
18.0,0.753
50.85,2.035
7.68,0.128
12.03,0.16
27.51,0.423
19.44,0.555
37.14,0.571
8.35,0.054
7.39,0.255
8.29,0.119
18.31,0.306
15.1,0.403
14.02,0.108
30.31,0.178
18.23,1.402
25.63,0.642
8.27,0.131
11.87,0.225
7.98,0.101
37.55,0.638
18.2,0.087
24.02,0.137
38.36,0.089
15.1,0.303
67.26,0.192
7.78,0.324
14.43,0.484
12.03,0.158
7.78,0.47
3.02,0.066
24.17,0.027
13.47,0.713
17.92,0.384
13.71,0.289
12.48,0.627
17.6,0.419
46.27,0.179
38.55,0.27
15.66,0.196
37.05,0.15
8.11,0.253
9.34,0.156
20.86,0.03
16.77,0.058
12.69,0.254
15.44,0.193
3.8,0.349
4.33,0.045
12.75,0.216
18.27,0.183
15.33,0.883
8.03,0.073
26.85,0.34
12.19,0.122
14.28,0.408
17.94,0.03
31.7,0.159
20.91,0.349
12.54,0.084
8.88,0.223
7.47,0.25
15.15,0.275
10.48,0.21
12.84,0.182
41.59,0.479
8.27,0.505
12.36,0.1
7.71,0.131
16.79,1.127
11.9,0.162
12.69,0.325
111.44,0.261
15.56,0.349
18.23,1.688
15.11,0.505
16.21,0.253
14.59,0.122
9.94,0.355
7.6,0.155
32.22,0.154
68.47,0.228
18.0,0.09
18.3,0.122
16.71,0.06
15.1,0.95
15.1,0.561
25.63,0.642
7.78,0.259
64.37,0.477
21.13,0.141
7.39,0.496
19.74,0.25
52.75,0.593
14.1,0.353
13.74,0.156
19.61,0.327
25.29,0.396
21.13,0.302
7.54,0.191
8.72,0.108
32.16,0.169
39.38,0.103
14.52,0.583
22.66,0.133
9.34,0.208
13.71,0.138
11.85,0.624
15.15,0.266
22.96,0.658
21.5,0.229
15.49,0.086
20.71,0.23
26.89,0.449
19.07,0.137
15.85,0.284
18.34,0.682
17.06,0.155
12.29,0.095
23.97,0.12
8.09,0.069
22.93,0.459
10.88,0.109
9.44,0.141
55.1,0.459
17.67,0.295
15.14,0.303
16.79,0.421
99.97,0.4
11.85,0.339
18.98,0.152
12.76,0.213
37.56,0.27
18.23,0.608
13.45,0.093
6.58,0.414
9.64,0.215
11.85,0.652
17.42,0.249
44.28,0.643
19.26,0.241
14.52,0.538
15.45,0.155
17.6,0.724
22.37,0.099
14.61,0.064
12.38,0.129
7.49,0.227
12.79,0.86
19.32,0.646
47.37,0.395
7.39,0.549
20.08,0.127
11.73,0.116
12.22,0.111
36.88,0.148
58.63,0.098
14.1,0.522
15.32,0.486
15.1,0.581
12.28,0.051
12.26,0.155
22.13,0.117
8.82,0.294
13.82,0.21
19.43,0.102
18.89,0.13
28.7,0.195
20.06,0.287
17.09,0.051
16.01,0.097
0.0,0.0
18.34,0.541
25.19,0.842
100.68,0.102
55.98,0.709
9.94,0.249
7.43,0.31
20.39,0.093
19.66,0.328
14.44,0.315
20.78,0.208
25.54,0.15
9.14,0.065
15.61,0.127
19.98,0.286
22.42,0.321
25.75,0.198
19.65,0.302
36.22,0.453
14.66,0.209
14.1,0.47
7.78,0.159
16.41,0.513
13.55,0.085
16.15,0.081
16.57,0.079
15.83,0.102
11.85,0.24
16.06,0.309
15.17,0.254
17.82,0.113
7.58,0.165
56.61,1.112
34.84,0.235
9.24,0.072
16.48,0.111
17.97,0.45
16.33,0.816
17.29,0.266
11.59,0.083
12.79,0.715
25.7,0.039
16.35,0.182
12.99,0.051
11.73,0.196
8.9,0.297
15.1,0.505
18.4,0.155
14.1,0.522
16.04,0.153
13.61,0.349
20.94,0.299
19.59,0.435
17.26,0.23
21.39,0.329
17.93,1.061
9.22,0.138
42.03,0.28
17.45,0.08
15.67,0.121
17.75,0.247
16.79,0.063
8.62,0.172
8.02,0.073
15.59,0.13
17.57,0.068
14.31,0.179
12.07,0.159
14.12,0.283
15.3,0.194
15.3,0.255
0.0,0.0
16.19,0.265
14.1,1.176
11.32,0.113
26.96,0.453
7.39,0.132
18.77,1.054
17.0,0.096
14.93,0.088
12.79,1.164
34.79,0.194
17.92,0.717
18.51,0.103
18.23,0.653
59.18,0.658
22.95,0.353
13.21,0.169
13.47,0.713
14.1,0.283
14.52,0.558
14.58,0.768
70.7,0.034
2.79,0.109
16.12,0.082
19.05,0.477
16.82,0.038
12.99,0.164
14.52,0.583
15.15,0.266
0.0,0.0
41.79,0.209
12.49,0.179
17.78,0.463
12.79,1.47
8.72,0.436
22.12,0.376
8.64,0.48
20.31,0.127
18.56,0.172
18.23,0.608
23.97,0.102
26.71,0.297
25.65,0.487
41.4,0.231
114.08,0.073
16.11,0.546
12.48,0.313
18.35,0.306
11.85,0.305
12.18,0.087
73.72,0.247
17.92,0.499
5.51,0.277
9.81,0.069
15.1,0.388
14.1,0.705
27.96,0.178
13.93,0.107
16.92,0.415
18.81,0.019
42.38,2.13
16.28,0.217
11.85,0.181
27.06,0.193
8.09,0.076
8.34,0.054
15.24,0.218
14.87,0.186
3.12,0.068
21.28,0.112
18.8,0.07
17.78,0.711
14.58,0.123
18.34,0.168
48.0,0.601
12.25,0.114
35.67,0.794
26.8,0.412
7.78,0.389
19.09,0.737
39.06,0.116
23.5,0.235
67.12,0.069
18.23,0.96
17.6,0.44
27.51,0.423
17.64,0.118
15.0,0.084
24.11,0.23
75.69,0.329
25.25,0.252
16.18,0.27
12.25,0.114
7.78,0.243
7.39,0.423
16.92,0.369
13.37,0.311
15.15,0.266
20.99,0.162
21.93,0.244
19.48,0.464
16.2,0.581
7.78,0.622
18.29,0.123
15.1,0.309
7.87,0.543
22.96,0.128
7.39,0.125
21.02,0.154
14.1,0.616
11.87,0.222
22.96,0.128
10.01,0.1
11.89,0.071
9.34,0.243
23.42,0.195
25.85,0.129
19.39,0.324
16.11,0.462
17.92,0.189
14.85,0.136
6.78,0.17
12.16,0.129
37.07,0.148
18.12,0.145
16.11,0.46
19.24,0.192
91.68,0.153
16.4,0.149
11.15,0.189
23.32,0.937
6.0,0.031
14.52,0.363
20.8,0.632
18.59,0.267
7.3,0.293
15.23,0.305
17.67,0.295
28.12,0.241
20.32,0.145
9.34,0.312
7.78,0.13
34.15,0.899
18.23,1.216
58.03,0.363
9.41,0.111
8.11,0.271
19.32,0.386
17.09,0.09
10.96,0.224
21.18,0.432
14.41,0.152
16.82,0.306
10.97,0.211
44.84,0.301
12.96,0.371
19.53,0.244
8.88,0.234
11.85,0.286
7.78,0.268
23.26,0.122
14.59,0.243
17.67,0.295
11.87,0.225
26.33,0.176
17.67,0.295
29.19,0.225
67.14,0.225
8.73,0.108
15.41,0.163
14.42,0.072
8.27,0.414
9.55,0.057
27.71,0.167
13.94,0.093
8.27,0.352
19.74,0.166
14.1,0.371
45.05,0.252
23.11,0.154
8.37,0.093
13.37,0.268
47.21,0.484
18.0,0.3
14.37,0.163
49.08,0.078
25.63,0.772
11.85,0.269
9.55,0.12
39.09,0.218
15.56,0.39
11.09,0.023
17.27,0.039
7.78,0.12
15.2,0.364
17.73,0.273
16.41,0.075
11.85,0.474
11.73,0.294
11.74,0.264
14.68,0.113
17.06,1.177
15.23,0.386
15.1,0.503
21.97,0.116
7.71,0.258
23.23,0.375
11.85,0.34
21.15,1.245
11.86,0.233
17.0,0.142
26.0,0.168
13.44,0.224
12.79,0.256
15.13,0.275
16.44,0.329
16.46,0.165
13.78,0.119
19.38,0.289
15.1,0.387
17.86,0.06
21.93,0.244
15.16,0.257
12.69,0.552
15.49,0.148
38.03,0.551
8.72,0.606
8.72,0.182
15.28,0.071
18.43,0.819
22.03,0.13
22.1,0.902
7.78,0.203
14.38,0.16
18.23,0.629
34.38,0.026
16.6,0.332
31.57,0.263
16.79,0.672
8.27,0.416
8.27,0.414
20.72,0.095
13.6,0.368
83.53,0.24
34.15,0.813
17.8,0.225
18.57,0.098
20.59,0.103
22.21,0.308
23.2,0.264
16.73,0.349
19.94,0.2
15.65,0.249
18.07,0.055
22.28,0.446
18.23,0.729
13.52,0.08
18.12,0.145
17.56,0.11
7.39,0.164
14.13,0.262
16.41,0.515
17.86,0.108
23.71,0.182
15.27,0.204
25.64,0.155
25.58,0.301
21.11,0.05
12.86,0.067
20.92,0.308
14.72,0.249
11.55,0.154
17.31,0.138
34.44,0.267
10.86,0.136
22.4,0.032
31.94,0.188
16.82,0.044
15.25,0.727
14.52,0.373
25.24,0.421
7.71,0.67
7.78,0.259
8.65,0.124
13.36,0.134
16.59,0.066
16.79,0.336
38.99,2.437
16.22,0.248
8.42,0.105
18.63,0.986
15.38,0.171
22.01,0.041
19.96,0.044
17.67,0.295
21.3,0.3
17.5,0.336
27.23,0.278
58.9,1.472
7.78,0.259
16.32,1.088
62.43,0.067
7.39,0.579
19.81,0.223
23.88,0.128
14.17,0.237
23.87,0.268
24.96,0.423
17.0,0.049
9.44,0.236
14.1,0.362
8.4,0.168
43.05,0.239
14.38,0.073
17.69,0.281
14.25,0.198
11.73,0.18
15.08,0.114
17.63,0.393
0.05,0.001
8.5,0.174
7.78,0.487
9.13,0.082
7.87,0.276
16.11,0.421
15.1,0.36
30.3,0.275
14.87,0.093
34.58,0.232
14.1,0.544
18.23,1.519
14.13,0.262
40.23,0.144
17.6,0.091
25.63,0.887
15.1,0.378
20.13,0.149
13.0,0.163
25.54,0.15
10.09,0.288
104.0,0.261
19.91,0.332
16.53,0.07
8.72,0.25
35.0,1.852
20.99,0.421
14.1,0.709
34.4,0.119
8.69,0.033
13.68,0.157
9.94,0.062
25.66,0.071
61.01,0.436
7.93,0.061
7.78,0.391
12.71,0.154
16.41,0.069
15.1,0.378
26.5,0.184
18.33,0.564
31.87,0.266
13.08,0.344
21.22,0.202
27.37,0.458
9.09,0.202
12.79,0.426
15.23,1.016
59.85,0.097
15.23,0.802
26.39,0.211
18.53,0.062
19.02,0.054
20.58,0.317
15.23,0.354
7.39,0.623
18.56,0.286
21.49,0.15
7.39,0.127
10.38,0.297
7.95,0.08
14.42,0.04
15.23,1.116
14.35,0.131
13.69,0.076
27.94,0.18
15.41,0.163
27.73,0.079
14.86,0.093
37.49,0.187
23.49,0.181
13.25,0.024
16.74,0.152
32.5,0.135
39.43,0.2
23.5,0.471
13.85,0.355
14.61,0.119
51.61,0.325
8.0,0.755
36.6,0.244
19.43,0.059
18.23,0.383
17.67,0.295
14.1,0.353
19.32,0.215
16.95,0.17
14.19,0.258
13.64,0.153
8.36,0.3
8.27,0.205
27.23,0.278
9.65,0.052
12.79,0.458
38.77,0.146
5.93,0.198
19.99,0.2
17.6,0.441
22.8,0.183
16.89,0.1
19.0,0.148
3.95,0.058
15.44,0.193
5.66,0.099
9.34,0.312
22.11,0.691
13.95,0.054
42.84,0.393
20.99,0.024
16.06,0.095
16.86,0.281
12.43,0.178
13.25,0.053
16.4,0.178
15.1,0.759
32.33,0.135
0.0,0.0
27.21,0.209
23.29,0.233
18.33,0.557
15.11,0.393
15.1,0.757
15.23,0.693
24.02,0.073
34.15,0.854
11.15,0.279
28.62,1.145
16.97,0.098
39.55,0.495
18.73,0.208
12.79,0.321
22.77,0.33
8.44,0.05
17.26,0.119
15.74,0.072
15.1,0.444
18.25,0.344
16.95,0.17
23.27,0.235
39.28,0.357
8.27,0.236
19.41,0.084
21.85,0.28
16.81,0.21
19.82,0.086
18.48,0.109
7.55,0.292
17.1,0.182
17.67,0.361
13.37,0.267
17.63,0.452
162.92,0.408
7.79,0.104
12.79,0.366
15.1,0.759
35.0,0.081
13.65,0.152
7.39,0.324
21.59,0.024
12.69,0.641
8.68,0.048
82.35,0.458
22.38,0.344
59.68,0.202
13.9,0.039
18.0,0.3
47.51,0.34
10.77,0.57
17.88,0.199
13.21,0.142
13.37,0.273
23.5,0.138
19.43,0.557
8.27,0.354
11.71,0.129
13.85,0.199
17.26,0.493
26.27,0.128
15.14,0.076
29.12,0.132
15.94,0.094
8.57,0.072
29.21,0.254
38.32,0.349
18.7,0.145
7.78,0.648
14.93,0.05
18.0,0.072
13.0,0.163
11.74,0.408
14.1,0.709
9.1,0.068
21.3,0.185
15.1,0.759
7.44,0.292
18.91,0.163
15.55,0.164
15.91,0.159
79.88,2.672
7.78,0.169
26.88,0.336
14.06,0.094
34.15,0.683
18.44,0.109
12.48,0.66
18.51,0.137
42.42,0.759
9.08,0.193
23.11,0.515
19.84,0.423
15.1,0.328
13.52,0.188
8.27,0.117
8.11,0.066
39.22,0.164
20.02,0.08
56.22,0.141
9.36,0.108
15.58,0.122
7.78,0.3
8.88,0.634
7.88,0.396
15.27,0.613
11.53,0.121
14.63,0.098
37.92,0.426
12.48,0.66
18.23,1.351
82.7,0.207
15.1,0.889
17.16,0.382
7.87,0.416
11.85,0.456
30.14,0.346
18.21,0.202
15.1,0.689
15.3,0.194
16.74,0.12
17.25,0.074
8.27,0.505
11.81,0.136
24.29,0.072
7.78,0.223
15.92,0.023
15.1,0.459
12.25,0.088
16.18,0.27
25.38,0.725
38.08,0.476
8.72,0.265
28.12,0.408
36.21,0.362
20.05,0.174
13.47,0.763
7.39,0.185
14.15,0.248
11.54,0.03
16.92,0.178
18.76,0.15
12.09,0.142
19.74,0.166
11.75,0.231
18.93,0.098
86.25,0.556
19.28,0.114
19.58,0.224
12.83,0.233
18.33,0.039
35.0,0.292
16.6,0.462
13.11,0.094
17.24,0.075
12.69,0.254
35.69,0.132
11.14,0.147
19.08,0.636
24.24,0.102
19.32,0.613
14.11,0.47
43.1,0.435
39.36,0.548
19.9,0.197
24.91,0.416
15.74,0.07
45.46,0.35
17.66,0.299
8.04,0.089
16.11,0.323
37.9,0.883
37.37,0.567
22.72,0.06
8.27,0.243
14.97,0.13
15.1,0.323
38.1,0.952
26.89,0.908
14.13,0.236
67.52,1.23
28.29,0.09
12.23,0.184
12.17,0.128
7.39,0.623
11.73,0.168
14.54,0.048
0.14,0.001
16.95,0.424
0.0,0.0
7.39,0.155
15.3,0.196
19.32,0.403
11.74,0.317
34.15,2.021
68.47,0.228
11.98,0.194
78.6,0.094
16.79,0.56
130.18,0.109
22.06,1.109
13.71,0.299
16.0,0.089
18.25,0.849
