freight_value,price,distance_km,weight_kg,volume_cm3,freight_ratio,category,customer_state
21.38,399.0,815.97,0.99,3645.0,0.05,computers_accessories,SC
23.49,99.06,492.95,1.65,12500.0,0.24,garden_tools,RJ
17.85,85.9,902.79,1.18,11025.0,0.21,bed_bath_table,ES
18.8,53.0,548.73,0.65,2560.0,0.36,bed_bath_table,MG
30.86,189.99,2437.5,1.67,15600.0,0.16,computers_accessories,PA
17.87,89.0,878.38,5.35,31920.0,0.2,stationery,MS
25.54,170.0,1454.03,0.7,10080.0,0.15,telephony,SP
13.43,110.32,263.38,0.2,990.0,0.12,health_beauty,SP
17.63,16.17,2084.67,0.2,624.0,1.09,garden_tools,PE
119.84,279.0,348.46,17.3,17576.0,0.43,garden_tools,RJ
9.6,111.9,21.62,3.6,31200.0,0.09,furniture_decor,SP
16.31,78.0,921.93,1.35,12000.0,0.21,furniture_decor,RS
12.77,249.9,23.17,1.45,6000.0,0.05,construction_tools_construction,SP
17.63,49.0,2385.13,0.25,640.0,0.36,watches_gifts,CE
15.2,65.0,640.99,0.25,352.0,0.23,watches_gifts,PR
8.72,30.0,31.29,0.08,5916.0,0.29,computers_accessories,SP
14.08,23.65,608.31,0.9,5175.0,0.6,housewares,MG
15.13,53.7,444.92,0.42,1755.0,0.28,watches_gifts,SP
16.11,37.5,405.36,0.96,47916.0,0.43,housewares,SC
13.62,16.9,307.06,0.25,2112.0,0.81,bed_bath_table,SP
16.99,12.0,334.37,0.6,5130.0,1.42,unknown,RJ
14.16,82.99,300.1,1.0,2560.0,0.17,bed_bath_table,SP
7.39,9.99,20.77,0.12,5168.0,0.74,toys,SP
1.98,11.64,151.63,0.2,8448.0,0.17,christmas_supplies,SP
22.09,22.83,1267.89,0.15,4608.0,0.97,computers_accessories,BA
18.46,219.0,747.23,0.45,561.0,0.08,telephony,PB
23.63,150.0,754.62,2.65,5472.0,0.16,auto,RS
7.43,24.9,7.58,0.15,1360.0,0.3,health_beauty,SP
20.98,287.7,492.75,0.7,2320.0,0.07,health_beauty,PR
17.3,153.0,410.08,0.82,7098.0,0.11,computers_accessories,MG
21.43,19.0,867.07,1.88,12167.0,1.13,health_beauty,RS
15.16,59.0,702.52,0.4,864.0,0.26,housewares,RJ
34.57,72.0,1466.74,8.35,59616.0,0.48,garden_tools,BA
7.78,20.49,87.99,0.1,6426.0,0.38,sports_leisure,SP
15.57,199.99,356.26,0.4,5632.0,0.08,perfumery,MG
58.9,149.9,498.56,0.5,880.0,0.39,telephony,SP
33.71,37.8,382.17,6.95,1848.0,0.89,sports_leisure,SP
16.0,178.9,779.41,0.2,1584.0,0.09,musical_instruments,SP
19.89,519.99,369.22,1.15,14520.0,0.04,toys,RJ
20.89,328.0,798.28,1.5,8294.0,0.06,small_appliances,SP
20.75,40.0,1074.89,1.0,7200.0,0.52,bed_bath_table,DF
41.26,40.0,714.36,5.3,31500.0,1.03,furniture_decor,PR
69.93,159.99,2345.25,10.02,68970.0,0.44,office_furniture,MA
15.69,103.9,551.56,1.25,9000.0,0.15,bed_bath_table,RJ
62.26,228.0,709.27,12.0,70875.0,0.27,construction_tools_lights,MG
19.63,49.0,1438.14,1.65,19800.0,0.4,garden_tools,BA
7.78,16.9,14.61,0.05,880.0,0.46,perfumery,SP
9.45,179.49,149.1,0.55,6048.0,0.05,auto,SP
19.66,99.0,429.06,1.55,8960.0,0.2,bed_bath_table,PR
12.72,84.0,358.9,0.17,2808.0,0.15,computers_accessories,PR
8.64,22.5,23.57,0.3,4536.0,0.38,home_construction,SP
43.32,148.0,1080.48,1.25,8349.0,0.29,furniture_decor,DF
16.18,59.4,665.42,0.7,6615.0,0.27,bed_bath_table,PR
14.1,47.9,621.17,0.4,4560.0,0.29,computers_accessories,MG
26.96,59.99,2281.63,0.8,24000.0,0.45,baby,CE
16.12,195.0,684.12,0.46,3240.0,0.08,watches_gifts,MG
22.17,239.9,549.59,1.25,22500.0,0.09,health_beauty,RJ
27.51,111.9,1277.38,1.5,18000.0,0.25,bed_bath_table,MG
24.35,27.99,2464.87,0.3,1232.0,0.87,auto,PA
12.48,16.99,381.15,0.3,3927.0,0.74,small_appliances,MG
21.18,98.9,842.61,2.7,21120.0,0.21,sports_leisure,ES
28.82,59.9,1285.71,1.6,12250.0,0.48,furniture_decor,RS
15.23,34.9,795.74,0.15,960.0,0.44,sports_leisure,SP
18.88,90.0,527.05,1.85,19872.0,0.21,health_beauty,SP
19.33,149.9,416.58,5.33,38988.0,0.13,air_conditioning,SC
9.34,34.9,15.34,0.3,5616.0,0.27,bed_bath_table,SP
14.15,56.99,848.65,0.25,3360.0,0.25,perfumery,RS
20.76,379.99,632.18,0.48,1008.0,0.06,garden_tools,PR
13.08,59.0,74.01,1.62,4080.0,0.22,computers_accessories,SP
23.21,388.0,540.08,11.1,78584.0,0.06,baby,PR
34.26,320.0,1318.88,2.45,9044.0,0.11,health_beauty,SP
15.1,24.99,766.96,0.15,792.0,0.6,telephony,RS
9.07,259.0,91.47,2.55,30400.0,0.04,auto,SP
12.94,39.95,423.47,0.45,5120.0,0.32,home_construction,SP
22.8,155.0,1570.12,0.3,1080.0,0.15,telephony,MT
28.98,89.9,38.5,0.95,11550.0,0.32,toys,SP
7.39,13.9,47.88,0.2,3000.0,0.53,computers_accessories,SP
12.48,18.9,290.58,0.1,3564.0,0.66,electronics,SP
12.79,37.95,241.11,0.5,7803.0,0.34,home_construction,SP
15.23,22.8,821.21,0.25,2450.0,0.67,electronics,GO
17.81,157.0,360.97,9.75,12600.0,0.11,bed_bath_table,SP
18.65,78.0,449.46,0.25,640.0,0.24,watches_gifts,PR
8.17,24.9,19.92,0.05,15625.0,0.33,housewares,SP
8.82,90.0,52.71,0.4,3402.0,0.1,sports_leisure,SP
21.58,114.9,354.0,1.5,13690.0,0.19,bed_bath_table,PR
7.61,49.99,10.91,0.25,2080.0,0.15,housewares,SP
16.45,99.0,511.67,0.85,2520.0,0.17,auto,PR
19.32,50.0,871.72,0.95,12500.0,0.39,bed_bath_table,ES
18.48,54.9,886.36,0.1,816.0,0.34,auto,SC
18.76,169.99,755.42,0.95,3445.0,0.11,housewares,MS
42.44,699.0,2159.58,1.82,33712.0,0.06,cool_stuff,PB
59.14,259.0,1941.92,9.1,59319.0,0.23,housewares,BA
15.1,144.99,256.83,1.05,19008.0,0.1,cool_stuff,SP
19.11,28.99,2377.24,0.2,5000.0,0.66,housewares,CE
14.11,37.99,335.01,0.15,1520.0,0.37,telephony,RJ
17.63,33.0,1310.37,0.45,4199.0,0.53,housewares,SC
19.84,85.4,666.05,1.45,16170.0,0.23,luggage_accessories,ES
18.23,34.99,465.88,0.2,1200.0,0.52,computers_accessories,MG
18.55,64.9,580.3,0.35,4800.0,0.29,computers_accessories,RJ
21.26,59.9,353.76,7.0,32994.0,0.36,housewares,RJ
25.97,99.0,2131.84,0.28,5544.0,0.26,tablets_printing_image,PE
13.91,224.5,304.31,0.51,5304.0,0.06,perfumery,SP
15.1,39.99,411.5,0.35,3800.0,0.38,bed_bath_table,PR
18.23,19.49,330.3,0.2,6859.0,0.94,sports_leisure,RJ
38.05,71.82,1962.09,1.4,8712.0,0.53,fashion_shoes,AL
37.21,42.93,2305.76,0.18,2210.0,0.87,sports_leisure,PA
27.42,159.9,550.89,2.75,16384.0,0.17,home_appliances_2,PR
12.48,29.9,379.11,0.2,1875.0,0.42,computers_accessories,MG
19.53,79.9,623.42,0.55,5390.0,0.24,furniture_decor,SP
8.72,50.0,96.49,0.46,6210.0,0.17,consoles_games,SP
8.27,65.0,82.59,0.3,7680.0,0.13,health_beauty,SP
19.24,284.9,330.18,2.55,58512.0,0.07,bed_bath_table,MG
21.07,18.51,477.94,0.15,640.0,1.14,garden_tools,SC
14.52,38.9,404.87,0.22,624.0,0.37,construction_tools_construction,SP
13.58,79.9,242.99,1.1,10353.0,0.17,bed_bath_table,SP
9.72,129.6,5.57,1.2,17500.0,0.08,toys,SP
7.78,49.9,6.54,0.1,1600.0,0.16,fashion_bags_accessories,SP
13.71,13.77,328.0,0.12,1045.0,1.0,telephony,RJ
20.7,364.0,667.59,0.9,11400.0,0.06,health_beauty,RJ
16.35,84.9,658.36,1.0,4950.0,0.19,books_general_interest,RS
14.1,49.9,514.14,0.13,504.0,0.28,auto,MG
19.47,39.9,826.88,0.3,1920.0,0.49,housewares,RS
16.16,56.99,631.93,0.88,18000.0,0.28,bed_bath_table,SC
11.73,59.9,49.79,7.0,32994.0,0.2,housewares,SP
8.46,99.0,15.95,0.7,1900.0,0.08,art,SP
11.73,59.9,78.13,7.0,32994.0,0.2,housewares,SP
17.61,276.0,472.69,2.12,24948.0,0.06,furniture_decor,PR
14.24,69.99,329.46,0.5,1936.0,0.2,stationery,RJ
12.69,47.9,350.68,0.6,6000.0,0.26,bed_bath_table,SP
7.57,44.0,28.15,0.25,1260.0,0.17,perfumery,SP
20.99,49.9,414.49,1.75,32560.0,0.42,garden_tools,SP
15.55,149.0,0.0,2.95,8000.0,0.1,computers_accessories,PR
14.22,122.9,220.34,1.75,4500.0,0.12,bed_bath_table,SP
18.23,24.0,513.51,0.15,1800.0,0.76,cool_stuff,RJ
16.11,38.4,722.4,0.95,14000.0,0.42,furniture_decor,SC
14.1,17.99,486.74,0.23,3315.0,0.78,auto,MG
15.1,24.5,1186.3,0.15,2304.0,0.62,consoles_games,ES
89.73,231.0,63.8,22.55,187850.0,0.39,signaling_and_security,SP
11.62,73.9,132.85,6.25,31250.0,0.16,stationery,SP
14.2,85.0,107.27,3.1,32760.0,0.17,housewares,SP
18.57,99.2,722.7,0.38,8120.0,0.19,baby,PR
13.59,299.0,352.69,8.5,25200.0,0.04,bed_bath_table,SP
12.22,230.0,211.26,13.05,23625.0,0.05,bed_bath_table,SP
23.37,31.99,1361.0,1.46,7920.0,0.73,toys,BA
23.28,99.9,392.53,1.7,19500.0,0.23,art,RJ
25.19,29.9,421.83,3.45,21141.0,0.84,stationery,PR
14.1,9.99,619.42,0.1,352.0,1.41,computers_accessories,MG
11.85,44.9,155.94,0.4,600.0,0.26,bed_bath_table,SP
17.8,165.0,181.03,2.7,15096.0,0.11,garden_tools,SC
18.61,189.9,1220.82,0.45,561.0,0.1,telephony,RJ
17.16,44.9,719.36,0.35,1540.0,0.38,perfumery,ES
16.6,34.9,335.57,1.0,7200.0,0.48,bed_bath_table,SP
26.57,69.9,878.99,2.5,2420.0,0.38,sports_leisure,ES
17.19,45.9,712.75,0.25,3072.0,0.38,home_confort,RJ
17.35,63.0,142.6,2.7,9375.0,0.28,housewares,SP
23.52,849.0,489.67,1.83,8778.0,0.03,small_appliances,MG
7.39,9.99,26.65,0.15,1152.0,0.74,construction_tools_construction,SP
18.37,38.0,502.37,0.15,1820.0,0.48,health_beauty,RJ
16.99,78.99,559.42,4.58,8610.0,0.22,auto,MG
31.02,19.9,3144.83,0.22,11284.0,1.56,housewares,MA
18.3,27.9,752.12,0.05,2550.0,0.66,auto,PR
14.53,299.0,297.15,8.5,25200.0,0.05,bed_bath_table,SP
7.78,33.0,11.17,0.1,2352.0,0.24,stationery,SP
8.03,110.32,64.4,0.15,990.0,0.07,health_beauty,SP
9.26,74.9,143.28,1.0,12950.0,0.12,bed_bath_table,SP
7.78,39.9,17.37,0.2,1408.0,0.2,toys,SP
7.39,28.9,50.03,0.3,8000.0,0.26,housewares,SP
9.02,149.9,630.09,0.53,4840.0,0.06,computers_accessories,CE
19.39,215.9,400.76,0.35,8316.0,0.09,watches_gifts,SP
21.15,57.52,73.19,0.15,3744.0,0.37,computers_accessories,PR
19.94,99.9,1454.69,1.05,14440.0,0.2,bed_bath_table,BA
15.1,39.99,888.79,0.35,3800.0,0.38,bed_bath_table,ES
12.74,56.99,302.29,0.88,18000.0,0.22,bed_bath_table,SP
15.72,88.0,333.59,0.42,5376.0,0.18,bed_bath_table,SP
20.52,146.99,338.7,2.35,10240.0,0.14,cool_stuff,RJ
39.47,53.9,2226.36,1.55,19800.0,0.73,garden_tools,CE
16.11,45.0,641.94,0.9,18750.0,0.36,housewares,SC
13.7,194.0,112.65,1.0,19251.0,0.07,toys,SP
7.84,59.99,35.88,0.12,3024.0,0.13,pet_shop,RJ
14.1,19.9,502.93,0.22,1344.0,0.71,perfumery,MG
12.04,119.99,16.91,1.6,15750.0,0.1,cool_stuff,SP
69.21,249.9,1082.01,5.65,106580.0,0.28,cool_stuff,RJ
16.14,62.9,1043.76,0.18,3230.0,0.26,market_place,RS
14.9,164.9,332.4,0.2,5120.0,0.09,watches_gifts,RJ
14.73,59.99,314.41,1.45,9990.0,0.25,bed_bath_table,SP
19.53,79.9,425.93,1.1,12600.0,0.24,bed_bath_table,PR
9.17,59.89,5.98,0.85,1518.0,0.15,books_imported,SP
15.1,49.49,299.35,0.3,1260.0,0.3,health_beauty,RJ
14.91,367.52,323.9,0.5,5632.0,0.04,perfumery,SP
70.44,288.0,1490.37,1.4,4560.0,0.24,health_beauty,AL
13.91,127.0,218.08,1.85,59500.0,0.11,bed_bath_table,SP
8.73,80.9,14.21,0.33,4800.0,0.11,food,SP
23.44,41.47,844.32,0.39,5346.0,0.56,toys,RJ
10.5,250.0,92.6,0.85,10000.0,0.04,baby,SP
18.04,113.0,500.34,1.62,12789.0,0.16,sports_leisure,PR
21.72,131.9,1540.54,0.65,4864.0,0.16,garden_tools,ES
10.09,35.0,89.61,1.4,12000.0,0.29,furniture_decor,SP
7.78,54.99,111.86,0.25,1232.0,0.14,toys,SP
19.32,36.9,787.6,0.5,2880.0,0.52,housewares,RS
27.43,52.9,2626.11,0.59,7462.0,0.52,computers_accessories,MA
14.86,109.9,298.86,1.5,23625.0,0.14,bed_bath_table,SP
12.82,53.9,74.59,1.11,3762.0,0.24,health_beauty,SP
13.71,39.99,296.38,0.8,2560.0,0.34,bed_bath_table,SP
15.1,19.99,435.83,0.09,1045.0,0.76,telephony,MG
26.98,355.9,2685.09,0.6,3696.0,0.08,perfumery,RO
23.32,105.9,569.13,1.23,19950.0,0.22,bed_bath_table,RJ
16.72,155.5,276.53,2.2,23625.0,0.11,home_confort,SP
16.11,39.9,1382.28,0.83,4508.0,0.4,computers_accessories,RS
12.8,19.9,340.68,0.25,4800.0,0.64,bed_bath_table,SP
9.41,94.9,43.26,1.18,14326.0,0.1,bed_bath_table,SP
7.78,49.0,2.57,0.25,640.0,0.16,fashion_bags_accessories,SP
13.44,59.81,302.65,1.0,8866.0,0.22,furniture_decor,SP
23.43,79.9,1108.22,2.27,5148.0,0.29,health_beauty,MG
7.81,78.0,40.72,0.25,640.0,0.1,watches_gifts,SP
38.37,113.09,334.41,1.35,25056.0,0.34,health_beauty,SP
16.3,77.0,515.97,1.0,9720.0,0.21,furniture_decor,MG
19.32,12.9,564.91,0.7,32760.0,1.5,home_comfort_2,GO
13.02,50.75,158.44,1.11,3762.0,0.26,health_beauty,SP
15.1,41.8,577.07,0.2,23625.0,0.36,toys,RJ
23.85,149.99,84.57,6.55,8000.0,0.16,computers_accessories,MG
8.72,49.9,40.49,0.44,4200.0,0.18,perfumery,SP
35.66,75.0,458.39,2.3,15625.0,0.48,bed_bath_table,SP
16.83,55.0,1539.74,0.25,640.0,0.31,watches_gifts,BA
19.04,27.99,2473.12,0.3,816.0,0.68,telephony,PA
19.84,227.99,1470.75,1.47,22080.0,0.09,baby,BA
23.34,88.9,1882.15,0.3,5000.0,0.26,computers_accessories,CE
15.56,49.9,360.02,1.3,17850.0,0.31,housewares,SP
7.39,18.99,19.3,0.25,2880.0,0.39,housewares,SP
14.1,23.99,337.61,0.1,4500.0,0.59,health_beauty,PR
30.01,139.0,1141.78,5.42,90992.0,0.22,auto,BA
13.19,75.0,527.16,0.3,9375.0,0.18,consoles_games,SP
23.49,166.99,332.27,2.42,16530.0,0.14,cool_stuff,RJ
23.32,55.0,1296.14,3.7,30625.0,0.42,furniture_decor,BA
15.11,49.0,263.51,0.4,8349.0,0.31,furniture_decor,SC
19.65,343.0,732.77,1.3,18400.0,0.06,unknown,PR
14.15,56.99,883.99,0.35,3960.0,0.25,perfumery,DF
8.6,62.4,135.74,0.7,4050.0,0.14,health_beauty,SP
12.12,88.9,405.4,1.3,33930.0,0.14,toys,SP
21.22,330.0,2479.97,0.4,2992.0,0.06,health_beauty,PA
15.03,390.0,56.26,2.1,4536.0,0.04,sports_leisure,SP
16.88,159.9,375.36,1.2,7644.0,0.11,toys,SP
11.85,45.0,206.98,0.1,960.0,0.26,telephony,SP
14.22,65.0,400.08,2.4,40500.0,0.22,health_beauty,SP
15.8,52.0,190.96,0.1,3840.0,0.3,auto,MG
39.44,64.9,1093.52,5.15,15120.0,0.61,cool_stuff,MT
16.4,66.76,21.57,6.65,45000.0,0.25,sports_leisure,SP
19.27,729.0,739.81,3.2,11400.0,0.03,costruction_tools_tools,SP
14.52,17.99,590.85,0.15,1980.0,0.81,telephony,MG
15.1,24.99,689.07,0.15,4096.0,0.6,fashion_bags_accessories,PR
26.11,69.9,133.46,12.3,64000.0,0.37,furniture_decor,SP
12.15,99.99,0.0,0.68,11088.0,0.12,toys,RJ
25.73,169.9,894.03,1.95,10098.0,0.15,bed_bath_table,RS
16.73,69.0,472.47,1.0,8624.0,0.24,unknown,SC
16.14,54.9,768.38,0.85,5670.0,0.29,housewares,SP
15.31,29.9,338.84,0.1,2816.0,0.51,sports_leisure,MG
14.52,27.0,329.69,0.6,2880.0,0.54,home_appliances,PR
27.96,156.94,347.27,13.35,70224.0,0.18,office_furniture,SP
16.11,48.9,491.73,0.9,23625.0,0.33,bed_bath_table,RJ
20.44,135.0,347.49,3.1,8000.0,0.15,furniture_decor,RJ
20.33,120.0,621.2,1.15,24000.0,0.17,pet_shop,DF
15.38,89.9,946.93,1.82,21200.0,0.17,home_confort,RS
8.27,22.9,1.87,0.15,2100.0,0.36,musical_instruments,PR
17.98,105.0,284.85,0.22,2736.0,0.17,watches_gifts,SP
19.93,89.99,47.99,7.12,45968.0,0.22,office_furniture,SP
11.85,22.9,126.36,0.3,3456.0,0.52,pet_shop,SP
18.23,36.75,699.14,0.4,4375.0,0.5,baby,SC
12.79,45.0,149.53,7.15,42875.0,0.28,furniture_decor,SP
36.96,379.0,106.49,14.15,22500.0,0.1,kitchen_dining_laundry_garden_furniture,RS
15.1,29.9,856.41,0.2,1200.0,0.5,health_beauty,RS
3.96,86.0,2418.46,0.21,2926.0,0.05,computers_accessories,AM
14.56,115.0,487.5,1.05,31500.0,0.13,furniture_decor,MG
21.54,149.9,249.19,2.35,7448.0,0.14,furniture_decor,RJ
13.74,88.0,575.33,0.21,2926.0,0.16,computers_accessories,SP
13.37,39.9,550.24,0.49,3648.0,0.34,computers_accessories,SP
20.23,106.0,360.01,2.8,16480.0,0.19,furniture_decor,RJ
18.09,119.9,779.28,1.9,4374.0,0.15,health_beauty,SC
14.93,168.5,347.08,0.2,2016.0,0.09,health_beauty,SP
11.85,35.9,111.86,0.28,832.0,0.33,pet_shop,SP
12.35,121.0,287.27,0.45,7942.0,0.1,sports_leisure,SP
14.42,99.0,163.03,1.3,9000.0,0.15,air_conditioning,SP
11.85,15.9,301.74,0.25,4800.0,0.74,bed_bath_table,SP
18.05,229.9,1239.36,0.18,4256.0,0.08,health_beauty,RJ
16.04,1097.99,29.45,0.89,7056.0,0.02,home_construction,SP
15.1,24.99,673.07,0.35,816.0,0.6,telephony,ES
36.74,419.9,1732.79,0.5,5220.0,0.09,baby,MA
16.35,84.9,293.81,0.9,4096.0,0.19,sports_leisure,SP
23.49,130.0,448.11,1.6,24000.0,0.18,housewares,MG
12.79,29.9,294.21,0.45,4200.0,0.43,baby,SP
26.95,717.71,1104.93,0.5,2565.0,0.04,watches_gifts,BA
7.42,22.9,89.24,0.2,6048.0,0.32,construction_tools_construction,SP
22.85,21.99,2099.35,0.3,816.0,1.04,telephony,PI
17.53,112.99,6.11,8.45,42400.0,0.16,office_furniture,SP
10.81,199.5,125.93,0.9,9216.0,0.05,computers_accessories,SP
13.34,149.9,2119.92,0.53,4840.0,0.09,computers_accessories,SP
15.1,19.9,527.86,0.4,9600.0,0.76,furniture_decor,DF
23.28,67.8,705.47,1.18,10098.0,0.34,housewares,RS
9.02,179.49,13.79,0.5,6048.0,0.05,auto,SP
15.1,45.0,513.14,0.35,5120.0,0.34,auto,SC
16.81,149.99,526.72,1.1,13860.0,0.11,toys,SP
15.44,79.9,394.29,0.15,4096.0,0.19,computers_accessories,RJ
15.32,89.5,894.06,0.21,2926.0,0.17,computers_accessories,RJ
26.53,179.0,2341.21,0.43,1683.0,0.15,watches_gifts,CE
19.34,21.7,413.93,0.28,4180.0,0.89,home_construction,MG
19.36,56.1,674.49,0.95,9450.0,0.34,bed_bath_table,DF
11.9,125.0,47.35,1.0,6240.0,0.1,bed_bath_table,SP
50.26,1122.0,2164.92,7.6,27000.0,0.04,musical_instruments,MA
227.57,380.0,1991.93,20.85,55000.0,0.6,office_furniture,MA
11.85,45.95,235.7,0.35,3800.0,0.26,bed_bath_table,SP
10.6,55.0,362.81,0.8,15000.0,0.19,musical_instruments,RJ
11.37,49.9,25.84,0.95,880.0,0.23,housewares,SP
15.27,23.99,335.57,0.18,3672.0,0.64,telephony,PR
18.23,94.9,1061.92,0.65,7560.0,0.19,pet_shop,BA
15.63,59.99,564.31,1.6,4480.0,0.26,bed_bath_table,MG
15.79,32.0,1338.03,0.9,6000.0,0.49,furniture_decor,MT
13.37,26.9,179.01,1.85,11025.0,0.5,housewares,MG
15.1,35.7,960.35,0.05,624.0,0.42,home_appliances,GO
18.99,120.0,1320.55,0.75,2500.0,0.16,fashion_bags_accessories,MG
13.37,45.91,580.51,1.25,8640.0,0.29,furniture_decor,SP
15.23,13.99,359.16,0.2,3750.0,1.09,health_beauty,RJ
18.87,141.75,778.72,0.7,8694.0,0.13,cool_stuff,RS
16.95,99.9,330.65,1.9,6851.0,0.17,garden_tools,SP
16.39,59.9,319.87,0.48,3105.0,0.27,perfumery,SP
15.01,99.99,362.33,1.7,19500.0,0.15,art,SP
9.78,112.99,27.75,0.9,8000.0,0.09,furniture_decor,SP
19.38,120.0,1207.66,0.9,8448.0,0.16,home_construction,BA
15.27,24.9,463.47,0.2,2378.0,0.61,computers_accessories,SP
16.79,17.6,350.81,0.55,2880.0,0.95,health_beauty,ES
16.32,18.0,504.38,0.95,11960.0,0.91,housewares,MG
9.94,29.0,75.22,0.8,8000.0,0.34,home_confort,SP
14.23,68.0,351.56,0.6,37884.0,0.21,consoles_games,RJ
12.6,199.0,7.57,1.8,18000.0,0.06,home_confort,SP
17.35,130.0,1025.96,0.2,900.0,0.13,unknown,MG
21.35,53.9,1254.36,1.65,19800.0,0.4,garden_tools,RS
14.52,49.9,791.04,0.13,1170.0,0.29,telephony,SP
18.23,19.0,794.11,0.15,2604.0,0.96,computers_accessories,SC
40.59,239.0,1867.98,0.29,2700.0,0.17,watches_gifts,AL
13.94,229.0,159.09,0.85,6732.0,0.06,sports_leisure,SP
17.19,133.9,365.65,1.2,4275.0,0.13,books_general_interest,SP
21.08,89.99,1959.82,0.3,4096.0,0.23,computers_accessories,TO
46.05,226.77,579.82,12.2,62500.0,0.2,furniture_decor,ES
11.93,61.5,368.44,0.15,816.0,0.19,auto,SP
15.1,24.99,383.83,0.5,6776.0,0.6,bed_bath_table,SP
17.16,199.9,536.52,0.98,9216.0,0.09,computers_accessories,SP
14.94,105.0,8.02,2.8,24000.0,0.14,computers_accessories,RS
11.9,125.0,71.65,2.0,18000.0,0.1,furniture_decor,SP
17.35,129.9,1064.68,0.8,4096.0,0.13,housewares,RJ
12.69,49.5,293.56,0.61,5400.0,0.26,computers_accessories,SP
11.86,51.98,206.03,0.25,3234.0,0.23,computers_accessories,SP
9.34,56.99,11.52,0.85,12250.0,0.16,auto,SP
16.99,175.0,916.55,0.7,3024.0,0.1,electronics,MS
15.55,113.99,1076.8,0.18,1020.0,0.14,consoles_games,RS
19.8,89.98,23.71,7.48,66144.0,0.22,furniture_decor,SP
8.17,129.97,26.72,0.32,4845.0,0.06,pet_shop,SP
34.43,89.99,2162.42,0.25,3960.0,0.38,health_beauty,RO
7.78,12.25,64.32,0.18,3872.0,0.64,electronics,SP
11.85,27.99,128.71,0.3,816.0,0.42,telephony,SP
9.9,114.6,1906.79,2.6,70200.0,0.09,office_furniture,AL
15.35,35.0,357.27,0.1,1331.0,0.44,health_beauty,RJ
29.34,579.9,2283.06,0.38,3072.0,0.05,watches_gifts,CE
0.0,53.9,402.34,1.55,19800.0,0.0,garden_tools,MG
8.65,130.0,57.87,0.12,6750.0,0.07,sports_leisure,SP
9.56,339.9,18.1,0.15,2023.0,0.03,construction_tools_safety,RS
13.65,89.9,223.83,1.38,20000.0,0.15,bed_bath_table,SP
19.75,79.9,660.45,0.65,10320.0,0.25,housewares,SP
18.23,139.99,545.36,1.5,60000.0,0.13,cool_stuff,MG
17.98,103.8,848.99,2.05,15312.0,0.17,small_appliances,DF
21.21,59.0,979.38,0.3,3000.0,0.36,sports_leisure,PR
17.95,99.9,465.49,1.1,11439.0,0.18,bed_bath_table,MS
38.32,109.9,1388.75,1.1,7776.0,0.35,auto,GO
12.03,200.0,71.92,1.75,33600.0,0.06,toys,SP
11.85,12.9,295.67,0.7,32760.0,0.92,home_comfort_2,SP
12.13,89.9,310.72,4.05,23625.0,0.14,home_confort,SP
18.14,205.0,49.87,3.3,54000.0,0.09,bed_bath_table,SP
13.41,56.0,336.98,0.85,18000.0,0.24,pet_shop,MG
12.69,49.99,325.26,0.8,2560.0,0.25,bed_bath_table,SP
18.28,25.0,294.26,0.25,1540.0,0.73,housewares,RJ
16.6,40.0,343.06,1.0,7200.0,0.42,bed_bath_table,SP
12.76,59.99,295.8,1.45,13500.0,0.21,bed_bath_table,SP
17.63,19.9,1098.9,0.2,4500.0,0.89,computers_accessories,RJ
19.04,14.5,2113.13,0.39,6600.0,1.31,sports_leisure,PE
48.35,129.9,2070.04,3.4,11907.0,0.37,office_furniture,PB
13.37,49.9,467.35,1.65,19800.0,0.27,garden_tools,SP
18.31,59.9,559.29,5.75,12480.0,0.31,auto,SP
18.32,99.9,571.21,2.8,6450.0,0.18,furniture_decor,MG
17.31,18.9,33.41,0.1,1104.0,0.92,furniture_decor,RJ
14.43,97.0,340.32,0.12,2288.0,0.15,computers_accessories,RJ
14.6,121.9,495.91,0.25,1452.0,0.12,garden_tools,MG
12.23,119.9,317.21,1.1,8866.0,0.1,furniture_decor,SP
13.43,59.0,470.62,1.55,19800.0,0.23,garden_tools,SP
21.67,124.99,1938.81,0.38,8120.0,0.17,baby,MA
10.96,39.9,280.63,0.1,2772.0,0.28,computers_accessories,PR
15.28,149.9,131.12,1.8,7616.0,0.1,bed_bath_table,SP
206.5,169.9,2230.4,13.0,40344.0,1.22,furniture_decor,PA
44.88,49.99,861.89,7.85,51840.0,0.9,furniture_decor,DF
17.05,122.99,645.66,0.7,5700.0,0.14,health_beauty,CE
18.23,9.9,487.47,0.1,2457.0,1.84,housewares,RJ
11.37,49.9,27.22,1.4,8000.0,0.23,bed_bath_table,SP
8.29,27.5,29.27,0.4,8000.0,0.3,bed_bath_table,SP
20.99,49.9,335.16,1.5,19800.0,0.42,garden_tools,SP
17.67,59.9,676.49,1.5,19800.0,0.3,garden_tools,RJ
19.16,194.0,492.88,2.52,5832.0,0.1,health_beauty,MG
14.1,49.9,420.65,0.4,3750.0,0.28,furniture_decor,RJ
20.18,81.8,1562.97,1.3,7875.0,0.25,bed_bath_table,RO
19.32,34.9,478.68,0.55,17328.0,0.55,watches_gifts,RJ
44.2,39.0,2260.69,0.85,40320.0,1.13,furniture_decor,SP
38.21,99.0,600.35,6.05,8000.0,0.39,garden_tools,PR
18.54,94.55,413.0,0.18,2210.0,0.2,computers_accessories,MG
34.84,89.9,1723.19,4.4,26400.0,0.39,electronics,SE
16.79,45.97,992.26,0.42,6552.0,0.36,stationery,SC
49.47,168.9,2457.57,7.0,37888.0,0.29,sports_leisure,RO
17.67,59.9,422.83,1.3,5184.0,0.3,health_beauty,SC
37.04,15.0,2195.12,0.15,4608.0,2.47,computers_accessories,PA
8.85,227.8,120.71,0.28,3528.0,0.04,watches_gifts,SP
17.41,139.0,1466.84,0.47,15708.0,0.12,pet_shop,MG
40.21,174.9,2345.3,4.35,8100.0,0.23,computers_accessories,CE
11.79,99.9,137.65,1.05,14440.0,0.12,bed_bath_table,SP
7.39,49.9,24.1,0.15,2816.0,0.15,sports_leisure,SP
19.13,178.98,1229.62,0.42,2106.0,0.11,watches_gifts,RS
16.05,34.99,817.39,0.6,4576.0,0.46,furniture_decor,RS
16.79,31.9,1162.75,0.2,2378.0,0.53,computers_accessories,SC
51.69,138.9,2401.97,0.3,8000.0,0.37,construction_tools_safety,RN
25.4,149.9,1673.57,0.53,4840.0,0.17,computers_accessories,PA
19.11,175.0,558.36,0.34,2992.0,0.11,watches_gifts,RJ
7.39,24.9,15.98,0.2,15625.0,0.3,sports_leisure,SP
26.75,49.0,2363.75,0.25,352.0,0.55,fashion_bags_accessories,MA
27.13,94.5,1084.52,2.0,6450.0,0.29,bed_bath_table,RS
17.19,45.9,665.88,1.0,2400.0,0.38,furniture_decor,DF
12.6,5.99,216.1,0.1,768.0,2.1,computers_accessories,PE
18.0,89.9,65.78,1.6,21996.0,0.2,health_beauty,SP
22.17,239.99,762.42,2.4,15750.0,0.09,cool_stuff,PR
16.64,219.9,344.76,0.4,5808.0,0.08,health_beauty,RJ
37.9,39.9,2363.51,1.3,18750.0,0.95,furniture_decor,MA
16.11,49.99,626.4,0.9,11286.0,0.32,bed_bath_table,MG
15.81,149.9,309.34,1.6,24320.0,0.1,sports_leisure,SP
21.18,98.99,734.96,2.22,8880.0,0.21,health_beauty,RJ
17.02,65.0,867.74,0.3,4560.0,0.26,cool_stuff,SP
0.0,69.9,1183.41,2.6,15000.0,0.0,furniture_decor,RS
15.34,83.99,774.68,0.7,2560.0,0.18,bed_bath_table,RJ
14.13,59.9,44.54,7.0,32994.0,0.24,housewares,SP
11.88,69.9,363.9,0.8,23625.0,0.17,bed_bath_table,SP
21.18,47.99,89.1,7.9,37500.0,0.44,housewares,SP
2.24,59.9,334.36,1.75,32560.0,0.04,garden_tools,SP
26.57,79.9,837.37,1.55,10730.0,0.33,furniture_decor,RJ
8.35,19.9,843.6,0.3,14985.0,0.42,furniture_decor,RS
15.1,29.99,417.63,0.1,2816.0,0.5,pet_shop,SP
13.5,69.0,249.44,1.85,18150.0,0.2,auto,SP
15.56,33.5,253.57,0.57,3120.0,0.46,bed_bath_table,RJ
23.52,102.5,872.33,1.6,6750.0,0.23,furniture_decor,RS
20.82,1100.0,535.54,3.1,52675.0,0.02,computers_accessories,SP
19.04,49.9,2119.55,0.1,1600.0,0.38,fashion_bags_accessories,PE
46.88,48.9,119.68,1.75,9600.0,0.96,kitchen_dining_laundry_garden_furniture,SP
20.77,49.9,414.09,1.75,32560.0,0.42,garden_tools,SP
20.43,169.9,1009.8,1.6,10000.0,0.12,sports_leisure,MG
15.79,149.0,738.13,0.2,8000.0,0.11,computers_accessories,PR
8.72,35.99,16.84,0.38,2618.0,0.24,computers_accessories,SP
19.84,29.5,498.38,1.87,7776.0,0.67,cool_stuff,MG
15.1,21.9,491.98,0.21,4050.0,0.69,sports_leisure,RJ
19.66,59.9,952.72,0.43,4845.0,0.33,health_beauty,GO
7.39,24.99,12.43,0.3,816.0,0.3,telephony,SP
11.85,7.9,255.75,0.2,11475.0,1.5,stationery,SP
17.62,69.9,226.57,2.5,2420.0,0.25,sports_leisure,SP
8.72,34.9,4.6,0.3,352.0,0.25,telephony,MG
37.89,132.68,2483.39,3.04,99000.0,0.29,baby,PA
25.67,118.9,463.53,3.3,47520.0,0.22,pet_shop,GO
18.09,119.9,362.87,1.3,2420.0,0.15,sports_leisure,PR
21.22,105.0,386.45,2.8,24000.0,0.2,computers_accessories,SC
39.88,126.69,2318.37,3.6,21600.0,0.32,furniture_decor,PA
16.26,89.9,104.48,1.38,20000.0,0.18,bed_bath_table,SP
100.68,990.0,117.16,30.0,251625.0,0.1,health_beauty,SP
22.28,49.99,1494.39,0.2,26250.0,0.45,auto,BA
17.9,92.42,569.07,1.2,20000.0,0.19,bed_bath_table,GO
15.63,290.0,46.01,3.35,22000.0,0.05,baby,SP
18.3,149.9,273.83,3.3,35100.0,0.12,bed_bath_table,SP
12.9,110.0,102.62,0.45,1932.0,0.12,pet_shop,SC
24.94,89.9,234.87,16.1,100100.0,0.28,luggage_accessories,SP
15.79,39.9,964.59,0.2,1875.0,0.4,computers_accessories,BA
18.19,134.9,394.6,8.35,51300.0,0.14,bed_bath_table,RS
7.78,24.99,24.75,0.25,816.0,0.31,telephony,SP
7.67,58.0,45.51,0.25,5832.0,0.13,drinks,SP
12.76,59.9,112.01,1.23,18252.0,0.21,housewares,SP
15.65,110.32,789.77,0.15,990.0,0.14,health_beauty,DF
14.81,150.99,497.39,0.38,5236.0,0.1,baby,SP
15.02,100.99,330.31,1.65,5148.0,0.15,health_beauty,SP
13.79,109.9,51.48,1.35,3312.0,0.12,bed_bath_table,SP
12.79,39.9,187.09,0.15,880.0,0.32,auto,SP
14.1,29.0,349.78,0.2,352.0,0.49,watches_gifts,RJ
21.11,101.45,2479.0,1.0,6240.0,0.21,bed_bath_table,PA
52.83,99.99,2105.24,0.35,11200.0,0.53,health_beauty,PA
13.5,22.32,607.2,0.2,2378.0,0.6,computers_accessories,MG
8.52,25.9,17.23,0.52,10626.0,0.33,sports_leisure,RJ
11.85,22.9,194.09,0.3,1512.0,0.52,cool_stuff,SP
15.1,23.99,768.18,0.1,4500.0,0.63,health_beauty,RS
18.09,119.9,513.1,1.6,4692.0,0.15,bed_bath_table,SC
27.48,199.9,460.29,2.5,9009.0,0.14,bed_bath_table,RJ
15.98,269.7,162.77,1.95,29792.0,0.06,home_construction,SP
85.86,329.9,915.39,13.72,62964.0,0.26,furniture_living_room,RS
8.36,89.0,70.7,1.9,18000.0,0.09,bed_bath_table,SP
15.24,19.9,567.54,0.15,1584.0,0.77,fashion_bags_accessories,DF
35.88,80.04,1809.45,0.7,10143.0,0.45,pet_shop,MA
16.28,92.9,93.66,1.82,20944.0,0.18,bed_bath_table,SP
18.23,13.99,561.81,0.2,2560.0,1.3,bed_bath_table,RJ
37.13,103.97,532.21,9.75,37260.0,0.36,furniture_living_room,MG
15.1,45.9,667.32,0.15,2816.0,0.33,sports_leisure,ES
38.25,59.9,462.15,2.75,21012.0,0.64,musical_instruments,SP
14.45,100.0,334.09,0.45,4500.0,0.14,health_beauty,SP
15.82,54.0,896.45,0.5,4560.0,0.29,cool_stuff,SP
16.32,79.9,856.87,1.1,12600.0,0.2,bed_bath_table,RS
44.96,159.0,2165.61,0.3,6336.0,0.28,toys,SE
68.45,200.0,1504.69,4.35,36000.0,0.34,home_construction,MT
7.94,35.0,30.35,0.38,5832.0,0.23,toys,RJ
18.2,89.99,1326.58,4.15,46656.0,0.2,furniture_decor,RJ
8.88,20.15,19.8,3.75,15625.0,0.44,stationery,SP
53.79,176.99,174.56,22.62,187308.0,0.3,furniture_decor,SP
52.83,348.0,677.24,1.0,3528.0,0.15,health_beauty,RJ
44.55,639.9,856.49,4.6,34776.0,0.07,pet_shop,MG
18.28,26.19,752.72,15.22,9548.0,0.7,home_appliances,ES
45.85,325.0,629.99,6.12,37888.0,0.14,cool_stuff,RJ
18.58,251.92,22.02,1.9,12000.0,0.07,bed_bath_table,SP
12.79,15.0,199.25,0.15,2800.0,0.85,electronics,SP
16.79,14.9,891.32,0.15,3240.0,1.13,electronics,RJ
15.77,95.0,471.07,0.15,990.0,0.17,health_beauty,MG
16.98,54.99,446.93,0.35,2464.0,0.31,watches_gifts,SP
8.72,9.99,26.93,0.1,2664.0,0.87,computers_accessories,SP
24.71,69.9,686.04,2.6,15000.0,0.35,furniture_decor,MG
23.67,74.8,879.54,0.1,1936.0,0.32,computers_accessories,RJ
16.12,50.9,588.57,0.5,1710.0,0.32,furniture_decor,RJ
15.1,27.99,390.17,0.25,816.0,0.54,telephony,MG
50.28,69.0,372.84,7.22,41200.0,0.73,industry_commerce_and_business,RJ
29.43,129.97,1336.74,8.3,48552.0,0.23,housewares,MG
17.25,499.9,373.2,1.55,27216.0,0.04,cool_stuff,RJ
18.73,119.9,360.91,4.55,16000.0,0.16,baby,SP
15.3,28.9,340.7,0.2,2378.0,0.53,computers_accessories,RJ
23.69,169.97,1615.71,0.1,4096.0,0.14,cool_stuff,DF
17.6,35.12,431.25,0.8,12000.0,0.5,toys,SP
13.37,30.21,199.76,1.58,3240.0,0.44,computers_accessories,SP
14.81,255.9,503.64,1.3,12000.0,0.06,computers_accessories,SP
17.47,138.9,1053.19,0.23,3360.0,0.13,computers_accessories,RJ
51.55,495.0,359.66,20.45,108000.0,0.1,furniture_bedroom,SP
23.75,134.99,721.0,1.55,16000.0,0.18,sports_leisure,SP
27.5,79.0,945.13,0.6,9009.0,0.35,housewares,RJ
17.03,85.0,912.83,0.32,3458.0,0.2,computers_accessories,RJ
32.79,125.0,2606.43,1.35,18000.0,0.26,industry_commerce_and_business,MA
23.57,99.9,764.36,2.5,12000.0,0.24,furniture_decor,RJ
15.34,66.0,820.9,0.25,1056.0,0.23,stationery,RS
17.16,129.99,334.13,1.2,26400.0,0.13,luggage_accessories,SP
18.13,339.0,681.48,0.2,2592.0,0.05,computers_accessories,ES
11.73,69.9,15.37,2.7,49000.0,0.17,furniture_decor,SP
23.75,259.9,1074.53,0.15,935.0,0.09,sports_leisure,RJ
23.49,166.99,346.31,2.42,16530.0,0.14,cool_stuff,RJ
27.59,91.3,1041.14,1.15,16744.0,0.3,bed_bath_table,MG
17.41,139.0,730.17,0.43,3042.0,0.12,fixed_telephony,SP
16.89,65.0,793.4,1.03,4080.0,0.26,sports_leisure,RJ
18.23,29.99,591.59,0.55,2560.0,0.61,bed_bath_table,RJ
7.39,13.99,67.08,0.05,880.0,0.53,perfumery,SP
14.43,99.9,266.71,0.5,17160.0,0.14,fashion_bags_accessories,MG
15.1,45.9,323.14,0.4,3000.0,0.33,auto,RJ
21.15,94.9,448.87,2.1,10816.0,0.22,office_furniture,SC
0.0,53.9,1919.48,1.55,19800.0,0.0,garden_tools,AL
17.37,79.99,422.12,1.45,8064.0,0.22,garden_tools,SP
13.08,75.0,18.41,2.6,15000.0,0.17,furniture_decor,SP
17.13,59.9,5.45,7.0,32994.0,0.29,housewares,SP
7.78,69.0,25.26,0.25,352.0,0.11,watches_gifts,SP
17.15,129.0,507.0,0.85,35000.0,0.13,cool_stuff,MG
7.39,55.0,34.09,0.25,640.0,0.13,watches_gifts,SP
11.21,151.0,347.43,0.2,2805.0,0.07,health_beauty,SP
11.85,8.9,295.15,0.6,850.0,1.33,furniture_decor,SP
13.01,49.99,139.33,2.15,27000.0,0.26,electronics,SP
19.32,38.0,316.36,0.85,9261.0,0.51,housewares,MG
18.23,14.49,555.07,0.3,5832.0,1.26,health_beauty,MG
7.71,49.9,10.86,0.2,3600.0,0.16,food_drink,BA
18.78,127.9,280.52,0.35,4693.0,0.15,computers_accessories,RJ
0.0,69.9,812.38,2.6,15000.0,0.0,furniture_decor,GO
7.4,19.99,92.21,0.13,952.0,0.37,auto,SP
19.32,49.9,1083.85,1.55,19800.0,0.39,garden_tools,RS
19.39,59.9,715.44,0.72,12500.0,0.32,toys,RS
12.83,69.9,214.28,0.8,23625.0,0.18,bed_bath_table,SP
23.78,139.9,261.13,6.2,36190.0,0.17,furniture_living_room,SP
8.72,20.9,18.98,0.2,2378.0,0.42,computers_accessories,MG
17.55,120.0,938.02,0.15,3000.0,0.15,sports_leisure,GO
27.84,185.99,2299.78,0.5,3300.0,0.15,watches_gifts,CE
10.96,29.9,302.59,0.3,2760.0,0.37,sports_leisure,SP
14.1,23.99,880.23,0.1,4500.0,0.59,health_beauty,DF
18.23,45.9,300.04,0.15,2816.0,0.4,sports_leisure,RJ
60.29,248.99,358.12,18.05,75000.0,0.24,luggage_accessories,RJ
12.87,30.0,298.9,0.4,2560.0,0.43,bed_bath_table,SP
14.61,122.99,316.51,0.4,3600.0,0.12,unknown,RJ
14.52,19.99,420.72,0.18,648.0,0.73,telephony,MG
14.1,21.9,389.4,0.15,6000.0,0.64,electronics,RJ
17.61,52.0,453.19,6.6,39375.0,0.34,baby,MG
11.73,22.99,112.34,7.35,38750.0,0.51,housewares,SP
16.11,29.5,483.25,0.35,15075.0,0.55,sports_leisure,SP
24.91,610.0,210.91,4.75,32643.0,0.04,garden_tools,SP
27.42,159.9,713.89,2.45,21420.0,0.17,bed_bath_table,RJ
38.47,59.9,424.77,2.75,21012.0,0.64,musical_instruments,SP
8.73,140.9,76.97,0.25,4096.0,0.06,computers_accessories,PR
12.21,229.0,110.89,3.7,60606.0,0.05,luggage_accessories,SP
15.23,44.99,493.07,0.1,952.0,0.34,computers_accessories,MG
14.56,56.0,671.41,0.5,4536.0,0.26,sports_leisure,SC
19.08,619.0,479.55,0.42,3952.0,0.03,watches_gifts,MG
19.6,309.9,1487.14,0.58,4641.0,0.06,perfumery,BA
7.78,69.77,26.64,0.1,1232.0,0.11,unknown,SP
12.96,89.18,529.05,0.7,24500.0,0.14,furniture_decor,SP
11.91,59.0,141.92,0.25,640.0,0.2,fashion_bags_accessories,SP
18.31,199.9,519.79,4.2,27993.0,0.09,bed_bath_table,SP
17.6,30.21,543.18,1.58,3240.0,0.58,computers_accessories,MG
9.34,59.9,95.79,0.28,5544.0,0.16,electronics,SP
8.72,39.9,13.95,0.15,2816.0,0.22,sports_leisure,SP
19.9,299.99,370.25,1.7,4680.0,0.07,construction_tools_construction,RJ
20.27,185.81,283.18,0.35,3360.0,0.11,computers_accessories,RJ
18.06,115.9,704.45,0.95,34104.0,0.16,bed_bath_table,DF
17.2,320.0,416.62,9.65,80290.0,0.05,housewares,SP
16.83,55.9,909.46,0.7,6750.0,0.3,pet_shop,RJ
15.23,39.9,331.71,0.25,3872.0,0.38,bed_bath_table,RJ
14.1,29.99,871.7,0.2,1040.0,0.47,sports_leisure,DF
13.62,72.0,114.22,0.15,2912.0,0.19,computers_accessories,PR
12.69,45.9,287.04,0.6,1800.0,0.28,furniture_decor,SP
11.85,39.99,288.42,0.35,3800.0,0.3,bed_bath_table,SP
18.23,8.99,698.56,0.3,3211.0,2.03,signaling_and_security,SP
14.02,239.99,112.62,4.34,2856.0,0.06,watches_gifts,SP
19.5,75.0,432.22,5.15,12500.0,0.26,furniture_decor,RJ
7.4,76.9,6.93,4.2,20535.0,0.1,housewares,SP
82.7,230.0,520.52,12.0,70875.0,0.36,construction_tools_lights,PR
22.14,299.0,969.53,0.77,7337.0,0.07,cool_stuff,MG
17.6,49.9,1179.52,1.65,19800.0,0.35,garden_tools,RS
14.41,198.0,165.21,1.3,17940.0,0.07,costruction_tools_garden,PR
16.11,38.99,587.25,0.55,2560.0,0.41,bed_bath_table,RJ
7.87,20.0,80.23,0.8,4512.0,0.39,signaling_and_security,SP
34.35,78.0,2221.98,0.25,640.0,0.44,watches_gifts,PB
18.41,44.9,420.08,0.25,5500.0,0.41,stationery,SP
40.38,149.99,346.52,6.55,8000.0,0.27,computers_accessories,RJ
17.12,58.9,412.13,5.51,149296.0,0.29,baby,SP
15.23,69.0,729.17,3.2,56980.0,0.22,stationery,SC
19.7,104.9,803.45,0.6,17500.0,0.19,sports_leisure,PR
27.16,119.9,369.22,2.6,18000.0,0.23,market_place,SC
44.81,49.99,703.87,0.15,576.0,0.9,consoles_games,RJ
23.0,60.5,858.54,1.05,15750.0,0.38,bed_bath_table,RS
23.5,99.99,406.0,1.7,19500.0,0.24,art,RJ
13.18,149.9,469.25,0.2,4410.0,0.09,computers_accessories,SP
13.37,30.21,298.31,1.58,3240.0,0.44,computers_accessories,SP
15.45,49.99,853.32,0.18,2816.0,0.31,telephony,RS
13.55,899.0,125.13,0.58,4420.0,0.02,watches_gifts,SP
11.73,48.9,34.59,1.85,5780.0,0.24,cool_stuff,SP
13.41,55.0,223.22,0.85,27000.0,0.24,furniture_decor,SP
17.74,69.9,431.4,1.45,7854.0,0.25,housewares,SP
7.54,39.9,118.38,0.1,936.0,0.19,telephony,SP
16.4,99.9,933.78,8.88,24080.0,0.16,garden_tools,SP
13.58,79.9,118.11,1.23,13804.0,0.17,bed_bath_table,SP
7.39,14.9,14.63,0.1,6400.0,0.5,stationery,SP
11.85,41.4,309.79,0.11,3264.0,0.29,construction_tools_construction,SP
19.72,348.8,2380.35,0.36,3042.0,0.06,watches_gifts,PA
74.69,248.99,875.35,18.05,75000.0,0.3,luggage_accessories,GO
14.33,85.9,171.44,1.25,16660.0,0.17,luggage_accessories,SP
16.74,70.0,364.54,0.9,3520.0,0.24,baby,SP
27.19,126.8,688.91,2.6,21000.0,0.21,housewares,RJ
12.83,117.9,79.33,0.4,4693.0,0.11,perfumery,RJ
40.28,135.0,347.85,9.1,21294.0,0.3,garden_tools,MG
23.36,79.9,805.48,1.82,21200.0,0.29,home_confort,ES
16.92,89.0,525.1,2.7,4032.0,0.19,construction_tools_construction,MS
11.85,22.9,297.25,0.4,4800.0,0.52,bed_bath_table,SP
14.0,284.99,748.81,2.78,6688.0,0.05,drinks,ES
36.56,177.0,1819.81,0.76,6006.0,0.21,computers_accessories,AL
30.36,119.0,2605.65,1.55,8349.0,0.26,furniture_decor,MA
15.7,117.7,364.98,0.4,4693.0,0.13,perfumery,SP
18.27,24.9,642.25,0.1,1728.0,0.73,garden_tools,MG
39.43,197.5,1616.59,0.72,4800.0,0.2,computers_accessories,RJ
15.95,169.99,363.58,1.1,20160.0,0.09,toys,SP
19.35,415.0,918.63,1.2,23166.0,0.05,health_beauty,RJ
10.96,394.99,13.68,0.32,3315.0,0.03,sports_leisure,SP
9.34,34.9,14.17,0.7,7128.0,0.27,bed_bath_table,SP
18.23,24.9,352.61,0.2,600.0,0.73,bed_bath_table,PR
28.4,299.9,433.61,2.75,13475.0,0.1,furniture_decor,SC
22.63,99.8,764.33,0.35,5460.0,0.23,perfumery,BA
14.24,69.77,293.64,0.1,1232.0,0.2,unknown,RJ
13.71,47.9,310.17,0.8,8000.0,0.29,bed_bath_table,SP
21.17,75.0,255.33,1.8,31500.0,0.28,furniture_decor,SP
27.94,142.0,964.68,1.8,14000.0,0.2,drinks,MG
9.1,134.0,12.05,0.55,4914.0,0.07,auto,SP
8.82,90.0,37.12,1.15,4508.0,0.1,perfumery,SP
7.78,24.89,49.34,0.6,352.0,0.31,health_beauty,SP
17.6,36.0,280.67,1.8,14520.0,0.49,sports_leisure,MG
15.1,16.99,694.66,0.2,2052.0,0.89,housewares,RJ
14.62,65.0,495.56,1.03,4080.0,0.22,sports_leisure,SP
23.14,79.99,320.22,1.25,16660.0,0.29,luggage_accessories,RJ
18.49,55.0,1118.52,0.25,640.0,0.34,watches_gifts,RS
15.86,107.9,355.87,0.4,5832.0,0.15,sports_leisure,RJ
24.83,88.34,941.89,2.5,14400.0,0.28,furniture_decor,MG
34.31,110.0,555.49,3.5,18900.0,0.31,health_beauty,MG
29.5,349.0,2650.33,0.2,2352.0,0.08,sports_leisure,RO
7.39,55.0,84.38,0.25,640.0,0.13,watches_gifts,SP
12.55,150.0,353.17,0.2,2805.0,0.08,health_beauty,SP
15.35,34.99,344.13,0.15,884.0,0.44,toys,RJ
18.0,98.9,319.84,0.3,1428.0,0.18,health_beauty,RJ
23.28,99.9,347.26,0.7,8712.0,0.23,fashion_shoes,MG
15.77,146.0,270.51,0.9,15000.0,0.11,sports_leisure,SP
16.6,36.9,319.53,0.45,2160.0,0.45,auto,SP
15.31,122.99,224.04,0.7,5700.0,0.12,health_beauty,MA
17.64,150.0,934.21,2.2,33750.0,0.12,housewares,RS
25.31,119.0,1089.92,6.55,8000.0,0.21,computers_accessories,RS
18.23,1800.0,29.23,0.67,6120.0,0.01,watches_gifts,SP
14.1,24.82,476.32,0.5,1677.0,0.57,garden_tools,MG
18.23,14.0,591.33,0.25,2560.0,1.3,bed_bath_table,RJ
7.78,12.25,9.89,0.18,3872.0,0.64,electronics,SP
18.15,129.0,712.39,6.55,31920.0,0.14,stationery,PR
8.11,48.3,152.35,0.2,352.0,0.17,fashion_bags_accessories,SP
7.39,13.65,86.45,0.2,2800.0,0.54,electronics,SP
12.44,252.0,339.42,0.3,3000.0,0.05,sports_leisure,SP
15.23,15.45,878.1,0.2,3000.0,0.99,stationery,DF
19.32,47.9,601.89,0.7,2240.0,0.4,market_place,SP
15.39,46.0,461.23,1.05,12288.0,0.34,furniture_decor,SP
13.9,125.99,542.04,1.02,6750.0,0.11,computers_accessories,SP
8.88,47.9,65.65,0.8,8000.0,0.18,bed_bath_table,SP
16.9,299.0,873.37,0.15,1932.0,0.06,sports_leisure,RJ
23.36,79.99,810.52,1.1,15750.0,0.29,baby,MG
18.81,59.99,733.97,0.35,7106.0,0.31,toys,RS
16.85,299.9,167.17,0.3,6000.0,0.06,watches_gifts,PR
28.88,49.9,718.53,1.5,19800.0,0.58,garden_tools,SC
22.16,29.9,680.72,0.4,8004.0,0.74,fashion_shoes,RJ
16.06,168.49,336.2,0.13,2520.0,0.1,pet_shop,SP
14.1,20.0,298.56,0.4,4500.0,0.7,auto,PR
13.55,76.0,312.29,1.25,17424.0,0.18,housewares,SP
7.39,49.9,16.31,0.15,2816.0,0.15,sports_leisure,SP
16.95,29.9,342.77,0.25,1200.0,0.57,health_beauty,PR
15.51,252.0,357.34,0.3,3000.0,0.06,sports_leisure,SP
7.94,42.9,38.2,0.4,36000.0,0.18,cool_stuff,RJ
16.05,34.99,1142.41,0.2,4500.0,0.46,health_beauty,RS
15.06,139.9,197.61,10.22,2299.0,0.11,cool_stuff,MG
14.41,45.9,2217.56,0.37,5250.0,0.31,furniture_decor,PB
12.69,36.9,418.9,0.9,10478.0,0.34,computers_accessories,SP
25.46,89.0,787.29,1.18,17172.0,0.29,health_beauty,RS
16.62,122.9,546.65,1.8,4500.0,0.14,bed_bath_table,MG
7.78,29.98,28.33,0.22,1326.0,0.26,telephony,SP
21.15,23.99,2104.53,0.1,4500.0,0.88,health_beauty,PI
9.34,35.0,25.6,0.98,13225.0,0.27,housewares,SP
17.92,45.9,1529.39,0.65,3200.0,0.39,perfumery,MT
23.82,95.0,842.19,0.55,12500.0,0.25,sports_leisure,RJ
13.44,59.9,169.83,1.55,19800.0,0.22,garden_tools,SP
45.44,149.0,916.89,6.4,27000.0,0.3,bed_bath_table,MG
27.79,209.9,812.22,3.75,42000.0,0.13,garden_tools,RS
20.96,439.65,307.33,0.3,2700.0,0.05,health_beauty,MG
12.6,38.94,96.36,0.25,1836.0,0.32,sports_leisure,SC
16.54,189.9,451.91,0.75,3042.0,0.09,health_beauty,PR
17.42,70.0,720.72,0.5,6000.0,0.25,baby,AL
11.99,70.62,184.97,0.6,7904.0,0.17,bed_bath_table,SP
11.73,64.99,95.36,1.6,15625.0,0.18,housewares,SP
25.63,18.0,1417.09,0.12,5832.0,1.42,garden_tools,TO
27.74,489.9,112.05,11.5,63525.0,0.06,small_appliances,SP
20.03,119.9,285.31,0.28,3332.0,0.17,perfumery,ES
17.75,70.97,462.64,3.01,46080.0,0.25,toys,MG
17.63,59.9,88.18,7.5,44550.0,0.29,musical_instruments,SP
14.56,28.0,338.77,0.1,1134.0,0.52,auto,SP
8.65,130.0,138.11,0.12,6750.0,0.07,sports_leisure,SP
16.35,163.0,473.02,1.0,3915.0,0.1,unknown,PR
17.6,34.99,319.81,1.2,4784.0,0.5,food_drink,RJ
15.23,42.9,502.54,0.23,1729.0,0.36,health_beauty,MG
17.06,193.9,901.06,5.7,48000.0,0.09,bed_bath_table,ES
76.76,280.0,894.77,8.6,60000.0,0.27,pet_shop,MG
26.79,69.9,788.59,2.5,2420.0,0.38,sports_leisure,MG
15.79,149.0,378.62,0.2,8000.0,0.11,computers_accessories,SC
11.31,14.99,331.67,0.25,352.0,0.76,garden_tools,SP
11.01,56.99,18.0,0.3,3200.0,0.19,perfumery,SP
172.99,1350.0,532.29,30.0,194250.0,0.13,toys,MG
22.61,129.0,916.81,0.38,2808.0,0.18,watches_gifts,MG
45.72,179.99,329.54,7.65,8000.0,0.25,garden_tools,RJ
8.67,86.9,283.06,1.82,21200.0,0.1,home_confort,SP
16.32,49.0,350.5,0.75,1536.0,0.33,sports_leisure,PR
25.79,135.0,682.36,3.04,99000.0,0.19,baby,SC
18.25,20.9,430.48,0.15,2604.0,0.87,computers_accessories,MG
14.15,245.0,74.78,0.35,528.0,0.06,telephony,SP
9.37,79.9,7.91,0.45,12834.0,0.12,musical_instruments,SP
16.01,180.0,429.8,0.18,8000.0,0.09,computers_accessories,PR
15.1,29.9,171.73,0.2,1440.0,0.5,health_beauty,SP
22.93,29.99,429.65,0.45,20000.0,0.76,garden_tools,SP
22.85,49.0,2366.99,0.25,640.0,0.47,watches_gifts,MA
14.43,117.3,43.32,4.11,44890.0,0.12,auto,SP
15.55,64.9,352.58,0.2,4752.0,0.24,cool_stuff,RJ
18.71,384.0,431.72,8.8,13068.0,0.05,bed_bath_table,RJ
15.41,75.0,483.32,0.35,1960.0,0.2,sports_leisure,MG
13.02,97.81,292.38,1.6,8866.0,0.13,furniture_decor,SP
11.03,59.9,46.72,0.1,8000.0,0.18,perfumery,RJ
12.79,40.8,90.86,0.6,19375.0,0.31,construction_tools_safety,SP
18.02,109.9,545.34,9.4,56250.0,0.16,baby,SC
14.87,99.9,399.7,8.88,24080.0,0.15,garden_tools,RJ
23.29,69.9,899.91,1.2,5187.0,0.33,health_beauty,DF
18.72,89.0,283.72,0.1,1000.0,0.21,fashion_bags_accessories,SP
14.1,24.62,340.22,0.49,5760.0,0.57,housewares,RJ
21.18,98.62,585.04,3.3,33250.0,0.22,bed_bath_table,RJ
23.99,188.9,1244.28,3.0,24684.0,0.13,housewares,BA
11.85,21.0,559.78,0.2,7744.0,0.56,computers_accessories,SP
9.23,67.99,28.29,0.45,1280.0,0.14,computers_accessories,SP
12.96,43.0,105.79,0.15,5832.0,0.3,sports_leisure,SP
11.85,49.95,277.13,0.4,4275.0,0.24,bed_bath_table,SP
14.34,84.99,297.9,0.35,4752.0,0.17,perfumery,RJ
23.31,109.9,369.97,1.75,27000.0,0.21,auto,RJ
15.66,24.9,397.66,0.5,1584.0,0.63,fashion_bags_accessories,MG
7.83,137.9,99.42,0.2,990.0,0.06,health_beauty,SP
17.48,148.0,772.19,0.12,2304.0,0.12,cool_stuff,RJ
23.42,89.0,384.23,1.55,8960.0,0.26,bed_bath_table,PR
42.38,38.0,2136.26,0.6,4000.0,1.12,auto,SP
17.78,125.0,408.38,3.47,33511.0,0.14,housewares,SP
21.88,147.9,548.66,7.15,42250.0,0.15,auto,PR
13.87,121.9,291.69,1.35,4374.0,0.11,health_beauty,SP
12.61,67.91,481.78,0.1,1408.0,0.19,computers_accessories,SP
17.74,69.9,897.98,1.04,25256.0,0.25,housewares,RS
19.09,78.0,2470.5,3.21,39102.0,0.24,bed_bath_table,PA
15.79,148.0,715.55,0.44,4480.0,0.11,watches_gifts,RJ
15.23,13.65,356.56,0.15,3872.0,1.12,electronics,RJ
18.23,12.65,439.75,0.15,2800.0,1.44,electronics,MG
31.36,70.0,1342.51,2.5,12000.0,0.45,furniture_decor,MG
57.77,129.9,302.54,7.62,78750.0,0.44,bed_bath_table,SP
19.13,179.0,633.31,6.15,8000.0,0.11,sports_leisure,GO
13.37,34.9,295.29,0.15,1584.0,0.38,fashion_bags_accessories,MG
18.22,137.9,992.63,6.9,57664.0,0.13,bed_bath_table,RS
19.86,126.63,497.69,1.25,17052.0,0.16,housewares,SP
17.63,12.25,2361.86,0.18,3872.0,1.44,electronics,CE
22.85,24.99,2204.29,0.6,2160.0,0.91,computers_accessories,PB
82.7,399.99,87.22,30.0,262800.0,0.21,furniture_mattress_and_upholstery,MG
25.7,59.99,1230.34,0.35,2464.0,0.43,watches_gifts,MT
11.15,19.9,832.59,0.2,4500.0,0.56,computers_accessories,SP
14.25,69.9,335.3,0.5,3200.0,0.2,health_beauty,MG
14.44,33.0,397.65,1.45,9792.0,0.44,garden_tools,SP
14.52,22.0,284.52,0.2,640.0,0.66,agro_industry_and_commerce,RJ
13.44,112.0,159.24,0.58,2288.0,0.12,watches_gifts,MG
34.28,69.9,311.59,1.2,6929.0,0.49,bed_bath_table,SP
18.87,89.9,315.57,1.15,3000.0,0.21,furniture_decor,SP
22.55,209.99,298.23,5.2,25160.0,0.11,cool_stuff,RJ
14.8,149.3,755.6,0.15,1496.0,0.1,food,ES
19.82,580.27,276.4,1.1,5600.0,0.03,computers_accessories,RJ
13.93,129.9,93.58,1.7,14400.0,0.11,perfumery,SP
16.19,247.88,106.82,0.59,4800.0,0.06,musical_instruments,PR
20.93,599.0,68.62,6.5,60000.0,0.04,home_confort,SP
58.93,59.9,864.65,3.3,8520.0,0.98,auto,GO
12.74,56.99,283.54,1.05,2560.0,0.22,bed_bath_table,SP
11.76,79.0,12.02,0.7,8736.0,0.15,sports_leisure,SP
29.59,659.0,5.71,12.9,73008.0,0.04,computers,SP
55.56,159.98,1375.65,14.6,67280.0,0.35,office_furniture,BA
13.96,134.9,422.93,2.0,15840.0,0.1,auto,SP
8.27,46.2,70.45,0.27,1820.0,0.18,stationery,SP
91.44,192.99,2195.32,17.05,93744.0,0.47,office_furniture,PB
18.51,59.0,635.36,0.25,640.0,0.31,fashion_bags_accessories,MG
19.55,329.0,677.51,0.9,5832.0,0.06,music,SP
15.15,199.99,368.3,1.44,24786.0,0.08,toys,SP
18.73,59.9,4.04,1.65,45000.0,0.31,sports_leisure,PR
18.23,25.9,779.49,0.25,5950.0,0.7,furniture_decor,MS
7.39,43.9,62.57,0.35,1824.0,0.17,perfumery,SP
46.07,179.9,1429.13,16.13,92925.0,0.26,office_furniture,BA
14.32,82.0,371.46,0.8,1260.0,0.18,books_imported,RJ
9.55,104.9,10.18,0.99,21312.0,0.09,toys,SP
15.1,23.9,465.19,0.2,3584.0,0.63,housewares,SC
17.93,89.99,628.34,2.23,19343.0,0.2,toys,PR
16.32,98.99,350.11,2.22,8880.0,0.16,health_beauty,SP
18.94,195.0,1878.03,0.53,4800.0,0.1,perfumery,MT
98.87,214.0,651.04,11.45,43706.0,0.46,housewares,RS
21.03,76.96,636.78,0.9,2100.0,0.27,housewares,MG
12.69,23.9,400.07,0.9,4800.0,0.53,furniture_decor,SP
23.08,51.0,2300.38,0.42,3762.0,0.45,housewares,RN
21.15,99.99,1136.14,0.5,32000.0,0.21,fashion_bags_accessories,BA
15.1,12.99,430.32,0.2,2160.0,1.16,telephony,SC
20.15,129.9,839.18,1.1,20000.0,0.16,sports_leisure,SP
17.71,139.94,52.84,8.27,45968.0,0.13,office_furniture,SP
7.78,49.9,12.99,0.15,1600.0,0.16,fashion_bags_accessories,SP
27.67,144.9,2481.32,2.75,20736.0,0.19,office_furniture,PA
14.47,53.9,419.34,1.75,32560.0,0.27,garden_tools,SP
27.42,98.9,1262.85,1.25,9360.0,0.28,toys,BA
17.29,159.99,782.04,0.6,352.0,0.11,watches_gifts,SP
16.11,24.75,555.2,0.8,10000.0,0.65,furniture_decor,MG
7.78,13.99,4.16,0.15,8000.0,0.56,fashion_bags_accessories,SP
24.62,209.9,1103.58,1.6,9120.0,0.12,auto,BA
15.1,29.99,372.48,0.1,627.0,0.5,telephony,PR
9.16,57.89,30.24,0.95,1827.0,0.16,books_technical,SP
13.68,146.01,259.24,4.34,2856.0,0.09,watches_gifts,SP
16.32,45.0,817.05,0.75,9568.0,0.36,sports_leisure,GO
19.3,122.3,124.11,0.43,3927.0,0.16,perfumery,SP
7.78,25.9,40.18,0.15,2816.0,0.3,sports_leisure,SP
18.88,112.0,664.21,0.5,8640.0,0.17,pet_shop,PR
4.49,9.6,40.87,9.35,25872.0,0.47,kitchen_dining_laundry_garden_furniture,SP
16.39,89.99,626.72,0.25,3960.0,0.18,health_beauty,SC
23.2,56.99,540.54,1.4,6250.0,0.41,bed_bath_table,RJ
11.19,80.07,85.72,1.8,27000.0,0.14,housewares,SP
18.02,110.0,455.29,7.8,50400.0,0.16,industry_commerce_and_business,SC
22.53,86.0,1535.52,0.12,2392.0,0.26,home_appliances,BA
25.25,58.0,468.8,1.55,16740.0,0.44,sports_leisure,SP
18.23,39.0,554.08,0.55,1710.0,0.47,bed_bath_table,RJ
17.88,89.99,670.2,1.3,15750.0,0.2,cool_stuff,PR
27.75,66.99,2365.06,0.35,2964.0,0.41,health_beauty,SP
14.64,79.0,31.22,7.0,36000.0,0.18,stationery,SP
17.16,129.99,501.29,1.3,12800.0,0.13,unknown,MG
51.61,144.2,468.93,2.5,146250.0,0.36,pet_shop,SP
11.3,99.0,46.52,0.3,2028.0,0.11,tablets_printing_image,SP
12.69,36.9,254.63,0.55,9504.0,0.34,stationery,SP
9.34,39.9,85.64,0.65,4550.0,0.23,health_beauty,SP
20.8,34.9,953.14,0.5,3248.0,0.6,fashion_shoes,GO
15.69,299.99,142.7,1.2,26752.0,0.05,toys,RJ
10.65,175.91,87.05,0.8,6300.0,0.06,computers_accessories,SP
27.5,169.0,461.37,6.4,43659.0,0.16,auto,MG
56.04,225.0,703.46,16.9,88000.0,0.25,garden_tools,MS
8.11,29.9,134.55,0.25,1200.0,0.27,health_beauty,SP
15.1,39.97,623.98,0.4,10764.0,0.38,bed_bath_table,SP
11.87,54.99,164.08,0.25,1232.0,0.22,toys,MG
12.79,24.9,122.42,0.25,2048.0,0.51,air_conditioning,SP
41.11,49.9,568.63,1.65,19800.0,0.82,garden_tools,PR
10.96,49.9,28.0,0.13,504.0,0.22,auto,SP
14.48,106.9,137.49,1.4,16170.0,0.14,luggage_accessories,SP
18.01,109.0,474.24,10.05,27000.0,0.16,housewares,MG
25.31,169.0,513.14,6.65,51894.0,0.15,sports_leisure,MG
16.79,31.89,854.08,0.3,1040.0,0.53,telephony,SP
18.54,105.0,899.07,2.65,27000.0,0.18,furniture_decor,MS
14.1,29.99,340.38,0.5,4032.0,0.47,health_beauty,SP
3.44,53.2,663.74,0.7,2560.0,0.06,bed_bath_table,DF
18.23,45.9,480.3,0.15,3120.0,0.4,computers_accessories,RJ
20.66,166.99,503.99,2.35,10240.0,0.12,cool_stuff,MG
15.93,149.97,481.91,3.9,9000.0,0.11,housewares,SP
14.15,78.0,14.36,4.35,41200.0,0.18,industry_commerce_and_business,SP
18.45,49.9,306.54,0.3,12000.0,0.37,health_beauty,MG
7.31,22.9,86.65,0.3,3456.0,0.32,pet_shop,SP
27.75,66.99,2351.81,0.35,2964.0,0.41,health_beauty,SP
19.0,250.0,324.46,3.4,30250.0,0.08,health_beauty,RJ
19.25,139.0,316.95,4.08,49056.0,0.14,baby,PR
12.43,148.75,1.66,0.7,10800.0,0.08,sports_leisure,MG
9.41,84.94,23.39,0.7,15876.0,0.11,sports_leisure,SP
12.41,47.4,11.91,2.0,7503.0,0.26,furniture_decor,SP
11.05,319.9,88.44,1.25,13500.0,0.04,cool_stuff,SP
27.7,199.9,495.66,2.7,11808.0,0.14,bed_bath_table,MG
11.85,39.99,354.8,0.3,1584.0,0.3,housewares,SP
15.49,105.18,410.4,0.25,4096.0,0.15,perfumery,MG
13.75,69.9,270.37,0.22,1936.0,0.2,perfumery,SC
7.78,25.0,68.63,0.2,1600.0,0.31,baby,SP
24.9,158.7,814.22,5.25,32400.0,0.16,furniture_decor,MG
16.17,59.0,1053.96,0.7,13200.0,0.27,furniture_decor,RS
53.22,119.99,1432.45,14.95,81620.0,0.44,baby,BA
14.59,119.9,343.57,0.43,3927.0,0.12,perfumery,SP
22.43,79.5,1467.19,2.85,8800.0,0.28,furniture_decor,BA
9.69,219.0,29.55,0.65,7040.0,0.04,pc_gamer,SP
15.1,25.0,783.8,0.2,3060.0,0.6,perfumery,SP
12.69,21.1,319.97,1.4,12250.0,0.6,unknown,SP
9.02,94.9,31.83,0.6,7980.0,0.1,bed_bath_table,SP
12.81,20.9,253.29,0.15,2604.0,0.61,computers_accessories,SP
15.1,12.97,976.37,0.1,1188.0,1.16,telephony,MG
19.97,299.0,424.91,0.15,1932.0,0.07,sports_leisure,SP
8.04,43.0,52.94,0.15,5832.0,0.19,sports_leisure,SP
12.48,29.9,273.82,0.15,1584.0,0.42,unknown,MG
12.85,26.9,298.15,0.3,4800.0,0.48,bed_bath_table,SP
51.74,124.9,1032.83,2.5,22050.0,0.41,furniture_decor,RJ
14.1,17.99,323.35,0.05,1520.0,0.78,telephony,RJ
14.01,59.9,136.07,1.4,4590.0,0.23,health_beauty,RJ
0.05,19.99,509.63,0.05,4807.0,0.0,health_beauty,DF
12.54,149.9,145.46,1.7,7616.0,0.08,bed_bath_table,SP
14.52,11.9,543.08,0.1,704.0,1.22,telephony,MG
20.06,459.9,1053.07,0.47,3240.0,0.04,perfumery,MG
47.45,144.99,1791.0,2.25,21000.0,0.33,bed_bath_table,PE
28.95,226.95,810.61,7.22,48373.0,0.13,auto,GO
15.94,169.9,628.68,0.25,1584.0,0.09,musical_instruments,SP
14.44,98.7,807.01,1.4,18600.0,0.15,auto,GO
8.72,27.0,3.08,0.5,2880.0,0.32,home_appliances,SP
17.6,48.4,498.47,0.96,3825.0,0.36,housewares,SP
28.76,975.0,1879.62,0.66,4256.0,0.03,watches_gifts,AL
11.85,21.99,363.28,0.1,1152.0,0.54,telephony,SP
18.39,115.99,329.15,1.2,26400.0,0.16,luggage_accessories,SP
35.84,149.0,513.38,6.55,27000.0,0.24,bed_bath_table,SP
16.54,299.0,467.05,3.98,25080.0,0.06,sports_leisure,SC
12.61,68.9,534.3,0.15,2912.0,0.18,computers_accessories,SP
15.04,124.99,286.01,8.68,107136.0,0.12,office_furniture,RJ
15.98,125.9,485.49,0.15,8000.0,0.13,stationery,MG
9.09,9.5,51.61,0.22,9672.0,0.96,signaling_and_security,SP
13.43,58.99,470.91,0.2,3960.0,0.23,health_beauty,SP
129.75,346.0,1878.83,23.3,139490.0,0.38,construction_tools_construction,PE
17.52,154.9,1659.03,0.3,1936.0,0.11,watches_gifts,BA
22.85,14.9,2312.69,0.5,2184.0,1.53,baby,RN
15.99,176.99,9.8,2.42,16530.0,0.09,cool_stuff,SP
17.92,24.75,1153.32,0.7,10000.0,0.72,furniture_decor,MT
16.41,219.0,337.98,0.45,2112.0,0.08,watches_gifts,SP
13.44,59.9,437.98,1.65,19800.0,0.22,garden_tools,SP
7.87,19.49,17.68,0.2,6859.0,0.4,sports_leisure,SP
24.97,109.99,1707.78,3.78,31500.0,0.23,sports_leisure,SE
5.19,127.0,901.32,0.5,1350.0,0.04,books_technical,DF
21.24,83.41,82.9,7.35,109200.0,0.26,auto,SP
7.39,17.99,22.29,0.2,5120.0,0.41,home_construction,SP
14.1,13.99,802.56,0.05,880.0,1.01,perfumery,GO
36.37,149.9,2029.57,0.53,4840.0,0.24,computers_accessories,SP
14.93,168.99,477.08,0.48,22050.0,0.09,sports_leisure,MG
45.13,149.99,894.72,6.55,8000.0,0.3,computers_accessories,MS
6.57,7.8,38.51,1.0,1800.0,0.84,health_beauty,SP
17.02,179.9,473.04,0.85,5616.0,0.1,garden_tools,MG
20.0,1200.0,333.94,2.65,19344.0,0.02,computers,SE
14.45,102.9,521.75,1.3,16170.0,0.14,luggage_accessories,MG
45.09,89.99,342.58,5.95,8000.0,0.5,garden_tools,RJ
38.11,79.9,1728.92,1.5,20000.0,0.48,toys,SE
22.88,135.0,880.13,0.12,2304.0,0.17,cool_stuff,RJ
8.31,81.0,120.49,15.1,8526.0,0.1,home_appliances,SP
18.88,110.65,398.94,0.1,1936.0,0.17,health_beauty,SP
51.89,199.0,1964.75,4.62,13800.0,0.26,bed_bath_table,PI
18.01,68.9,661.87,0.7,32200.0,0.26,stationery,GO
23.28,23.9,1026.0,0.65,3000.0,0.97,housewares,RJ
17.67,59.9,250.17,1.55,19800.0,0.3,garden_tools,MG
16.8,148.98,463.28,0.6,11264.0,0.11,baby,MG
12.6,199.9,24.94,1.1,3200.0,0.06,sports_leisure,SP
7.39,15.9,85.98,0.38,2880.0,0.46,telephony,SP
35.73,385.0,177.41,9.0,94500.0,0.09,furniture_decor,SP
19.29,169.9,455.74,0.5,3360.0,0.11,musical_instruments,PR
12.79,39.0,283.73,0.55,1710.0,0.33,bed_bath_table,SP
7.39,9.9,12.19,0.1,1760.0,0.75,perfumery,SP
15.1,22.9,306.22,0.3,3456.0,0.66,pet_shop,PR
31.79,105.0,1457.13,5.55,31360.0,0.3,housewares,BA
16.36,55.0,358.1,0.7,6840.0,0.3,garden_tools,RJ
18.47,84.89,541.29,0.32,3458.0,0.22,computers_accessories,PR
36.27,787.9,385.33,3.41,14168.0,0.05,computers_accessories,RJ
15.1,45.0,545.27,0.3,1152.0,0.34,housewares,SP
17.3,149.9,746.72,5.5,32799.0,0.12,garden_tools,ES
16.11,44.9,884.47,0.78,4488.0,0.36,housewares,RS
39.8,124.99,499.23,8.68,107136.0,0.32,office_furniture,SC
13.08,69.9,116.74,5.2,16650.0,0.19,bed_bath_table,SP
34.8,149.0,558.5,2.65,10400.0,0.23,housewares,PR
14.1,31.9,494.24,0.2,2378.0,0.44,computers_accessories,SP
17.21,176.99,90.74,2.42,16530.0,0.1,cool_stuff,SP
28.35,199.9,926.31,0.79,4256.0,0.14,health_beauty,SC
14.72,58.9,445.51,7.92,19712.0,0.25,auto,SP
17.95,99.99,999.61,4.47,32736.0,0.18,cool_stuff,RS
15.1,39.0,722.66,0.25,4862.0,0.39,sports_leisure,SP
7.87,25.0,87.72,0.1,3900.0,0.32,home_appliances,SP
18.89,24.99,2473.29,0.35,18000.0,0.76,housewares,PA
13.71,99.0,81.57,8.35,31920.0,0.14,stationery,SP
22.98,26.18,786.18,1.4,27716.0,0.88,housewares,GO
30.56,219.0,341.82,9.8,27520.0,0.14,furniture_bedroom,RJ
13.37,43.0,174.33,1.15,27000.0,0.31,housewares,SP
13.63,86.9,278.95,1.82,21200.0,0.16,home_confort,SP
17.66,58.99,370.24,0.2,3960.0,0.3,health_beauty,RJ
13.26,131.17,198.87,0.5,5632.0,0.1,perfumery,SP
9.06,99.0,20.24,0.3,352.0,0.09,watches_gifts,SP
12.48,33.8,441.08,0.2,2106.0,0.37,sports_leisure,SP
17.52,182.0,849.71,2.07,54340.0,0.1,bed_bath_table,RS
15.27,74.9,558.81,0.11,3211.0,0.2,computers_accessories,RS
19.03,165.0,594.96,0.34,2992.0,0.12,watches_gifts,DF
22.66,135.0,1159.19,0.2,3600.0,0.17,computers_accessories,RJ
12.69,19.9,51.0,0.25,10000.0,0.64,watches_gifts,SP
27.14,120.0,329.62,3.75,9000.0,0.23,auto,RJ
23.85,149.99,124.64,6.55,8000.0,0.16,computers_accessories,MG
15.98,39.9,202.38,5.85,15625.0,0.4,furniture_decor,SP
20.84,49.9,557.39,1.95,2244.0,0.42,computers_accessories,SC
17.88,135.0,1115.86,0.2,3600.0,0.13,computers_accessories,RJ
38.58,119.0,277.18,15.7,92340.0,0.32,pet_shop,SP
15.23,24.99,899.76,0.25,816.0,0.61,telephony,MS
17.74,69.9,859.69,1.2,21000.0,0.25,home_appliances,RJ
15.15,56.99,600.79,0.88,18000.0,0.27,bed_bath_table,SC
24.17,79.9,315.03,8.5,50625.0,0.3,baby,SP
17.97,151.9,288.12,4.34,2856.0,0.12,watches_gifts,SP
23.06,36.99,475.05,1.2,6930.0,0.62,pet_shop,RJ
39.53,179.99,1996.26,0.93,7680.0,0.22,health_beauty,PE
7.78,29.9,11.19,0.4,10000.0,0.26,toys,SP
15.72,119.99,516.38,0.21,1344.0,0.13,electronics,MG
14.52,38.9,253.11,0.55,6000.0,0.37,bed_bath_table,MG
21.26,115.0,2019.57,0.45,8000.0,0.18,books_general_interest,BA
9.53,120.0,96.77,0.15,4500.0,0.08,home_appliances,SP
12.79,45.0,400.35,0.25,640.0,0.28,watches_gifts,SP
28.99,349.9,938.22,0.9,11400.0,0.08,health_beauty,ES
15.79,39.99,932.92,0.2,4180.0,0.4,perfumery,SC
17.29,93.24,574.85,1.25,6860.0,0.18,bed_bath_table,RJ
16.11,38.25,402.61,0.58,8400.0,0.42,toys,SP
7.39,27.99,7.04,0.12,1326.0,0.26,telephony,SP
19.64,63.98,574.72,0.73,3060.0,0.31,watches_gifts,RS
25.82,209.99,354.87,5.2,25160.0,0.12,cool_stuff,RJ
29.9,99.9,2736.99,0.46,5434.0,0.3,sports_leisure,CE
15.1,29.9,764.23,0.05,3640.0,0.5,auto,SP
8.88,33.0,48.46,0.57,3456.0,0.27,housewares,SP
16.79,49.99,1482.05,0.41,3472.0,0.34,construction_tools_construction,BA
19.37,389.0,181.03,3.0,8640.0,0.05,garden_tools,SC
15.1,49.95,552.17,0.35,4275.0,0.3,bed_bath_table,MG
12.48,13.9,501.56,0.13,3458.0,0.9,electronics,SP
10.07,64.9,85.26,0.25,1232.0,0.16,baby,SP
20.75,500.0,574.23,1.2,22000.0,0.04,consoles_games,SP
15.23,19.0,466.29,0.1,2048.0,0.8,auto,MG
18.23,44.0,483.01,0.25,1056.0,0.41,stationery,PR
22.24,60.5,298.68,16.15,37200.0,0.37,garden_tools,SP
35.91,248.99,49.95,18.05,75000.0,0.14,luggage_accessories,SP
18.23,28.62,382.35,0.57,2415.0,0.64,watches_gifts,RJ
19.99,698.9,408.13,0.44,2652.0,0.03,watches_gifts,RJ
38.54,69.9,1791.0,0.8,23625.0,0.55,bed_bath_table,PE
16.79,34.99,861.6,0.3,1232.0,0.48,auto,SC
26.25,89.99,204.66,5.95,8000.0,0.29,garden_tools,MG
26.75,69.9,2256.67,0.44,8160.0,0.38,small_appliances,PA
4.76,65.99,270.56,1.1,2560.0,0.07,bed_bath_table,SP
47.32,86.5,60.29,6.6,39375.0,0.55,furniture_mattress_and_upholstery,RJ
14.37,89.0,321.11,0.2,352.0,0.16,audio,PR
15.52,59.9,333.37,1.16,8625.0,0.26,telephony,PR
19.05,399.99,348.81,1.8,25840.0,0.05,auto,RJ
7.78,45.6,15.59,0.35,3332.0,0.17,telephony,SP
9.74,71.0,78.98,5.3,31500.0,0.14,housewares,SP
19.36,179.9,434.01,0.3,4368.0,0.11,auto,MG
20.87,67.0,420.95,12.25,12000.0,0.31,home_construction,SP
17.67,59.9,945.9,1.55,19800.0,0.3,garden_tools,RS
15.22,24.97,234.54,0.55,4356.0,0.61,music,SP
12.79,39.99,202.16,0.8,2560.0,0.32,bed_bath_table,SP
15.47,83.8,340.03,0.4,1760.0,0.18,sports_leisure,SP
16.11,34.9,402.29,0.5,17328.0,0.46,watches_gifts,PR
13.02,159.0,43.78,2.35,24000.0,0.08,home_appliances,SP
11.15,52.49,11.13,1.7,4160.0,0.21,sports_leisure,SP
13.43,59.0,349.86,1.65,19800.0,0.23,garden_tools,SP
15.57,159.0,264.81,0.34,3510.0,0.1,watches_gifts,MG
54.06,219.0,504.28,16.2,83549.0,0.25,luggage_accessories,SP
16.25,69.9,354.31,0.8,23625.0,0.23,bed_bath_table,MG
16.32,34.9,317.76,0.75,22725.0,0.47,stationery,RJ
18.44,79.9,584.33,0.15,4096.0,0.23,computers_accessories,MG
15.01,119.9,266.3,0.3,1760.0,0.12,computers_accessories,MG
18.23,10.5,338.78,0.1,1872.0,1.74,home_appliances,RJ
51.12,369.9,304.0,1.0,3528.0,0.14,health_beauty,SP
16.85,64.9,762.36,0.4,2016.0,0.26,consoles_games,SP
19.84,35.0,523.21,1.87,7776.0,0.57,cool_stuff,MG
26.96,59.99,2394.45,0.52,9280.0,0.45,sports_leisure,PA
11.85,36.99,308.33,0.5,3000.0,0.32,bed_bath_table,SP
2.14,35.9,19.06,0.6,16184.0,0.06,bed_bath_table,SP
8.72,34.98,0.68,0.4,3600.0,0.25,unknown,SP
8.29,55.99,102.28,0.35,10164.0,0.15,toys,SP
12.63,54.9,296.2,0.35,4000.0,0.23,sports_leisure,SC
13.35,98.0,272.53,0.45,5120.0,0.14,small_appliances_home_oven_and_coffee,SP
13.6,67.9,387.71,0.19,2112.0,0.2,computers_accessories,SP
25.61,109.9,755.59,1.75,27000.0,0.23,auto,GO
7.47,30.0,2.28,0.1,1600.0,0.25,fashion_bags_accessories,SP
16.46,99.9,1083.13,0.5,9600.0,0.16,sports_leisure,RS
28.8,57.5,1077.21,1.3,7163.0,0.5,sports_leisure,MG
15.94,169.9,666.02,0.58,2288.0,0.09,watches_gifts,MS
11.06,65.0,363.5,0.5,6000.0,0.17,sports_leisure,SP
12.72,84.0,358.9,0.17,2808.0,0.15,computers_accessories,PR
18.3,23.9,679.58,0.8,2200.0,0.77,furniture_decor,RJ
11.54,74.9,74.75,1.8,8736.0,0.15,sports_leisure,SP
12.48,25.0,606.55,0.1,3060.0,0.5,perfumery,PR
21.66,199.0,979.83,0.7,10080.0,0.11,telephony,MG
9.0,37.5,9.65,0.9,13680.0,0.24,auto,SP
15.1,25.99,444.02,0.3,3000.0,0.58,stationery,RJ
23.59,149.97,844.42,1.95,34385.0,0.16,housewares,SP
17.76,188.0,1082.26,0.4,3024.0,0.09,cool_stuff,BA
24.55,59.99,1877.14,1.4,23040.0,0.41,unknown,PE
21.29,300.0,804.18,0.8,3528.0,0.07,computers_accessories,AL
24.35,13.98,2126.59,0.22,864.0,1.74,telephony,PE
21.15,15.9,2352.27,0.2,836.0,1.33,telephony,MA
17.3,149.99,287.07,20.0,4200.0,0.12,auto,RJ
22.13,27.9,1291.99,0.3,3672.0,0.79,computers_accessories,RJ
18.32,30.8,1027.69,0.47,5376.0,0.6,perfumery,RS
14.8,89.9,155.54,0.3,1760.0,0.16,sports_leisure,MG
4.24,29.9,21.74,0.55,4500.0,0.14,housewares,SP
24.48,47.9,2346.66,0.8,8000.0,0.51,bed_bath_table,MA
16.16,75.0,208.0,5.75,30000.0,0.22,housewares,SP
43.28,124.9,1861.7,9.8,58500.0,0.35,bed_bath_table,SE
16.11,38.0,667.89,0.7,20944.0,0.42,housewares,MG
8.11,13.3,144.83,0.2,352.0,0.61,fashion_bags_accessories,SP
16.39,108.9,157.63,2.2,5434.0,0.15,books_general_interest,SP
22.93,39.9,441.19,1.3,18750.0,0.57,furniture_decor,RJ
0.09,127.42,73.19,0.5,3072.0,0.0,computers_accessories,PR
21.33,75.9,2289.11,0.19,1560.0,0.28,baby,MA
17.12,124.9,342.28,0.8,4608.0,0.14,sports_leisure,SP
10.47,330.0,40.46,0.4,2992.0,0.03,health_beauty,SP
17.77,74.9,678.66,1.35,11470.0,0.24,housewares,RJ
11.85,49.9,545.45,0.6,4913.0,0.24,furniture_decor,SP
15.1,19.9,680.72,0.15,2304.0,0.76,consoles_games,MG
26.8,259.99,8.25,5.58,62040.0,0.1,cool_stuff,SP
14.41,94.99,352.94,1.4,8000.0,0.15,toys,SP
16.38,97.0,603.59,0.12,2288.0,0.17,computers_accessories,GO
12.69,25.0,214.91,0.6,4284.0,0.51,diapers_and_hygiene,SP
23.19,66.99,1936.69,0.35,2964.0,0.35,health_beauty,MG
36.62,75.0,3.23,1.7,70000.0,0.49,furniture_mattress_and_upholstery,SP
17.74,69.9,850.39,1.2,21000.0,0.25,home_appliances,RJ
22.09,22.32,1159.41,0.2,2378.0,0.99,computers_accessories,PR
14.52,30.0,38.88,1.05,26208.0,0.48,housewares,SP
16.79,23.99,1143.03,0.1,4500.0,0.7,health_beauty,BA
96.28,210.0,2159.21,17.1,32768.0,0.46,sports_leisure,RO
14.34,84.99,350.07,0.55,5040.0,0.17,perfumery,RJ
11.85,4.99,70.82,0.1,1024.0,2.38,perfumery,SP
12.79,17.5,253.26,0.06,630.0,0.73,auto,SP
8.61,35.0,13.51,0.5,4600.0,0.25,toys,SP
8.69,25.89,15.8,0.54,3648.0,0.34,electronics,DF
12.74,8.99,648.75,0.5,5250.0,1.42,consoles_games,MG
17.84,119.99,1078.02,0.6,2070.0,0.15,telephony,DF
15.1,18.99,392.21,0.12,792.0,0.8,telephony,RJ
12.86,59.9,86.08,0.2,2880.0,0.22,fashion_underwear_beach,SP
9.17,139.9,10.92,0.6,2244.0,0.07,sports_leisure,SP
41.79,199.9,527.98,9.65,8000.0,0.21,electronics,RJ
14.1,19.9,487.28,0.15,1540.0,0.71,market_place,MG
8.27,15.9,80.26,0.22,2944.0,0.52,bed_bath_table,SP
24.07,213.0,476.54,1.0,7500.0,0.11,baby,PR
24.59,330.0,2360.95,1.25,14000.0,0.08,housewares,CE
28.75,49.9,2152.68,1.55,19800.0,0.58,garden_tools,PA
15.1,42.99,646.01,0.5,8000.0,0.35,pet_shop,GO
15.23,19.99,338.17,0.25,4480.0,0.76,electronics,RJ
18.27,24.89,1186.04,0.35,4030.0,0.73,housewares,RS
17.17,61.9,504.42,1.7,58938.0,0.28,pet_shop,MG
15.44,19.9,164.65,10.1,24000.0,0.78,housewares,SP
19.95,44.9,336.72,0.4,600.0,0.44,bed_bath_table,PR
15.11,27.0,340.39,1.15,2992.0,0.56,food_drink,RJ
27.23,98.0,1158.33,0.92,2400.0,0.28,health_beauty,TO
19.15,130.0,783.63,6.3,60000.0,0.15,baby,MS
13.75,58.0,489.5,0.22,2736.0,0.24,computers_accessories,SP
18.23,24.99,404.87,0.3,816.0,0.73,telephony,PR
11.73,72.99,66.52,1.05,15750.0,0.16,cool_stuff,SP
16.79,22.9,1483.16,0.3,3456.0,0.73,pet_shop,BA
15.76,144.0,1138.54,2.05,3080.0,0.11,books_technical,ES
15.69,68.9,554.08,1.45,23625.0,0.23,bed_bath_table,RJ
15.23,68.0,467.57,0.6,15000.0,0.22,toys,MG
12.89,84.0,66.19,1.68,12100.0,0.15,housewares,SP
35.91,84.99,2141.05,0.6,8151.0,0.42,health_beauty,PB
20.07,104.0,157.17,11.32,56700.0,0.19,industry_commerce_and_business,SP
15.18,59.99,349.18,0.8,18750.0,0.25,sports_leisure,PR
14.59,59.9,399.45,0.6,7865.0,0.24,baby,MG
11.79,99.9,146.42,1.05,14440.0,0.12,bed_bath_table,SP
7.71,29.9,5.73,0.25,3000.0,0.26,toys,MG
34.15,19.9,2251.97,0.15,2304.0,1.72,consoles_games,MA
16.22,129.9,53.45,4.35,8000.0,0.12,sports_leisure,SP
41.1,101.0,501.59,9.0,19656.0,0.41,garden_tools,RJ
17.85,85.9,748.44,1.25,16660.0,0.21,luggage_accessories,DF
35.99,209.9,1143.31,3.9,43056.0,0.17,sports_leisure,RJ
56.65,24.2,1246.53,7.15,42875.0,2.34,housewares,RS
34.53,104.0,1879.4,0.45,3042.0,0.33,health_beauty,BA
3.28,18.9,186.26,0.15,2375.0,0.17,furniture_decor,SP
17.78,148.0,174.21,1.15,8349.0,0.12,furniture_decor,SC
15.17,59.99,574.26,0.35,2464.0,0.25,watches_gifts,MG
22.06,45.0,906.58,0.22,4320.0,0.49,sports_leisure,MS
14.28,100.49,476.04,0.6,2640.0,0.14,sports_leisure,SP
14.1,35.39,342.91,0.35,3192.0,0.4,baby,RJ
15.38,89.9,510.72,0.2,1248.0,0.17,fashion_bags_accessories,RJ
24.26,149.0,197.57,6.55,27000.0,0.16,bed_bath_table,PR
15.1,13.5,337.16,0.25,9000.0,1.12,housewares,MG
12.83,24.5,45.07,0.2,3456.0,0.52,cool_stuff,SP
7.78,29.0,38.69,0.25,352.0,0.27,watches_gifts,SP
22.93,20.5,484.73,2.2,5632.0,1.12,drinks,SP
15.63,74.99,838.88,0.45,1280.0,0.21,computers_accessories,RS
18.37,248.91,462.93,0.9,7098.0,0.07,computers_accessories,SP
20.98,69.9,931.45,2.6,15000.0,0.3,furniture_decor,MS
19.4,99.9,1523.02,1.0,5760.0,0.19,garden_tools,SE
15.23,49.99,351.65,0.5,6400.0,0.3,watches_gifts,RJ
25.64,295.0,391.96,13.55,81270.0,0.09,bed_bath_table,SP
28.0,466.0,437.79,3.7,39204.0,0.06,sports_leisure,GO
9.77,79.9,139.6,0.95,3168.0,0.12,bed_bath_table,SP
15.1,39.9,514.12,0.2,6250.0,0.38,consoles_games,SP
7.78,27.0,111.39,0.2,2964.0,0.29,bed_bath_table,SP
8.79,60.0,14.66,0.2,836.0,0.15,telephony,SP
18.34,34.0,506.68,0.4,27000.0,0.54,sports_leisure,SP
15.56,36.5,257.22,0.57,3120.0,0.43,bed_bath_table,RJ
14.51,59.9,527.82,0.13,1584.0,0.24,computers_accessories,SP
13.14,114.9,358.45,1.3,9520.0,0.11,furniture_decor,SP
27.08,23.99,1510.84,0.98,13225.0,1.13,housewares,RS
16.6,23.0,800.05,0.4,4608.0,0.72,health_beauty,RS
13.36,200.4,97.78,1.4,11830.0,0.07,computers_accessories,SP
18.1,50.0,757.46,0.1,612.0,0.36,fashion_bags_accessories,RJ
13.35,99.0,295.51,0.4,1008.0,0.14,computers_accessories,SP
16.19,159.9,163.34,1.28,13800.0,0.1,housewares,MG
94.52,174.9,417.81,16.5,111150.0,0.54,housewares,MG
19.33,175.0,713.86,0.48,2431.0,0.11,watches_gifts,PR
18.23,17.9,408.75,0.25,4800.0,1.02,bed_bath_table,PR
22.06,27.99,1125.3,0.3,816.0,0.79,telephony,MT
18.23,3.5,336.13,0.05,1920.0,5.21,auto,PR
15.1,40.0,674.55,0.15,3120.0,0.38,consoles_games,RJ
16.67,59.99,819.4,0.95,17500.0,0.28,health_beauty,GO
12.84,190.83,312.12,0.42,2106.0,0.07,watches_gifts,SP
11.85,39.9,122.93,0.4,5616.0,0.3,books_general_interest,SP
18.38,135.0,1208.16,2.25,6600.0,0.14,fashion_bags_accessories,BA
26.82,79.99,450.69,11.88,81000.0,0.34,office_furniture,SP
30.41,113.85,1466.03,1.05,5120.0,0.27,home_construction,BA
16.79,28.45,1156.0,0.2,576.0,0.59,costruction_tools_garden,BA
14.1,16.17,753.14,0.2,624.0,0.87,garden_tools,ES
21.04,899.0,989.27,0.7,2873.0,0.02,watches_gifts,RS
7.39,39.0,31.11,0.2,352.0,0.19,watches_gifts,SP
9.58,109.0,9.56,0.68,4830.0,0.09,health_beauty,SP
19.93,98.9,721.25,1.72,2268.0,0.2,watches_gifts,RJ
7.78,13.7,12.48,0.15,2800.0,0.57,electronics,SP
15.1,49.9,888.67,0.4,8000.0,0.3,sports_leisure,MG
13.37,44.35,297.89,1.4,10500.0,0.3,furniture_decor,SP
7.39,29.99,26.36,0.27,4598.0,0.25,housewares,SP
18.48,129.0,848.47,2.25,3174.0,0.14,fixed_telephony,RS
13.41,49.0,302.18,1.55,19800.0,0.27,garden_tools,SP
67.47,77.9,2330.36,1.94,2652.0,0.87,construction_tools_safety,SE
18.23,39.99,450.19,0.12,1045.0,0.46,telephony,MG
15.56,23.9,500.34,0.7,2268.0,0.65,auto,SC
7.78,15.99,13.16,0.25,864.0,0.49,telephony,SP
7.78,27.99,98.21,0.3,816.0,0.28,telephony,SP
13.25,159.9,393.33,0.8,8000.0,0.08,consoles_games,PR
27.32,149.9,2021.95,0.53,4840.0,0.18,computers_accessories,SP
22.21,39.9,494.95,0.15,952.0,0.56,fashion_bags_accessories,SE
7.87,16.49,42.75,0.3,5832.0,0.48,health_beauty,SP
8.88,48.0,49.77,1.4,21875.0,0.18,housewares,SP
90.8,75.66,346.29,14.32,104544.0,1.2,housewares,RJ
35.81,69.9,1815.19,0.92,36036.0,0.51,sports_leisure,MA
105.7,329.9,802.33,10.65,94192.0,0.32,office_furniture,PR
15.72,73.9,1170.42,1.35,7429.0,0.21,bed_bath_table,MG
11.15,35.0,33.73,1.25,15680.0,0.32,housewares,SP
18.0,149.9,372.34,10.05,80136.0,0.12,office_furniture,RJ
2.8,47.99,306.58,0.65,6400.0,0.06,bed_bath_table,SP
18.27,99.9,673.81,0.4,1800.0,0.18,sports_leisure,RJ
19.46,69.99,328.12,0.7,8160.0,0.28,sports_leisure,MG
13.5,22.32,321.48,0.2,2378.0,0.6,computers_accessories,MG
10.96,49.0,97.97,0.25,1512.0,0.22,telephony,SP
26.55,35.6,257.37,1.8,17556.0,0.75,home_appliances,MG
36.44,159.99,2141.25,0.75,2640.0,0.23,sports_leisure,RN
15.4,42.6,338.43,0.1,2376.0,0.36,computers_accessories,RJ
15.1,15.9,437.62,0.2,5100.0,0.95,pet_shop,RJ
15.1,22.5,496.74,0.25,6000.0,0.67,books_general_interest,SP
15.1,25.9,712.31,0.1,1122.0,0.58,electronics,RS
16.75,71.6,335.31,1.15,10710.0,0.23,pet_shop,PR
65.77,219.0,2354.2,9.65,27520.0,0.3,cool_stuff,MA
10.46,385.0,88.29,0.65,6600.0,0.03,telephony,SP
18.23,139.9,978.91,1.5,21420.0,0.13,auto,MG
12.89,78.0,348.63,1.35,12000.0,0.16,furniture_decor,SP
25.54,99.99,418.07,1.45,11700.0,0.26,sports_leisure,RJ
11.85,49.0,77.31,0.28,1600.0,0.24,computers_accessories,SP
7.71,39.9,146.02,0.12,1200.0,0.19,computers_accessories,SP
14.38,89.99,509.77,0.37,3927.0,0.16,electronics,SC
16.46,99.9,749.93,0.8,5236.0,0.16,housewares,ES
21.72,89.1,293.26,0.9,6384.0,0.24,sports_leisure,SP
16.16,56.99,520.06,0.15,352.0,0.28,watches_gifts,SP
8.88,75.0,120.76,0.6,4144.0,0.12,baby,SP
15.01,99.9,293.48,1.4,3500.0,0.15,bed_bath_table,SP
22.98,99.99,330.34,8.22,72270.0,0.23,furniture_living_room,RJ
21.07,14.46,477.94,0.1,640.0,1.46,garden_tools,SC
34.38,120.0,936.92,3.5,18900.0,0.29,health_beauty,GO
15.1,25.9,776.25,0.35,2448.0,0.58,housewares,RS
10.96,6.0,53.88,0.3,3840.0,1.83,housewares,SP
8.72,52.0,46.61,0.3,6760.0,0.17,tablets_printing_image,SP
9.34,29.9,87.67,0.1,1280.0,0.31,fashion_bags_accessories,SP
11.98,68.0,380.78,0.35,11466.0,0.18,sports_leisure,SP
15.4,236.0,875.69,0.2,3200.0,0.06,watches_gifts,DF
40.79,365.93,92.33,14.5,32487.0,0.11,furniture_living_room,SP
22.06,16.99,1257.45,0.3,3750.0,1.3,housewares,BA
10.81,199.89,126.76,0.63,4056.0,0.05,computers_accessories,SP
7.87,28.0,45.03,0.1,1156.0,0.28,auto,SP
17.06,42.9,168.89,2.8,9545.0,0.4,furniture_living_room,SP
11.92,60.0,124.37,0.1,816.0,0.2,fashion_bags_accessories,SP
30.33,74.99,345.06,7.5,30866.0,0.4,furniture_living_room,SP
26.98,64.9,252.44,4.1,14952.0,0.42,cool_stuff,SP
15.1,29.99,771.17,0.15,1200.0,0.5,computers_accessories,ES
11.85,40.0,180.61,0.1,612.0,0.3,fashion_bags_accessories,SP
50.85,13.65,2430.48,0.2,2800.0,3.72,electronics,MA
15.11,35.9,328.73,0.78,5850.0,0.42,computers_accessories,RJ
16.11,45.0,288.34,0.55,13125.0,0.36,cds_dvds_musicals,RJ
8.27,14.9,47.69,0.15,10560.0,0.56,health_beauty,SP
15.79,38.99,1332.57,0.2,1344.0,0.4,electronics,MT
22.41,69.0,1643.22,0.2,352.0,0.32,watches_gifts,BA
15.54,276.0,11.61,2.12,24948.0,0.06,furniture_decor,SP
98.15,391.87,1726.72,30.0,105000.0,0.25,auto,SE
18.77,27.0,252.52,0.45,2652.0,0.7,books_general_interest,RJ
7.39,14.8,20.7,0.15,4096.0,0.5,unknown,SP
47.83,166.9,1697.94,2.45,27000.0,0.29,auto,PE
13.78,159.9,197.48,0.25,4096.0,0.09,health_beauty,SP
8.75,74.8,346.89,1.5,3120.0,0.12,furniture_decor,PR
7.78,19.9,49.45,0.22,1344.0,0.39,perfumery,SP
11.15,59.0,77.66,1.5,7500.0,0.19,bed_bath_table,SP
21.88,135.9,332.22,1.35,4374.0,0.16,health_beauty,MG
17.66,58.99,633.94,0.2,3960.0,0.3,health_beauty,PR
49.76,230.0,486.45,12.25,70875.0,0.22,furniture_decor,MG
28.18,799.9,504.46,2.4,17600.0,0.04,toys,SP
10.96,43.99,174.56,8.9,56129.0,0.25,furniture_decor,SP
15.27,74.9,750.04,0.18,2210.0,0.2,computers_accessories,RS
18.28,16.5,1456.02,0.75,2112.0,1.11,construction_tools_construction,BA
18.09,119.9,408.13,1.65,4692.0,0.15,bed_bath_table,RJ
19.14,148.0,401.63,0.16,2112.0,0.13,pet_shop,MG
8.27,29.9,74.26,0.3,18711.0,0.28,sports_leisure,SP
19.41,218.2,81.59,1.1,8192.0,0.09,computers_accessories,SP
26.46,120.0,648.38,6.05,8000.0,0.22,garden_tools,MG
14.17,59.9,505.81,0.5,1408.0,0.24,furniture_decor,MG
19.22,89.9,812.84,1.6,7616.0,0.21,bed_bath_table,ES
12.69,32.99,463.54,0.85,10000.0,0.38,furniture_decor,SP
8.3,148.9,110.46,0.22,1232.0,0.06,watches_gifts,SP
21.62,162.0,659.49,3.45,13600.0,0.13,sports_leisure,SC
40.38,149.99,337.18,6.55,8000.0,0.27,computers_accessories,RJ
14.1,24.99,880.56,0.3,816.0,0.56,telephony,DF
15.1,23.99,842.63,0.1,4500.0,0.63,health_beauty,MS
19.91,95.49,1160.23,2.7,22050.0,0.21,health_beauty,BA
18.34,65.5,786.95,1.1,9108.0,0.28,computers_accessories,PR
18.45,81.25,497.21,0.15,1500.0,0.23,watches_gifts,PR
14.86,109.9,343.71,1.2,10032.0,0.14,fashion_shoes,SP
14.57,69.0,300.22,1.3,2560.0,0.21,bed_bath_table,SP
16.12,51.92,550.64,0.7,4200.0,0.31,furniture_decor,MG
14.1,21.99,355.47,0.52,6048.0,0.64,health_beauty,RJ
37.87,37.8,893.14,6.95,1848.0,1.0,sports_leisure,SC
8.51,179.99,31.99,3.05,12600.0,0.05,bed_bath_table,SP
22.99,159.9,1432.34,1.6,9240.0,0.14,sports_leisure,BA
17.74,69.9,859.69,1.2,21000.0,0.25,home_appliances,RJ
15.11,34.9,483.72,0.75,22725.0,0.43,stationery,SC
12.05,79.0,145.32,0.2,4096.0,0.15,sports_leisure,SP
16.95,99.9,324.98,0.75,9900.0,0.17,furniture_decor,RJ
16.47,119.9,299.2,0.4,2772.0,0.14,watches_gifts,SP
18.16,129.99,535.86,1.6,15750.0,0.14,cool_stuff,SC
18.23,29.99,926.91,0.15,4096.0,0.61,fashion_bags_accessories,SP
15.1,40.0,674.55,0.15,3120.0,0.38,consoles_games,RJ
8.88,72.9,12.22,0.55,9600.0,0.12,costruction_tools_garden,SP
13.66,92.0,317.31,1.55,20944.0,0.15,bed_bath_table,SP
16.05,34.9,774.92,0.8,9000.0,0.46,garden_tools,RS
25.89,149.9,601.45,5.8,27060.0,0.17,sports_leisure,RS
25.63,13.65,2285.37,0.2,2800.0,1.88,electronics,PA
18.96,153.9,562.39,0.31,1920.0,0.12,watches_gifts,RJ
18.27,99.99,1568.59,0.55,30000.0,0.18,cool_stuff,BA
10.96,14.99,432.44,0.2,2052.0,0.73,housewares,MG
8.85,99.0,79.48,0.55,5632.0,0.09,home_appliances,SP
9.38,359.0,10.2,0.44,2520.0,0.03,watches_gifts,SP
17.63,39.9,2122.63,0.3,4096.0,0.44,baby,PE
13.6,37.6,239.45,0.6,2028.0,0.36,unknown,MG
15.1,24.5,426.0,0.1,2304.0,0.62,consoles_games,PR
12.79,15.9,350.0,0.25,8000.0,0.8,furniture_decor,SP
13.19,106.9,470.64,0.55,5940.0,0.12,health_beauty,SP
16.07,138.6,872.95,0.72,17825.0,0.12,cool_stuff,DF
14.59,71.9,277.25,1.1,20790.0,0.2,bed_bath_table,SP
7.78,18.9,32.13,0.14,1872.0,0.41,computers_accessories,SP
17.93,15.99,344.3,0.85,9016.0,1.12,baby,RJ
16.17,58.0,915.09,10.05,60000.0,0.28,bed_bath_table,ES
12.23,39.9,124.06,1.3,18750.0,0.31,furniture_decor,SP
11.85,14.1,148.75,0.7,576.0,0.84,perfumery,SP
11.73,45.9,20.17,7.05,22050.0,0.26,pet_shop,SP
18.32,63.0,526.46,0.1,1056.0,0.29,stationery,SC
31.84,169.9,808.26,2.45,27405.0,0.19,construction_tools_construction,RJ
13.92,144.9,20.33,2.75,20736.0,0.1,office_furniture,SP
14.59,120.0,337.19,0.52,14850.0,0.12,consoles_games,RJ
16.11,39.9,492.36,0.6,4000.0,0.4,sports_leisure,MG
50.94,129.97,2780.33,8.3,48552.0,0.39,housewares,AL
15.1,25.9,776.25,0.35,2448.0,0.58,housewares,RS
45.58,159.99,869.65,10.72,68970.0,0.28,office_furniture,RS
27.55,85.99,1399.12,1.2,15750.0,0.32,cool_stuff,BA
22.84,27.0,86.03,3.45,28175.0,0.85,furniture_decor,SP
41.11,159.94,301.81,13.87,46056.0,0.26,office_furniture,SP
12.02,115.9,4.92,1.48,31680.0,0.1,stationery,SP
22.03,399.0,1024.58,1.45,13824.0,0.06,small_appliances,SP
15.1,24.99,227.62,0.1,2352.0,0.6,telephony,MG
16.87,128.7,753.08,0.95,19825.0,0.13,furniture_living_room,SP
26.96,47.5,19.49,0.78,8211.0,0.57,housewares,SP
14.5,107.0,464.53,0.6,2400.0,0.14,musical_instruments,MG
15.64,105.0,8.81,17.75,30600.0,0.15,stationery,SP
13.6,67.9,439.07,0.19,2112.0,0.2,computers_accessories,SP
31.32,1349.99,651.8,2.6,19344.0,0.02,computers,PE
34.15,49.9,797.6,0.5,8004.0,0.68,fashion_shoes,GO
13.18,149.9,286.58,0.2,4410.0,0.09,computers_accessories,SP
12.15,499.9,58.85,1.6,27216.0,0.02,toys,SP
14.28,99.9,302.57,1.4,3500.0,0.14,bed_bath_table,SP
54.34,249.0,168.25,11.5,8316.0,0.22,electronics,MG
25.63,14.9,1295.8,0.08,1760.0,1.72,health_beauty,DF
15.1,16.9,889.64,0.3,1428.0,0.89,garden_tools,ES
22.06,180.0,1444.66,0.65,2208.0,0.12,telephony,SP
14.98,175.25,451.8,0.2,1584.0,0.08,musical_instruments,SP
8.72,49.9,85.87,0.32,4704.0,0.18,telephony,SP
11.68,152.72,602.1,5.1,25296.0,0.08,housewares,MG
14.1,17.99,298.19,0.4,7938.0,0.78,pet_shop,SP
8.11,34.9,54.53,0.15,1584.0,0.23,fashion_bags_accessories,MG
24.97,1199.9,844.42,0.9,11700.0,0.02,health_beauty,SP
7.39,45.75,73.1,0.25,1936.0,0.16,perfumery,SP
8.11,29.9,104.07,0.2,1875.0,0.27,unknown,MG
13.71,39.0,173.21,0.55,1710.0,0.35,bed_bath_table,SP
13.08,69.9,23.68,2.6,15000.0,0.19,furniture_decor,SP
17.53,113.0,504.6,1.62,12789.0,0.16,sports_leisure,RJ
9.83,145.0,13.55,1.02,24480.0,0.07,sports_leisure,SP
7.94,55.0,59.44,0.35,2464.0,0.14,watches_gifts,RJ
17.67,59.9,582.17,1.75,32560.0,0.3,garden_tools,DF
9.41,84.99,39.03,0.6,8151.0,0.11,health_beauty,SP
12.79,39.99,125.53,0.75,26928.0,0.32,bed_bath_table,SP
9.26,48.99,144.18,0.6,1690.0,0.19,furniture_decor,SP
41.17,320.0,354.61,7.4,16000.0,0.13,sports_leisure,RJ
8.72,56.99,91.65,0.25,3360.0,0.15,perfumery,MG
38.95,186.97,54.09,16.65,87696.0,0.21,office_furniture,SP
9.06,44.9,130.79,0.65,7260.0,0.2,cool_stuff,SP
18.23,14.9,862.85,0.1,1188.0,1.22,telephony,GO
17.19,107.0,1357.51,0.35,4913.0,0.16,sports_leisure,BA
22.85,50.0,2319.17,0.75,4096.0,0.46,housewares,RN
7.39,66.0,5.41,0.25,1056.0,0.11,stationery,SP
25.28,359.9,871.16,7.5,28782.0,0.07,small_appliances,DF
17.39,233.0,718.21,0.54,5681.0,0.08,perfumery,SC
144.09,1009.0,317.32,15.8,134292.0,0.14,baby,RJ
8.72,34.0,10.84,0.4,6336.0,0.26,furniture_decor,SP
19.53,48.9,838.51,0.75,3380.0,0.4,baby,RS
8.27,26.9,117.47,0.25,640.0,0.31,perfumery,RJ
15.79,15.0,873.42,0.16,2431.0,1.05,cool_stuff,SP
16.92,45.99,1446.33,0.7,3200.0,0.37,unknown,BA
20.29,550.0,828.39,23.2,352.0,0.04,auto,MG
17.63,45.0,1089.4,0.2,1936.0,0.39,cool_stuff,PR
13.37,28.8,123.07,1.4,15680.0,0.46,toys,SP
12.24,145.0,302.72,0.34,2992.0,0.08,watches_gifts,SP
16.25,69.9,727.85,0.6,2240.0,0.23,baby,SP
17.16,74.99,11.91,7.5,30866.0,0.23,furniture_living_room,RJ
22.61,129.0,801.64,6.55,27000.0,0.18,bed_bath_table,RJ
1.85,25.9,288.1,0.15,1232.0,0.07,electronics,SP
60.74,85.0,4.42,2.1,22500.0,0.72,housewares,SP
19.81,119.9,396.93,0.43,3570.0,0.16,health_beauty,SP
26.43,35.0,835.8,1.87,7776.0,0.76,cool_stuff,ES
18.74,122.99,1049.54,0.4,3600.0,0.15,unknown,RS
14.1,22.99,481.74,0.2,836.0,0.61,telephony,MG
17.46,79.0,40.65,7.0,36000.0,0.22,stationery,SP
15.11,12.99,859.05,2.9,12800.0,1.16,furniture_decor,DF
36.21,139.94,872.3,8.27,45968.0,0.26,office_furniture,RS
11.73,19.3,2.39,1.3,15625.0,0.61,drinks,SP
9.51,89.9,166.95,0.6,15000.0,0.11,toys,SP
18.16,129.99,704.59,1.6,15750.0,0.14,cool_stuff,MG
15.17,59.9,252.09,0.25,5184.0,0.25,computers_accessories,PR
14.14,212.0,300.92,0.26,2652.0,0.07,watches_gifts,SP
19.8,79.99,1017.7,3.9,5700.0,0.25,housewares,RJ
21.19,99.9,570.03,6.6,39375.0,0.21,pet_shop,SC
17.97,56.0,491.09,1.25,24000.0,0.32,pet_shop,SP
10.96,39.9,75.38,0.8,9000.0,0.28,garden_tools,SP
20.39,449.0,454.27,1.1,16120.0,0.04,health_beauty,RJ
14.52,26.69,435.37,0.5,3520.0,0.54,watches_gifts,SP
12.9,80.0,280.68,1.6,20250.0,0.16,bed_bath_table,SP
4.44,38.99,454.97,0.2,1344.0,0.11,electronics,MG
21.43,133.99,587.5,2.15,16632.0,0.16,bed_bath_table,RJ
17.01,179.0,574.37,0.45,2816.0,0.1,electronics,SP
17.63,24.89,1092.17,0.1,3456.0,0.71,computers_accessories,BA
7.39,27.99,52.11,0.3,816.0,0.26,telephony,SP
16.44,115.0,128.07,1.3,23625.0,0.14,sports_leisure,SP
14.87,69.0,99.81,4.2,24500.0,0.22,housewares,SP
52.84,69.99,2143.53,0.9,7182.0,0.76,housewares,PB
13.73,53.0,219.83,0.7,2560.0,0.26,bed_bath_table,SP
31.93,169.96,571.91,12.65,52488.0,0.19,office_furniture,MG
7.78,55.0,23.3,0.2,640.0,0.14,watches_gifts,SP
14.61,122.99,368.61,0.4,3600.0,0.12,unknown,RJ
18.31,30.0,935.76,0.2,1326.0,0.61,electronics,MG
16.42,59.9,410.01,0.43,4845.0,0.27,health_beauty,SP
15.47,83.9,456.55,0.21,1836.0,0.18,health_beauty,SP
15.1,14.9,859.58,0.15,10560.0,1.01,health_beauty,GO
16.42,94.95,414.77,0.65,13500.0,0.17,baby,RJ
23.04,166.99,1333.31,2.42,16530.0,0.14,cool_stuff,MT
12.62,159.9,154.69,0.58,2288.0,0.08,watches_gifts,SP
8.72,25.0,19.33,0.4,8000.0,0.35,bed_bath_table,SP
26.2,194.9,411.93,10.5,53360.0,0.13,bed_bath_table,RJ
19.74,119.0,706.7,6.55,8000.0,0.17,computers_accessories,GO
21.19,99.98,696.4,1.45,9720.0,0.21,garden_tools,RJ
28.49,48.99,356.83,1.88,16588.0,0.58,baby,PR
16.07,53.9,664.87,1.65,19800.0,0.3,garden_tools,RJ
12.99,78.0,309.06,0.25,352.0,0.17,watches_gifts,SP
15.12,53.0,582.18,0.65,2560.0,0.28,bed_bath_table,RJ
40.03,99.99,533.91,10.9,19656.0,0.4,construction_tools_construction,MG
12.8,19.9,248.32,0.25,2560.0,0.64,bed_bath_table,SP
20.08,158.0,593.96,3.6,27000.0,0.13,furniture_decor,MG
13.71,44.99,339.76,0.81,1920.0,0.3,computers_accessories,SP
18.29,57.99,550.99,0.32,7866.0,0.32,toys,SP
9.34,50.0,82.94,0.5,16920.0,0.19,baby,SP
12.12,89.0,65.41,0.1,1056.0,0.14,perfumery,SP
7.39,24.9,22.97,0.15,1360.0,0.3,health_beauty,SP
17.63,19.99,2493.72,0.1,4500.0,0.88,health_beauty,PA
24.14,164.9,339.04,4.8,25584.0,0.15,pet_shop,MG
17.19,39.9,955.49,0.7,850.0,0.43,furniture_decor,RS
12.9,34.39,307.54,0.25,14000.0,0.38,small_appliances,SP
12.74,87.0,545.04,0.14,2496.0,0.15,computers_accessories,MG
15.38,89.9,712.72,1.38,20000.0,0.17,bed_bath_table,GO
18.75,135.0,494.68,1.8,13520.0,0.14,auto,SC
7.55,59.99,124.35,0.15,6318.0,0.13,pet_shop,RJ
7.78,44.9,20.22,0.1,2175.0,0.17,health_beauty,SP
8.46,99.9,89.35,0.5,3094.0,0.08,fixed_telephony,SP
17.35,25.0,1120.49,0.3,1280.0,0.69,baby,RJ
22.93,61.99,1940.58,0.35,2964.0,0.37,health_beauty,MG
0.0,99.9,1379.66,0.58,2288.0,0.0,watches_gifts,BA
15.04,205.0,5.37,9.75,12600.0,0.07,bed_bath_table,SP
16.11,22.8,807.12,0.85,1936.0,0.71,flowers,RS
7.78,28.9,18.36,0.2,836.0,0.27,telephony,SP
22.75,179.0,787.18,7.65,8000.0,0.13,garden_tools,PR
14.25,69.0,116.44,4.2,39200.0,0.21,garden_tools,SP
7.39,18.5,84.32,0.25,4940.0,0.4,auto,SP
14.73,79.9,477.15,0.28,1122.0,0.18,baby,SP
11.85,49.89,502.99,0.4,6050.0,0.24,bed_bath_table,SP
8.27,49.49,56.53,0.2,7182.0,0.17,sports_leisure,SP
16.81,149.87,446.92,0.52,5577.0,0.11,computers_accessories,SP
26.44,229.0,625.79,2.3,9614.0,0.12,garden_tools,SP
53.65,176.96,1438.6,12.28,82080.0,0.3,office_furniture,BA
16.96,190.0,493.09,2.25,34776.0,0.09,home_appliances,SP
18.48,54.9,440.52,1.55,12000.0,0.34,housewares,SC
154.56,379.9,450.79,30.0,114840.0,0.41,housewares,RJ
13.21,110.32,178.95,0.35,2850.0,0.12,health_beauty,SP
16.18,69.9,224.76,2.6,15000.0,0.23,furniture_decor,SP
13.37,49.0,45.98,0.45,12000.0,0.27,stationery,SP
13.52,71.82,429.92,1.4,8712.0,0.19,fashion_shoes,SP
21.19,99.99,648.6,1.75,15000.0,0.21,bed_bath_table,GO
17.27,309.9,827.15,0.6,2926.0,0.06,health_beauty,GO
17.67,59.9,639.32,1.75,2240.0,0.3,cool_stuff,MG
15.11,39.9,386.13,0.5,1920.0,0.38,housewares,PR
15.14,199.0,365.72,0.45,352.0,0.08,watches_gifts,RJ
7.39,16.49,86.1,0.12,1045.0,0.45,telephony,SP
7.92,94.9,15.29,0.4,2040.0,0.08,toys,SP
18.45,79.9,89.92,4.5,18000.0,0.23,christmas_supplies,SP
14.52,34.9,364.9,0.8,9000.0,0.42,garden_tools,RJ
26.95,144.99,1326.26,1.9,8000.0,0.19,garden_tools,MT
18.85,229.0,471.8,0.34,3510.0,0.08,watches_gifts,MG
19.82,89.9,446.43,0.56,11880.0,0.22,toys,SC
25.68,56.99,2321.43,0.25,3360.0,0.45,perfumery,CE
26.78,599.9,497.49,0.92,12300.0,0.04,cool_stuff,SP
18.69,158.0,386.83,8.45,24624.0,0.12,housewares,RJ
8.98,234.0,53.84,0.2,5967.0,0.04,home_appliances,SP
12.48,18.49,472.94,0.1,1170.0,0.68,health_beauty,SP
16.84,57.52,895.84,0.15,3744.0,0.29,computers_accessories,RJ
12.9,83.36,316.49,0.6,24000.0,0.16,bed_bath_table,SP
69.93,159.99,2093.58,9.12,68970.0,0.44,office_furniture,PI
8.72,38.9,11.12,0.3,4000.0,0.22,health_beauty,SP
16.11,23.9,564.55,0.55,2430.0,0.67,housewares,MG
16.04,85.99,1400.91,4.85,27000.0,0.19,housewares,BA
18.48,175.8,822.08,1.55,11760.0,0.1,furniture_decor,RS
27.13,99.0,2104.4,16.25,37206.0,0.27,luggage_accessories,PE
34.76,79.0,1805.6,3.0,3750.0,0.44,construction_tools_construction,BA
5.37,49.0,812.96,0.6,18375.0,0.11,fashion_male_clothing,MG
12.69,21.9,344.31,0.45,2880.0,0.58,housewares,SP
15.65,110.32,808.15,0.2,990.0,0.14,health_beauty,MS
34.7,129.0,1847.34,0.4,1547.0,0.27,computers_accessories,PE
15.65,42.99,854.35,0.2,1232.0,0.36,toys,RS
11.09,69.0,85.76,0.7,8000.0,0.16,perfumery,SP
63.51,395.0,197.06,15.3,87808.0,0.16,cool_stuff,SP
26.29,159.9,676.68,5.0,20000.0,0.16,air_conditioning,RJ
63.59,1005.63,1875.0,1.4,9200.0,0.06,computers_accessories,SC
53.67,189.0,2006.37,0.95,22440.0,0.28,furniture_decor,SP
8.4,163.0,10.46,0.2,1056.0,0.05,health_beauty,SP
8.29,53.69,74.69,1.11,3762.0,0.15,health_beauty,SP
33.1,119.99,331.62,8.8,45084.0,0.28,office_furniture,RJ
18.47,95.2,356.06,1.25,10350.0,0.19,home_construction,RJ
18.51,64.9,523.3,0.3,4096.0,0.28,sports_leisure,SP
1.22,64.89,102.54,0.16,3240.0,0.02,computers_accessories,SP
10.0,24.53,1243.24,0.18,2310.0,0.41,sports_leisure,RS
17.74,69.9,823.64,1.35,31920.0,0.25,stationery,RS
24.84,28.0,2346.88,0.2,8000.0,0.89,computers_accessories,RO
42.47,2999.89,252.3,4.0,14280.0,0.01,computers_accessories,MG
16.11,39.0,154.6,0.8,13230.0,0.41,toys,MG
12.79,39.9,148.41,0.12,1064.0,0.32,telephony,SP
15.44,79.9,734.29,0.15,4096.0,0.19,computers_accessories,GO
16.79,18.0,863.5,0.2,2016.0,0.93,sports_leisure,MG
18.43,89.99,313.52,1.5,4000.0,0.2,housewares,SP
19.5,43.99,574.31,0.8,2560.0,0.44,bed_bath_table,SC
16.16,56.99,578.63,0.88,18000.0,0.28,bed_bath_table,RJ
13.5,68.9,290.39,0.98,4992.0,0.2,health_beauty,SP
24.83,899.0,2386.68,0.7,2873.0,0.03,watches_gifts,PA
22.28,49.9,904.64,0.15,1584.0,0.45,fashion_bags_accessories,PR
30.21,166.9,1152.57,4.21,13090.0,0.18,housewares,MG
13.71,38.99,353.37,0.8,6400.0,0.35,bed_bath_table,SP
13.25,549.9,3.46,0.95,18096.0,0.02,baby,SP
24.02,329.9,512.01,11.45,34615.0,0.07,garden_tools,BA
26.67,39.9,383.66,16.6,52920.0,0.67,furniture_decor,MG
11.85,8.76,282.75,0.6,4576.0,1.35,housewares,SP
25.16,114.99,969.65,0.8,7500.0,0.22,housewares,GO
24.93,109.99,216.9,6.55,8000.0,0.23,computers_accessories,MG
18.93,149.9,950.86,0.15,1056.0,0.13,auto,ES
13.83,35.0,287.59,0.85,10000.0,0.4,furniture_decor,SP
17.92,90.99,2114.35,0.37,3927.0,0.2,electronics,PE
17.39,1299.65,65.39,0.7,3465.0,0.01,health_beauty,RJ
11.68,93.99,17.27,1.8,1827.0,0.12,books_technical,SP
19.59,245.0,394.58,0.35,528.0,0.08,telephony,MG
18.35,35.9,405.98,0.4,2400.0,0.51,perfumery,RJ
15.1,34.99,310.76,0.2,4500.0,0.43,health_beauty,MG
13.26,85.0,505.02,0.3,9375.0,0.16,consoles_games,SP
15.11,285.0,3.32,1.65,11907.0,0.05,sports_leisure,PR
40.37,149.0,352.02,6.55,8000.0,0.27,computers_accessories,RJ
18.18,633.14,790.07,0.7,1950.0,0.03,watches_gifts,GO
7.61,49.9,74.23,0.08,1120.0,0.15,telephony,SP
11.85,22.0,192.37,0.2,8000.0,0.54,sports_leisure,SP
13.71,99.0,352.98,1.65,7200.0,0.14,sports_leisure,SP
38.51,1300.0,1488.74,2.65,19344.0,0.03,computers,SP
16.11,38.4,447.75,1.4,12000.0,0.42,furniture_decor,PR
15.1,19.99,812.31,0.1,4500.0,0.76,health_beauty,MG
7.78,12.5,21.8,0.15,832.0,0.62,telephony,SP
15.98,29.5,128.69,1.87,7776.0,0.54,cool_stuff,SP
16.05,29.99,736.49,0.22,648.0,0.54,telephony,ES
26.32,169.0,548.66,6.4,43659.0,0.16,auto,PR
17.84,84.9,581.96,1.4,8712.0,0.21,fashion_shoes,MG
12.48,49.9,100.41,0.85,5184.0,0.25,computers_accessories,SP
16.11,48.9,467.35,0.6,3380.0,0.33,baby,MG
15.1,9.9,931.58,0.1,2457.0,1.52,housewares,RS
18.23,27.9,514.97,0.05,2550.0,0.65,auto,SC
21.74,129.0,328.66,2.8,20000.0,0.17,furniture_decor,SP
27.32,52.9,1467.67,1.4,23625.0,0.52,bed_bath_table,BA
23.2,379.94,822.83,0.35,4096.0,0.06,construction_tools_safety,SP
14.1,49.0,719.24,0.25,352.0,0.29,fashion_bags_accessories,ES
2.47,58.67,24.49,0.45,5445.0,0.04,bed_bath_table,SP
17.6,39.9,1254.46,1.94,12768.0,0.44,home_appliances_2,MS
7.87,15.9,62.52,0.2,2944.0,0.5,bed_bath_table,SP
12.67,109.9,33.79,1.85,5168.0,0.12,auto,SP
17.43,70.9,892.29,0.3,8000.0,0.25,perfumery,SP
18.65,797.0,8.55,0.25,5054.0,0.02,watches_gifts,SP
16.88,89.9,339.76,1.9,15625.0,0.19,sports_leisure,RJ
17.01,177.99,363.84,0.95,3445.0,0.1,housewares,SP
14.8,149.99,493.04,0.7,11088.0,0.1,luggage_accessories,MG
21.19,55.0,2359.83,0.25,640.0,0.38,watches_gifts,MA
54.05,265.0,541.36,11.4,38475.0,0.2,housewares,SP
17.33,85.0,330.2,6.1,31920.0,0.2,stationery,RJ
21.47,139.99,949.81,2.37,16632.0,0.15,bed_bath_table,RS
15.43,79.0,354.32,0.1,6000.0,0.2,fixed_telephony,RJ
20.26,109.99,341.71,6.2,33810.0,0.18,pet_shop,SP
16.28,74.9,473.33,0.85,14440.0,0.22,bed_bath_table,RJ
12.88,70.0,283.86,0.85,20250.0,0.18,bed_bath_table,SP
21.32,149.9,1868.3,0.53,4840.0,0.14,computers_accessories,RJ
23.27,99.0,426.78,1.7,4000.0,0.24,furniture_decor,SP
11.33,69.0,64.86,0.32,3344.0,0.16,telephony,SP
12.0,149.9,1880.79,0.53,4840.0,0.08,computers_accessories,RJ
53.21,122.99,2201.8,0.7,5700.0,0.43,health_beauty,MG
23.82,144.99,775.26,2.82,3360.0,0.16,health_beauty,ES
14.11,49.7,352.93,0.32,5346.0,0.28,toys,RJ
11.89,39.99,369.55,0.35,3800.0,0.3,bed_bath_table,SP
16.2,63.14,263.69,0.2,14000.0,0.26,home_appliances,MG
13.63,41.9,477.07,0.56,7728.0,0.32,toys,SP
18.1,120.99,947.37,1.35,42875.0,0.15,toys,RS
19.74,49.9,280.28,0.1,6480.0,0.4,computers_accessories,SP
170.86,250.0,461.09,30.0,216000.0,0.68,housewares,MG
19.84,40.5,353.34,1.95,23520.0,0.49,housewares,RJ
17.77,74.9,120.83,1.5,7448.0,0.24,furniture_decor,SP
16.48,149.0,1116.94,0.2,3600.0,0.11,computers_accessories,RJ
44.27,99.0,648.55,7.0,38475.0,0.45,housewares,SP
21.02,75.0,663.25,2.6,15000.0,0.28,furniture_decor,SC
12.3,129.9,171.27,0.9,31500.0,0.1,pet_shop,SC
15.79,39.99,667.23,0.7,8736.0,0.4,sports_leisure,RJ
14.1,9.0,745.45,0.15,2800.0,1.57,electronics,ES
13.78,109.0,16.71,5.75,34800.0,0.13,stationery,SP
9.94,26.0,82.64,0.5,6120.0,0.38,home_appliances,SP
6.32,24.9,194.3,0.2,600.0,0.25,bed_bath_table,SP
8.72,64.5,6.39,0.4,3744.0,0.14,electronics,SP
15.1,24.9,1075.84,0.36,1632.0,0.61,auto,GO
14.52,23.9,761.84,0.15,8514.0,0.61,health_beauty,PR
12.48,19.9,627.92,0.12,4680.0,0.63,electronics,SP
13.08,29.5,87.45,1.87,7776.0,0.44,cool_stuff,SP
18.45,49.99,380.8,0.15,2058.0,0.37,telephony,RJ
18.28,68.5,330.07,1.15,6929.0,0.27,bed_bath_table,SP
15.1,45.9,383.64,0.65,3200.0,0.33,perfumery,MG
15.81,149.99,355.27,0.65,8550.0,0.1,toys,MG
17.12,125.0,490.12,1.4,10000.0,0.14,cool_stuff,MG
44.48,69.99,476.31,10.07,91520.0,0.64,office_furniture,MG
7.39,29.9,5.87,0.4,4788.0,0.25,furniture_decor,SP
7.51,35.0,25.26,0.1,1331.0,0.22,health_beauty,SP
59.82,235.0,2332.95,9.65,27520.0,0.26,cool_stuff,RN
20.01,349.0,984.69,0.5,2112.0,0.06,health_beauty,PR
14.15,56.99,360.8,0.25,3360.0,0.25,perfumery,RJ
8.72,38.9,51.82,0.3,12000.0,0.22,consoles_games,SP
15.1,28.0,721.32,0.6,4752.0,0.54,books_general_interest,MG
77.13,399.0,394.51,19.15,105792.0,0.19,health_beauty,CE
19.7,104.9,696.57,1.06,9120.0,0.19,sports_leisure,MG
15.1,29.0,524.77,0.25,640.0,0.52,watches_gifts,PR
13.69,178.99,245.57,0.29,1632.0,0.08,watches_gifts,SP
17.39,97.65,580.05,3.1,21120.0,0.18,home_appliances,SP
11.1,69.9,70.27,0.8,3000.0,0.16,housewares,SP
11.76,79.9,40.24,0.15,8750.0,0.15,fashion_underwear_beach,SP
19.02,131.9,518.61,0.2,8000.0,0.14,sports_leisure,MG
9.34,5.9,8.16,0.5,4576.0,1.58,housewares,SP
60.13,129.0,270.61,9.85,58621.0,0.47,housewares,SP
17.06,39.99,1327.99,0.15,1280.0,0.43,baby,MG
8.72,34.9,79.84,0.6,12167.0,0.25,sports_leisure,SP
8.72,10.9,10.43,0.2,352.0,0.8,fashion_bags_accessories,PR
15.03,70.0,52.87,3.6,6210.0,0.22,computers_accessories,SP
19.49,74.9,468.45,0.85,14440.0,0.26,bed_bath_table,RJ
9.07,79.9,4.73,0.5,6000.0,0.11,furniture_decor,RS
15.31,78.0,534.71,1.35,12000.0,0.2,furniture_decor,SC
15.87,159.9,517.1,0.5,23625.0,0.1,stationery,SP
16.2,63.14,559.15,0.2,14000.0,0.26,home_appliances,MG
87.26,619.9,1686.45,1.3,30625.0,0.14,musical_instruments,BA
12.79,29.99,190.23,0.6,2560.0,0.43,bed_bath_table,SP
21.49,143.54,569.82,2.2,16200.0,0.15,bed_bath_table,RJ
14.7,55.0,235.22,1.4,19760.0,0.27,home_appliances,SP
7.88,89.99,7.17,0.25,3960.0,0.09,health_beauty,SP
15.1,14.9,791.43,0.15,1750.0,1.01,furniture_decor,SP
15.23,35.9,851.96,0.28,4536.0,0.42,air_conditioning,RS
25.61,110.0,283.22,7.3,48000.0,0.23,unknown,MG
45.12,149.0,618.17,6.55,8000.0,0.3,computers_accessories,PR
17.6,49.9,679.91,1.5,19800.0,0.35,garden_tools,RJ
18.54,159.0,557.5,2.2,23625.0,0.12,bed_bath_table,GO
23.25,219.99,1611.49,0.45,13800.0,0.11,auto,MT
13.57,79.0,123.97,7.0,36000.0,0.17,stationery,SP
13.37,49.9,448.2,1.65,19800.0,0.27,garden_tools,SP
19.32,36.9,758.53,0.7,18576.0,0.52,fashion_bags_accessories,RS
19.14,149.0,459.81,6.45,27000.0,0.13,bed_bath_table,SP
11.86,69.0,31.88,1.2,3600.0,0.17,home_appliances,SP
9.0,13.9,1326.4,0.5,6400.0,0.65,housewares,MT
17.7,64.9,517.31,1.1,7740.0,0.27,toys,RS
32.23,129.0,416.95,8.32,19866.0,0.25,garden_tools,RJ
30.11,122.99,2356.85,0.7,5700.0,0.24,health_beauty,SP
16.34,82.9,372.54,0.3,4500.0,0.2,health_beauty,SP
21.47,139.9,412.71,1.8,23660.0,0.15,perfumery,SP
29.55,22.9,2836.24,0.4,352.0,1.29,watches_gifts,PA
12.83,55.0,569.6,0.98,10880.0,0.23,bed_bath_table,SP
13.88,42.97,182.17,1.2,1936.0,0.32,construction_tools_construction,SP
16.92,49.99,1461.52,0.9,24000.0,0.34,luggage_accessories,BA
11.85,19.9,114.85,0.1,2304.0,0.6,consoles_games,SP
16.44,23.99,95.75,7.35,38750.0,0.68,housewares,SP
29.58,169.0,2292.01,1.35,13932.0,0.18,housewares,CE
14.1,31.9,338.0,0.2,2378.0,0.44,computers_accessories,RJ
120.19,698.9,166.15,30.0,294000.0,0.17,furniture_living_room,MG
13.06,89.0,350.68,0.76,33600.0,0.15,bed_bath_table,SP
19.72,74.99,596.42,1.05,2560.0,0.26,bed_bath_table,RJ
12.18,139.99,36.06,1.5,60000.0,0.09,cool_stuff,SP
33.59,192.97,149.46,16.65,87696.0,0.17,office_furniture,SP
20.06,164.89,955.87,0.25,3360.0,0.12,computers_accessories,ES
10.96,24.9,76.64,0.4,24000.0,0.44,furniture_decor,SP
11.98,69.9,25.19,1.45,7854.0,0.17,housewares,RJ
15.56,14.99,203.74,4.3,20000.0,1.04,drinks,SP
14.1,12.99,498.06,0.4,8750.0,1.08,furniture_decor,MG
22.06,49.9,1088.53,0.55,6292.0,0.44,furniture_decor,BA
18.62,169.9,795.27,0.45,3360.0,0.11,watches_gifts,GO
19.54,50.0,764.11,0.95,12500.0,0.39,bed_bath_table,ES
15.81,99.9,322.83,1.8,3600.0,0.16,furniture_decor,SP
7.39,47.65,94.3,1.11,3762.0,0.16,health_beauty,SP
15.98,29.5,356.85,1.87,7776.0,0.54,cool_stuff,SP
13.08,38.4,18.99,0.65,14000.0,0.34,furniture_decor,SP
18.44,49.0,422.91,0.18,2688.0,0.38,perfumery,SP
33.39,134.9,1087.77,8.35,51300.0,0.25,bed_bath_table,ES
16.03,113.89,66.2,1.29,10580.0,0.14,housewares,SC
15.1,22.99,507.45,0.15,836.0,0.66,telephony,MG
61.91,166.99,556.71,20.5,86625.0,0.37,bed_bath_table,RJ
16.42,94.9,352.93,0.65,7560.0,0.17,pet_shop,DF
11.85,24.9,278.89,0.2,2205.0,0.48,stationery,SP
11.85,29.9,368.58,0.35,5760.0,0.4,construction_tools_safety,SP
8.72,45.9,32.67,0.15,2816.0,0.19,sports_leisure,SP
25.43,500.0,1319.73,0.52,3024.0,0.05,watches_gifts,MT
7.78,56.0,10.3,0.3,640.0,0.14,watches_gifts,SP
12.43,69.9,29.22,2.6,15000.0,0.18,furniture_decor,SP
8.27,22.9,69.62,0.3,3456.0,0.36,pet_shop,SP
7.81,79.9,37.0,0.4,9000.0,0.1,baby,SP
15.1,45.0,662.59,0.5,352.0,0.34,watches_gifts,SC
21.95,208.9,405.42,2.05,5000.0,0.1,watches_gifts,RJ
19.99,107.85,952.07,0.62,9000.0,0.18,housewares,MG
15.13,53.99,1097.34,0.2,3328.0,0.28,perfumery,RS
16.97,56.8,823.31,1.05,4158.0,0.3,fashion_shoes,MG
19.6,57.99,451.18,1.25,7106.0,0.34,bed_bath_table,SP
27.43,69.0,1301.17,1.5,4995.0,0.4,bed_bath_table,BA
12.74,87.0,564.95,0.17,2808.0,0.15,computers_accessories,SP
10.0,122.9,222.53,1.8,4500.0,0.08,bed_bath_table,SP
12.81,20.9,18.5,0.15,2604.0,0.61,computers_accessories,SP
9.36,89.17,20.1,0.95,18000.0,0.1,unknown,RS
23.79,58.9,1280.66,7.0,32994.0,0.4,housewares,MT
18.55,95.6,310.56,0.15,1872.0,0.19,home_appliances,RJ
12.79,41.95,383.23,0.55,7514.0,0.3,home_construction,SP
35.67,38.99,1922.9,0.85,8680.0,0.92,health_beauty,AL
35.24,89.0,2499.66,5.7,13950.0,0.4,furniture_living_room,PE
44.13,869.0,1805.26,0.28,5054.0,0.05,watches_gifts,PE
15.1,9.9,701.36,0.2,850.0,1.52,sports_leisure,MG
15.79,29.9,834.2,0.2,3248.0,0.53,baby,MG
22.06,49.9,875.82,0.2,3600.0,0.44,food_drink,ES
17.0,19.83,580.53,1.4,6450.0,0.86,bed_bath_table,PR
19.59,56.99,689.88,0.85,18000.0,0.34,bed_bath_table,RJ
10.87,760.0,3.37,1.05,4125.0,0.01,health_beauty,SP
18.23,18.9,1131.18,0.12,1728.0,0.96,electronics,RS
29.0,86.36,1122.14,1.18,17784.0,0.34,housewares,ES
9.19,94.0,6.92,1.9,4096.0,0.1,health_beauty,RJ
14.36,87.0,335.54,0.12,1344.0,0.16,health_beauty,SP
10.96,27.9,64.92,0.95,24272.0,0.39,furniture_decor,RS
23.96,289.9,1154.89,0.37,5940.0,0.08,perfumery,RS
19.27,51.0,2112.29,0.42,3762.0,0.38,housewares,PE
17.6,49.65,850.4,1.2,6000.0,0.35,auto,ES
15.1,21.9,613.92,0.05,1188.0,0.69,telephony,SC
16.25,164.5,383.08,0.35,6783.0,0.1,perfumery,RJ
17.67,59.9,359.48,0.43,4845.0,0.3,health_beauty,MG
17.84,83.9,581.36,1.5,23625.0,0.21,furniture_decor,RJ
9.34,27.0,88.43,0.5,27000.0,0.35,housewares,SP
17.58,229.9,365.28,0.61,3888.0,0.08,consoles_games,SP
15.59,119.9,383.6,0.32,4845.0,0.13,perfumery,SP
15.79,149.0,391.61,0.3,640.0,0.11,watches_gifts,MG
18.23,29.99,897.55,0.45,4200.0,0.61,baby,ES
7.47,29.9,141.42,0.25,1200.0,0.25,health_beauty,SP
14.1,19.9,327.98,0.1,5832.0,0.71,telephony,RJ
11.73,49.99,42.69,3.9,38610.0,0.24,toys,SP
2.04,32.99,1164.78,0.4,2560.0,0.06,bed_bath_table,RS
26.22,196.9,676.88,3.1,5776.0,0.13,health_beauty,SP
33.34,370.47,413.98,5.7,33524.0,0.09,health_beauty,RJ
13.03,219.0,283.92,0.48,2772.0,0.06,watches_gifts,SP
15.69,115.0,475.24,0.38,8120.0,0.14,baby,SP
15.57,99.0,491.86,0.3,1936.0,0.16,construction_tools_safety,MG
23.28,45.0,814.05,9.4,23970.0,0.52,pet_shop,RJ
15.39,42.0,349.31,0.32,6776.0,0.37,stationery,RJ
15.3,79.0,725.49,0.15,2160.0,0.19,electronics,PR
22.44,138.0,495.31,5.1,54000.0,0.16,sports_leisure,SP
30.77,28.89,1364.13,0.35,3600.0,1.06,perfumery,MT
61.49,179.96,2508.69,11.7,68040.0,0.34,office_furniture,PA
13.71,50.0,258.11,0.85,12500.0,0.27,bed_bath_table,SP
33.63,289.9,189.48,7.62,147108.0,0.12,office_furniture,SP
17.92,45.9,1311.49,0.7,13950.0,0.39,stationery,BA
7.71,29.9,116.05,0.25,1200.0,0.26,health_beauty,SP
13.21,12.0,334.37,0.7,3612.0,1.1,unknown,RJ
8.29,39.9,120.16,0.65,2592.0,0.21,health_beauty,SP
18.39,41.99,839.12,0.1,576.0,0.44,auto,RS
13.86,39.99,309.99,0.65,26928.0,0.35,bed_bath_table,SP
15.23,44.99,344.35,0.25,2080.0,0.34,housewares,RJ
7.78,16.0,151.84,0.35,3927.0,0.49,auto,SP
23.14,59.99,1538.18,0.35,2964.0,0.39,health_beauty,DF
16.76,161.5,302.1,2.2,21385.0,0.1,bed_bath_table,SP
41.33,149.0,716.74,6.35,27000.0,0.28,bed_bath_table,RJ
19.75,79.9,460.24,0.55,3564.0,0.25,air_conditioning,GO
22.67,39.9,978.55,0.9,2400.0,0.57,furniture_decor,GO
9.85,105.0,578.53,1.0,7632.0,0.09,watches_gifts,SP
7.87,18.9,76.33,0.15,2304.0,0.42,electronics,PR
15.16,59.0,742.6,0.3,1944.0,0.26,health_beauty,RJ
38.01,149.9,2321.04,3.4,11907.0,0.25,office_furniture,MA
17.94,99.0,878.17,7.7,56980.0,0.18,stationery,RS
8.9,21.5,75.67,0.65,1764.0,0.41,health_beauty,SP
17.8,180.0,885.44,0.18,8000.0,0.1,computers_accessories,MG
18.47,128.9,846.31,1.7,40000.0,0.14,pet_shop,RJ
7.39,18.9,172.91,0.21,1320.0,0.39,bed_bath_table,SP
16.12,196.0,783.34,1.0,6480.0,0.08,computers_accessories,ES
3.02,11.24,387.35,0.4,42135.0,0.27,furniture_decor,SP
23.6,145.9,706.98,8.25,49280.0,0.16,baby,PR
7.02,26.0,303.59,0.35,2560.0,0.27,bed_bath_table,SP
16.82,89.99,339.25,0.88,4284.0,0.19,sports_leisure,RJ
24.84,27.0,2821.81,0.4,2750.0,0.92,unknown,RO
15.11,29.0,460.57,0.7,6400.0,0.52,sports_leisure,MG
47.3,499.9,375.64,6.5,18000.0,0.1,computers_accessories,MG
22.19,159.0,418.99,2.85,15680.0,0.14,sports_leisure,RJ
16.11,45.9,544.11,0.9,2400.0,0.35,furniture_decor,MG
13.07,59.0,451.74,0.2,640.0,0.22,watches_gifts,SP
18.98,149.9,664.53,0.53,4840.0,0.13,computers_accessories,BA
23.84,129.9,1085.36,2.6,14625.0,0.18,furniture_decor,MG
34.95,226.95,154.41,8.4,48373.0,0.15,auto,MG
12.75,59.0,258.36,0.75,7260.0,0.22,furniture_decor,SP
18.38,72.0,568.15,0.15,2912.0,0.26,computers_accessories,SC
18.0,89.57,489.06,1.15,5100.0,0.2,health_beauty,MG
48.26,117.3,1617.14,4.11,44890.0,0.41,auto,PI
7.39,45.0,122.49,0.2,4096.0,0.16,construction_tools_lights,SP
17.6,49.0,729.42,0.9,2560.0,0.36,small_appliances,SC
31.27,41.0,860.51,5.45,27000.0,0.76,pet_shop,RS
1.05,248.9,119.15,0.31,1920.0,0.0,watches_gifts,SP
22.58,123.9,946.86,1.56,5440.0,0.18,sports_leisure,PR
12.79,38.0,171.6,0.2,4000.0,0.34,baby,MG
10.96,18.9,325.27,0.35,4800.0,0.58,bed_bath_table,SP
20.75,95.99,411.13,1.5,39375.0,0.22,bed_bath_table,PR
7.87,32.0,106.85,0.2,4080.0,0.25,construction_tools_construction,SP
11.85,10.99,208.57,0.35,3520.0,1.08,housewares,SP
16.11,19.99,514.24,0.4,8000.0,0.81,sports_leisure,MG
8.9,77.98,8.76,0.34,7106.0,0.11,baby,SP
24.29,45.0,53.7,14.15,56350.0,0.54,home_appliances,SP
16.79,7.0,1370.68,0.15,4275.0,2.4,telephony,BA
7.78,27.99,4.2,0.3,816.0,0.28,telephony,SP
3.55,34.6,348.01,0.25,3060.0,0.1,sports_leisure,SP
17.76,131.0,1092.93,1.6,24000.0,0.14,health_beauty,RS
7.78,29.99,79.51,0.15,1904.0,0.26,telephony,SP
15.47,102.99,799.46,0.15,1080.0,0.15,consoles_games,MS
17.93,29.9,475.06,7.3,56700.0,0.6,pet_shop,MG
14.68,129.9,99.12,1.7,14400.0,0.11,perfumery,SP
12.95,79.99,311.7,0.55,5040.0,0.16,perfumery,SP
17.66,58.99,772.2,0.2,3960.0,0.3,health_beauty,RS
16.17,59.0,323.16,0.52,32604.0,0.27,stationery,RJ
15.1,39.99,1003.98,0.35,3800.0,0.38,bed_bath_table,RS
11.73,69.99,17.74,1.1,15750.0,0.17,cool_stuff,SP
12.03,75.9,410.52,0.5,21000.0,0.16,toys,SP
8.2,135.0,21.15,0.3,3146.0,0.06,health_beauty,SP
9.92,129.99,16.43,0.65,8550.0,0.08,toys,RJ
18.44,79.9,797.39,0.2,14000.0,0.23,small_appliances,GO
17.88,89.9,440.04,1.2,3080.0,0.2,bed_bath_table,RJ
13.28,119.48,107.52,0.16,3528.0,0.11,sports_leisure,SP
18.24,51.0,506.19,0.16,1768.0,0.36,consoles_games,PR
25.83,79.0,1149.84,0.12,2210.0,0.33,watches_gifts,DF
19.15,149.65,395.61,0.1,4500.0,0.13,health_beauty,SP
7.78,9.9,9.26,0.15,4000.0,0.79,sports_leisure,SP
31.0,99.9,5.99,16.25,37206.0,0.31,luggage_accessories,SP
17.6,41.14,402.65,1.5,5832.0,0.43,bed_bath_table,MG
14.38,89.9,494.19,0.7,21600.0,0.16,stationery,MG
13.37,50.7,122.78,1.86,38700.0,0.26,toys,SP
23.12,169.9,1400.1,1.9,20520.0,0.14,stationery,BA
28.81,58.99,2223.01,0.2,3960.0,0.49,health_beauty,CE
57.99,46.6,1852.79,18.4,78750.0,1.24,garden_tools,BA
22.3,52.9,1461.3,0.25,6400.0,0.42,garden_tools,BA
14.24,69.9,489.89,0.2,1408.0,0.2,fashion_bags_accessories,SC
14.52,34.9,425.16,0.8,9000.0,0.42,garden_tools,MG
8.47,44.5,16.07,0.5,3920.0,0.19,housewares,SP
35.7,54.9,2291.8,5.7,33930.0,0.65,toys,RN
7.78,39.9,123.22,0.3,2448.0,0.2,toys,SP
15.17,59.9,182.15,0.2,2904.0,0.25,fashion_bags_accessories,PR
8.72,29.99,4.64,0.6,4940.0,0.29,computers_accessories,SP
18.28,18.9,1420.68,0.6,4950.0,0.97,housewares,BA
15.42,238.99,389.82,0.3,2268.0,0.06,watches_gifts,RJ
27.18,104.9,123.19,11.85,70000.0,0.26,toys,SP
28.09,798.9,1912.78,0.55,1936.0,0.04,watches_gifts,AL
9.34,58.0,17.11,1.45,8000.0,0.16,construction_tools_lights,SP
12.19,140.9,79.03,1.14,10032.0,0.09,sports_leisure,SP
16.79,19.62,1458.04,0.15,1344.0,0.86,food,BA
14.57,56.99,103.87,0.6,6500.0,0.26,toys,PR
15.11,34.9,841.48,0.35,8000.0,0.43,consoles_games,SP
7.4,20.0,26.9,0.3,1600.0,0.37,air_conditioning,SP
8.43,38.0,18.48,0.6,3864.0,0.22,bed_bath_table,SP
14.39,195.9,381.31,0.92,7680.0,0.07,computers_accessories,SP
17.11,96.9,676.0,0.49,4896.0,0.18,sports_leisure,RJ
22.54,118.0,1425.25,0.44,4480.0,0.19,watches_gifts,BA
12.03,99.99,72.09,1.7,19500.0,0.12,art,SP
58.84,149.9,2311.9,3.0,13464.0,0.39,housewares,SE
17.5,84.0,319.4,1.38,20000.0,0.21,bed_bath_table,SP
17.13,409.9,63.13,2.72,23273.0,0.04,housewares,SP
11.85,40.0,126.35,0.25,4374.0,0.3,books_general_interest,SP
18.89,32.99,2469.08,1.4,12000.0,0.57,furniture_decor,PA
16.05,119.99,533.76,1.04,12000.0,0.13,sports_leisure,MG
11.69,89.9,847.76,0.45,13125.0,0.13,toys,SP
16.81,149.87,346.51,0.52,5577.0,0.11,computers_accessories,RJ
23.48,127.89,915.26,1.31,17280.0,0.18,toys,RS
18.52,59.9,79.76,0.55,7072.0,0.31,furniture_decor,MG
17.67,59.9,657.75,1.4,5120.0,0.3,health_beauty,GO
8.88,39.9,28.83,0.7,8000.0,0.22,furniture_decor,SP
7.95,109.9,40.54,0.3,2816.0,0.07,home_appliances_2,RS
16.18,59.9,733.01,0.6,7072.0,0.27,furniture_decor,SC
15.13,219.99,13.37,3.1,22400.0,0.07,unknown,RJ
20.34,551.0,122.77,2.13,13728.0,0.04,computers_accessories,RS
14.37,209.99,13.96,12.05,72000.0,0.07,housewares,SP
17.28,120.0,1128.83,0.15,3000.0,0.14,sports_leisure,GO
25.21,122.99,1670.78,0.7,5700.0,0.2,health_beauty,GO
18.38,39.9,835.84,0.35,1408.0,0.46,sports_leisure,SP
13.65,89.9,139.89,1.65,3080.0,0.15,bed_bath_table,SP
58.08,159.49,2789.3,3.0,13464.0,0.36,housewares,RN
19.32,39.97,461.16,0.8,4500.0,0.48,health_beauty,MG
17.8,79.0,426.97,7.0,36000.0,0.22,stationery,RJ
15.3,28.0,332.75,0.7,3080.0,0.55,health_beauty,SP
25.68,56.99,1710.28,0.38,3927.0,0.45,perfumery,PE
15.1,39.0,513.78,0.3,4096.0,0.39,pet_shop,SC
33.51,245.4,26.36,10.5,90972.0,0.14,housewares,SP
15.27,24.9,323.24,0.45,4000.0,0.61,housewares,SP
13.71,99.0,46.36,1.0,18600.0,0.14,toys,SP
3.26,44.0,29.05,0.25,640.0,0.07,watches_gifts,SP
77.18,225.0,2143.76,8.7,31500.0,0.34,home_construction,MA
33.2,690.0,16.18,11.6,90000.0,0.05,musical_instruments,SP
17.48,171.15,108.85,3.9,35000.0,0.1,home_appliances,SP
9.34,22.9,5.74,0.6,7200.0,0.41,sports_leisure,SP
14.1,19.99,330.23,0.1,4500.0,0.7,health_beauty,RJ
14.29,182.0,251.49,2.07,54340.0,0.08,bed_bath_table,SP
7.42,79.9,84.71,0.15,4096.0,0.09,computers_accessories,SP
27.05,72.9,1228.44,0.4,14000.0,0.37,sports_leisure,DF
16.97,172.9,648.4,2.0,40000.0,0.1,pet_shop,SP
35.83,72.9,1965.2,1.05,2400.0,0.49,furniture_decor,RO
31.79,149.0,779.61,10.1,23040.0,0.21,housewares,SP
18.84,137.0,664.88,0.95,9600.0,0.14,watches_gifts,MG
15.56,115.0,491.22,0.45,8000.0,0.14,books_general_interest,SP
18.73,69.99,1329.62,1.05,15750.0,0.27,cool_stuff,MT
17.58,119.9,493.06,1.65,4692.0,0.15,bed_bath_table,RJ
8.27,22.9,73.6,0.3,3456.0,0.36,pet_shop,SP
22.31,489.9,529.17,0.35,56862.0,0.05,housewares,SP
23.49,166.99,899.66,2.42,16530.0,0.14,cool_stuff,GO
39.22,330.0,1891.2,0.4,2992.0,0.12,health_beauty,PE
7.39,14.9,81.67,0.2,2700.0,0.5,audio,SP
8.72,64.99,12.73,0.45,1280.0,0.13,computers_accessories,SP
22.72,57.0,362.74,6.25,34132.0,0.4,housewares,SP
14.52,15.9,171.9,0.1,8000.0,0.91,telephony,MG
18.92,135.0,444.61,1.85,12000.0,0.14,bed_bath_table,MG
14.09,153.0,209.17,1.85,23625.0,0.09,bed_bath_table,SP
20.99,114.9,306.69,1.3,9000.0,0.18,bed_bath_table,SP
8.72,56.99,15.44,0.38,3927.0,0.15,perfumery,SP
48.98,349.9,2672.79,1.3,1040.0,0.14,auto,PE
13.08,71.0,90.87,2.85,27000.0,0.18,housewares,SP
19.89,257.9,301.33,5.75,34225.0,0.08,perfumery,SP
9.26,54.9,21.79,1.25,12320.0,0.17,housewares,MG
11.91,57.99,311.06,0.2,5712.0,0.2,pet_shop,SP
15.1,17.5,549.93,0.25,4800.0,0.86,bed_bath_table,MG
7.78,44.9,25.3,0.2,1232.0,0.17,toys,SP
27.73,44.99,1534.45,6.27,51840.0,0.62,furniture_decor,MT
11.85,18.9,136.65,0.14,1872.0,0.63,computers_accessories,SP
13.59,299.0,352.69,8.5,25200.0,0.04,bed_bath_table,SP
191.11,210.99,1138.87,23.95,144400.0,0.91,signaling_and_security,RS
13.69,95.0,364.3,1.4,3168.0,0.14,computers_accessories,SP
15.98,50.25,303.17,2.05,6916.0,0.32,housewares,SP
24.94,89.99,125.32,1.6,61050.0,0.28,luggage_accessories,SP
11.81,250.0,300.41,3.78,24024.0,0.05,bed_bath_table,SP
16.79,32.9,397.82,0.3,8000.0,0.51,housewares,MG
11.85,37.49,627.99,0.2,3640.0,0.32,sports_leisure,SP
15.32,79.9,352.79,0.9,8448.0,0.19,home_construction,SP
37.32,279.99,2455.2,2.9,25872.0,0.13,sports_leisure,PA
7.78,23.8,101.26,0.2,576.0,0.33,unknown,SP
19.95,100.79,1133.78,5.55,40500.0,0.2,stationery,BA
15.31,79.9,691.57,0.2,2805.0,0.19,sports_leisure,RS
18.23,49.9,419.04,0.1,8000.0,0.36,perfumery,SP
11.85,49.95,307.4,0.4,4275.0,0.24,bed_bath_table,SP
57.32,119.99,231.16,6.55,8000.0,0.48,computers_accessories,SP
24.96,58.99,1739.23,0.2,3960.0,0.42,health_beauty,SE
20.05,79.9,350.71,1.84,8784.0,0.25,electronics,RJ
15.83,154.99,462.36,0.5,6720.0,0.1,electronics,RJ
16.48,229.0,767.55,0.35,2254.0,0.07,garden_tools,SP
18.98,157.0,547.77,0.4,3024.0,0.12,cool_stuff,RJ
74.51,1561.0,1399.1,14.4,29700.0,0.05,home_appliances_2,RS
17.16,129.99,355.66,1.2,26400.0,0.13,luggage_accessories,SP
32.8,44.9,1207.73,2.7,5250.0,0.73,furniture_decor,RS
8.72,30.0,40.23,0.55,4500.0,0.29,auto,SP
18.59,40.0,826.69,1.1,7200.0,0.46,bed_bath_table,MG
18.56,140.91,627.96,0.89,11856.0,0.13,construction_tools_construction,GO
32.0,95.9,479.6,4.1,3900.0,0.33,electronics,MG
16.5,249.9,874.09,0.5,1936.0,0.07,watches_gifts,RS
60.14,129.95,603.84,9.95,59488.0,0.46,home_construction,MG
15.57,199.9,475.53,0.42,1344.0,0.08,watches_gifts,MG
20.72,95.0,2133.24,0.6,2184.0,0.22,garden_tools,PE
14.55,79.99,110.16,11.88,81000.0,0.18,office_furniture,SP
5.31,25.99,66.2,0.15,2052.0,0.2,baby,SP
38.57,149.99,1132.7,7.65,60000.0,0.26,home_appliances,MT
16.14,54.9,489.39,0.35,13920.0,0.29,health_beauty,RJ
19.74,119.0,1520.33,6.55,8000.0,0.17,computers_accessories,BA
15.83,135.0,366.17,0.35,1547.0,0.12,computers_accessories,SP
37.11,29.0,1731.87,0.25,352.0,1.28,watches_gifts,PA
20.72,250.0,722.39,0.55,8000.0,0.08,sports_leisure,DF
15.11,35.9,394.28,0.4,36000.0,0.42,cool_stuff,SP
87.77,169.0,786.58,10.7,64449.0,0.52,furniture_bedroom,MG
22.16,64.89,850.06,0.35,5984.0,0.34,computers_accessories,RJ
19.32,49.9,1073.39,0.6,4913.0,0.39,furniture_decor,ES
15.01,179.9,797.74,0.45,2760.0,0.08,perfumery,DF
16.15,55.9,580.5,0.6,2400.0,0.29,sports_leisure,MG
19.54,49.9,650.05,0.95,4356.0,0.39,bed_bath_table,SC
13.62,72.0,353.25,0.15,2912.0,0.19,computers_accessories,PR
53.5,239.9,1070.74,6.5,62525.0,0.22,toys,BA
26.1,69.0,262.7,13.9,64000.0,0.38,auto,MG
13.85,39.0,280.06,0.55,1710.0,0.36,bed_bath_table,SP
24.84,19.9,2061.72,0.2,1584.0,1.25,fashion_bags_accessories,PA
21.13,309.0,321.33,1.6,15000.0,0.07,computers_accessories,RJ
7.78,49.99,3.19,0.1,836.0,0.16,telephony,SP
17.92,95.99,586.9,2.1,59520.0,0.19,cool_stuff,SP
16.93,51.9,676.0,0.9,7452.0,0.33,sports_leisure,RJ
12.76,60.0,299.76,0.8,3125.0,0.21,bed_bath_table,SP
8.72,79.9,18.28,0.4,4096.0,0.11,health_beauty,SP
18.93,193.0,528.74,1.1,9350.0,0.1,small_appliances,RS
17.06,19.9,887.31,0.09,2448.0,0.86,perfumery,SP
20.8,10.0,1337.49,0.1,650.0,2.08,health_beauty,MG
13.64,89.0,49.81,6.1,34800.0,0.15,stationery,SP
13.42,139.8,196.79,0.6,10143.0,0.1,watches_gifts,SP
17.67,59.9,392.63,1.85,32560.0,0.3,garden_tools,PR
15.1,45.36,815.92,1.11,3762.0,0.33,health_beauty,GO
15.1,18.9,419.94,0.25,3861.0,0.8,computers_accessories,MG
17.22,69.0,515.59,7.0,36000.0,0.25,stationery,MG
27.71,199.0,451.0,4.75,27816.0,0.14,housewares,MG
13.89,79.0,296.5,0.25,1680.0,0.18,consoles_games,PR
16.6,120.0,881.19,0.97,21840.0,0.14,pet_shop,RS
17.05,86.6,744.71,0.17,2808.0,0.2,computers_accessories,MG
21.19,99.99,540.54,1.75,15000.0,0.21,bed_bath_table,MG
63.49,209.9,1799.71,1.95,13500.0,0.3,sports_leisure,SE
37.17,109.9,422.38,16.1,100100.0,0.34,luggage_accessories,RJ
19.19,199.0,354.81,2.35,29568.0,0.1,pet_shop,SP
17.47,89.9,1028.12,1.4,9600.0,0.19,sports_leisure,RS
13.07,58.0,104.81,0.2,352.0,0.22,watches_gifts,SP
14.52,18.0,441.46,0.2,2400.0,0.81,baby,RS
14.55,35.9,220.08,0.25,4080.0,0.4,sports_leisure,PR
8.29,69.99,18.61,0.9,7182.0,0.12,housewares,SP
53.26,730.0,333.5,12.65,70304.0,0.07,computers,RJ
11.15,48.0,3.62,0.2,29791.0,0.23,kitchen_dining_laundry_garden_furniture,SP
14.52,25.9,582.23,0.45,4800.0,0.56,bed_bath_table,RJ
15.72,151.0,673.18,0.2,2805.0,0.1,health_beauty,SC
9.37,79.99,20.93,0.55,5040.0,0.12,perfumery,SP
7.78,64.9,15.82,1.4,29785.0,0.12,bed_bath_table,SP
15.1,47.6,566.8,0.8,23625.0,0.32,bed_bath_table,RJ
19.62,53.9,1453.39,1.5,19800.0,0.36,garden_tools,BA
22.58,48.0,1715.85,0.3,4096.0,0.47,construction_tools_construction,BA
19.28,199.0,76.9,4.75,27816.0,0.1,housewares,SP
12.94,27.9,455.2,0.15,2873.0,0.46,food,MG
7.87,27.9,73.94,0.15,2873.0,0.28,food,SP
17.92,41.49,1376.06,0.6,6300.0,0.43,food,MT
38.82,586.0,468.97,6.7,12800.0,0.07,sports_leisure,PR
8.99,89.0,5.79,0.95,640.0,0.1,watches_gifts,SP
38.36,119.6,1135.7,2.6,70200.0,0.32,office_furniture,BA
15.29,76.49,348.41,0.4,6750.0,0.2,sports_leisure,PR
12.79,37.0,139.93,1.3,12500.0,0.35,bed_bath_table,SP
15.4,72.0,612.25,1.35,4160.0,0.21,housewares,DF
26.13,121.99,2124.72,0.18,1020.0,0.21,consoles_games,PE
13.63,87.85,311.62,1.5,13720.0,0.16,bed_bath_table,SP
16.11,29.5,471.47,0.35,15075.0,0.55,sports_leisure,SP
28.68,58.5,6.11,12.85,80934.0,0.49,agro_industry_and_commerce,SP
13.83,199.9,175.36,2.5,11808.0,0.07,bed_bath_table,SP
9.27,14.33,74.62,0.27,1584.0,0.65,sports_leisure,SP
9.04,49.9,73.9,0.45,2340.0,0.18,toys,SP
34.38,120.0,1036.92,3.5,18900.0,0.29,health_beauty,MG
19.44,35.0,430.13,0.95,14000.0,0.56,furniture_decor,MG
16.21,64.9,555.2,0.9,13600.0,0.25,furniture_decor,MG
9.68,159.0,4.09,0.28,4224.0,0.06,watches_gifts,MG
13.59,67.0,240.68,0.3,4200.0,0.2,computers_accessories,MG
14.52,23.9,579.29,0.22,6300.0,0.61,health_beauty,RJ
14.1,19.9,557.4,0.8,1584.0,0.71,fashion_bags_accessories,DF
9.02,179.49,25.35,0.6,6048.0,0.05,auto,SP
17.06,48.9,277.32,1.25,3840.0,0.35,health_beauty,SP
44.55,269.0,1081.53,7.55,32760.0,0.17,furniture_decor,ES
11.73,72.0,10.13,1.0,18750.0,0.16,housewares,SP
14.1,29.0,514.0,0.25,352.0,0.49,watches_gifts,MG
33.89,44.9,704.33,2.4,50400.0,0.76,drinks,RS
11.85,48.8,203.77,0.65,5880.0,0.24,furniture_decor,SP
14.1,40.0,358.05,0.5,24000.0,0.35,cool_stuff,RJ
7.78,49.0,21.0,0.4,640.0,0.16,watches_gifts,SP
12.48,12.9,571.21,0.1,1540.0,0.97,electronics,SP
16.6,43.9,773.61,2.0,47040.0,0.38,housewares,DF
15.26,53.89,341.33,0.16,1768.0,0.28,consoles_games,SP
18.34,34.9,862.29,0.15,1200.0,0.53,baby,SP
8.75,58.0,55.8,0.42,7392.0,0.15,toys,RJ
13.67,29.99,422.03,0.15,1904.0,0.46,telephony,MG
13.37,26.26,136.5,1.4,15680.0,0.51,toys,SP
8.97,19.9,229.78,0.3,18375.0,0.45,furniture_decor,SP
8.42,119.3,69.19,0.39,3876.0,0.07,health_beauty,MG
25.63,49.95,1099.25,0.1,576.0,0.51,electronics,MT
16.35,130.0,827.59,0.17,1840.0,0.13,telephony,MG
11.85,21.9,285.19,0.15,2800.0,0.54,electronics,SP
10.96,10.99,48.59,0.1,704.0,1.0,telephony,SP
12.86,27.99,395.15,0.3,816.0,0.46,telephony,SP
15.38,89.99,491.04,0.3,40000.0,0.17,sports_leisure,PR
30.88,209.99,2703.67,2.1,15750.0,0.15,cool_stuff,AM
13.97,89.9,436.94,0.15,2772.0,0.16,computers_accessories,SP
13.21,110.32,369.01,0.2,990.0,0.12,health_beauty,SP
13.08,54.9,30.76,2.05,20000.0,0.24,bed_bath_table,SP
20.25,34.9,540.14,0.2,1584.0,0.58,fashion_bags_accessories,SP
13.65,89.9,142.87,1.35,3080.0,0.15,bed_bath_table,SP
17.92,29.9,724.28,0.63,4160.0,0.6,auto,SP
11.85,49.9,150.28,1.8,5780.0,0.24,cool_stuff,SP
7.53,38.99,65.42,0.25,3840.0,0.19,auto,SP
15.23,29.98,741.92,0.25,1547.0,0.51,telephony,ES
19.08,55.0,2141.42,0.25,352.0,0.35,watches_gifts,PE
7.47,29.9,89.28,0.15,1056.0,0.25,construction_tools_construction,SP
19.99,106.5,890.23,1.36,62016.0,0.19,bed_bath_table,BA
12.43,69.9,17.92,2.6,15000.0,0.18,furniture_decor,SP
15.86,107.99,365.15,0.16,2520.0,0.15,pet_shop,SP
31.57,99.9,1198.16,2.6,13824.0,0.32,health_beauty,MT
15.86,159.0,414.92,2.15,23625.0,0.1,bed_bath_table,PR
9.34,29.9,26.12,0.85,2448.0,0.31,computers_accessories,SP
11.85,45.0,517.42,0.25,1980.0,0.26,fashion_bags_accessories,SP
15.23,12.0,352.92,0.07,3570.0,1.27,health_beauty,SP
17.67,59.9,905.73,5.6,14664.0,0.3,auto,ES
11.73,58.99,12.44,0.2,3960.0,0.2,health_beauty,SP
11.85,37.9,458.85,0.21,4340.0,0.31,health_beauty,SP
15.1,29.99,649.98,0.3,816.0,0.5,telephony,SC
21.13,122.99,1186.92,0.7,5700.0,0.17,health_beauty,PE
15.1,37.95,431.86,0.55,7803.0,0.4,home_construction,RJ
24.61,37.0,1607.29,0.3,3648.0,0.66,sports_leisure,PE
25.63,49.9,2332.98,0.2,1232.0,0.51,toys,PA
13.64,172.1,291.19,0.45,23625.0,0.08,bed_bath_table,SP
8.88,59.0,12.35,0.35,12000.0,0.15,stationery,SP
26.06,229.9,2116.97,2.46,11872.0,0.11,sports_leisure,PE
21.78,100.0,514.97,2.55,39900.0,0.22,health_beauty,MG
23.5,169.0,339.97,6.65,51894.0,0.14,sports_leisure,RJ
14.1,10.99,501.09,0.45,4080.0,1.28,toys,MG
7.78,12.98,29.04,0.28,864.0,0.6,telephony,SP
126.91,299.0,405.13,20.1,137677.0,0.42,auto,PR
17.94,99.0,571.17,1.55,20944.0,0.18,bed_bath_table,GO
12.83,70.0,305.87,0.85,20250.0,0.18,bed_bath_table,SP
15.1,16.5,767.82,0.35,836.0,0.92,telephony,ES
23.88,185.9,641.73,1.3,5000.0,0.13,construction_tools_construction,SC
15.28,59.99,12.81,4.6,14400.0,0.26,furniture_living_room,SP
12.83,80.0,340.76,1.6,20250.0,0.16,bed_bath_table,SP
18.55,399.0,441.28,0.7,3888.0,0.05,consoles_games,SC
27.29,141.0,371.43,2.15,6624.0,0.19,electronics,RJ
23.14,79.99,630.15,0.65,4125.0,0.29,computers_accessories,MG
15.43,174.97,4.82,2.3,38324.0,0.09,housewares,RS
14.86,98.9,643.14,0.3,1428.0,0.15,health_beauty,SC
18.93,119.0,611.69,0.58,2288.0,0.16,watches_gifts,GO
10.98,319.0,38.16,0.3,4096.0,0.03,consoles_games,SP
12.75,179.0,334.48,0.46,5600.0,0.07,perfumery,SP
11.85,29.9,306.47,0.3,2880.0,0.4,baby,SP
14.43,99.99,482.64,3.48,33696.0,0.14,computers_accessories,SP
27.37,59.8,617.2,0.9,6496.0,0.46,auto,MT
17.76,167.99,79.04,0.95,3445.0,0.11,housewares,SC
8.66,142.9,429.74,0.3,8000.0,0.06,construction_tools_safety,GO
16.81,149.89,327.38,1.24,15504.0,0.11,computers_accessories,RJ
13.88,74.9,173.49,0.85,14440.0,0.18,bed_bath_table,SP
40.33,199.9,848.4,8.1,72000.0,0.2,sports_leisure,RS
16.25,213.9,675.41,0.26,2652.0,0.08,watches_gifts,PR
7.46,27.99,96.69,0.3,816.0,0.27,telephony,SP
19.49,229.9,479.92,0.18,6336.0,0.08,health_beauty,SP
27.25,73.9,746.91,1.35,7429.0,0.37,bed_bath_table,RJ
12.85,26.9,370.66,0.75,19250.0,0.48,home_appliances,SP
21.45,279.99,358.16,2.75,41496.0,0.08,toys,SP
15.1,19.9,591.7,0.05,2816.0,0.76,health_beauty,SP
13.16,179.9,15.02,3.68,21120.0,0.07,bed_bath_table,SP
18.72,84.44,752.46,1.98,16744.0,0.22,bed_bath_table,MG
18.05,265.0,477.77,11.4,38475.0,0.07,housewares,MG
14.58,59.0,664.18,0.13,1560.0,0.25,telephony,PR
14.11,155.99,503.43,0.48,4560.0,0.09,perfumery,SP
20.43,99.95,1463.4,1.95,13500.0,0.2,cine_photo,BA
15.3,29.0,506.89,0.25,640.0,0.53,watches_gifts,MG
8.29,64.99,30.47,0.25,2016.0,0.13,housewares,SP
23.06,68.31,507.23,0.5,8000.0,0.34,furniture_decor,RJ
35.67,45.0,2284.02,0.3,9000.0,0.79,housewares,RN
24.7,39.9,545.84,1.15,8400.0,0.62,furniture_decor,MG
7.71,39.9,1.12,0.1,1920.0,0.19,computers_accessories,MG
16.63,94.9,414.34,0.75,9912.0,0.18,sports_leisure,CE
13.08,39.9,6.75,1.88,77400.0,0.33,housewares,SP
18.23,50.0,447.86,0.4,24000.0,0.36,auto,SC
8.11,19.99,148.76,0.2,6555.0,0.41,consoles_games,SP
8.27,15.9,73.17,0.22,2944.0,0.52,bed_bath_table,SP
8.29,12.51,8.59,0.52,5819.0,0.66,construction_tools_lights,SP
11.42,29.99,436.2,0.15,1904.0,0.38,telephony,RJ
27.59,150.0,1962.09,0.8,42000.0,0.18,electronics,CE
27.17,155.99,574.01,2.3,18144.0,0.17,bed_bath_table,RJ
8.72,29.99,5.3,0.5,6615.0,0.29,furniture_decor,SP
30.13,69.8,317.53,1.3,16170.0,0.43,furniture_decor,SP
16.06,249.9,111.34,1.45,6000.0,0.06,construction_tools_construction,SP
14.52,16.9,482.62,0.3,1428.0,0.86,garden_tools,SC
12.69,36.0,391.19,1.1,9600.0,0.35,sports_leisure,SP
12.27,109.9,307.12,1.98,16523.0,0.11,bed_bath_table,SP
18.27,55.0,593.05,0.25,640.0,0.33,watches_gifts,ES
25.04,389.0,355.51,9.05,125000.0,0.06,musical_instruments,RJ
23.57,109.9,916.2,1.6,4500.0,0.21,bed_bath_table,RS
7.78,29.99,9.67,0.3,816.0,0.26,telephony,SP
38.25,99.9,766.19,1.15,5544.0,0.38,health_beauty,GO
7.78,49.77,29.97,0.1,2112.0,0.16,unknown,SP
16.79,35.0,1263.09,0.1,8000.0,0.48,toys,BA
17.6,49.0,601.91,0.45,12000.0,0.36,stationery,MG
16.26,89.9,130.54,1.25,13500.0,0.18,sports_leisure,SP
24.13,179.9,1619.76,2.95,20615.0,0.13,bed_bath_table,BA
17.84,199.9,768.55,4.05,11550.0,0.09,health_beauty,GO
12.69,49.9,317.2,0.7,23625.0,0.25,home_confort,SP
18.11,479.8,392.18,0.5,1936.0,0.04,watches_gifts,RJ
16.69,133.0,591.56,0.65,5832.0,0.12,sports_leisure,DF
39.42,69.9,356.25,1.04,25256.0,0.56,housewares,RJ
11.98,196.0,278.77,1.0,6480.0,0.06,computers_accessories,SP
33.89,229.04,727.27,7.62,52094.0,0.15,auto,ES
15.74,225.0,600.82,4.6,57000.0,0.07,bed_bath_table,MG
66.89,51.73,1067.34,2.0,54340.0,1.29,agro_industry_and_commerce,RJ
15.17,59.7,650.42,0.65,1456.0,0.25,health_beauty,RJ
16.11,26.0,340.25,0.1,4500.0,0.62,home_appliances,RJ
23.84,148.0,405.11,1.85,14080.0,0.16,construction_tools_construction,SP
31.96,117.3,535.64,4.11,44890.0,0.27,auto,MG
7.78,29.98,18.55,0.22,1326.0,0.26,telephony,SP
8.72,19.99,96.13,0.12,1890.0,0.44,computers_accessories,SP
15.41,158.26,139.69,0.88,27968.0,0.1,luggage_accessories,SP
14.52,25.0,347.66,0.05,880.0,0.58,cool_stuff,PR
18.3,246.62,656.03,0.9,2576.0,0.07,telephony,PE
37.05,136.99,151.65,15.48,47061.0,0.27,office_furniture,SP
15.1,29.9,674.48,0.2,1875.0,0.5,unknown,SP
15.3,77.89,643.74,0.22,3000.0,0.2,health_beauty,SP
13.38,55.0,156.84,0.18,2688.0,0.24,health_beauty,RJ
20.19,33.99,1459.82,1.2,2912.0,0.59,housewares,BA
15.2,65.0,542.99,1.03,4080.0,0.23,sports_leisure,SP
14.15,56.99,737.32,0.35,5625.0,0.25,perfumery,ES
14.99,128.0,298.19,1.25,10143.0,0.12,sports_leisure,SP
21.79,70.0,541.76,2.5,12000.0,0.31,furniture_decor,RS
18.72,209.99,407.59,1.8,15750.0,0.09,cool_stuff,SC
21.15,24.9,2101.55,0.2,4199.0,0.85,consoles_games,PI
7.39,39.0,22.75,0.2,352.0,0.19,watches_gifts,SP
18.77,95.0,1109.54,0.35,990.0,0.2,health_beauty,RS
17.92,25.0,892.78,0.6,8400.0,0.72,cool_stuff,MG
16.14,180.0,355.27,0.45,4032.0,0.09,furniture_decor,RJ
15.39,89.99,343.39,0.25,3960.0,0.17,health_beauty,PR
8.37,75.0,349.65,1.65,21780.0,0.11,housewares,RJ
12.54,149.0,269.09,0.35,704.0,0.08,unknown,SP
16.53,79.99,357.39,1.81,37788.0,0.21,bed_bath_table,PR
17.7,113.0,207.92,1.62,12789.0,0.16,sports_leisure,SP
12.1,110.0,27.04,6.2,56250.0,0.11,baby,PR
15.66,79.9,352.62,0.4,4000.0,0.2,toys,PR
7.4,20.39,4.42,0.35,5000.0,0.36,stationery,SP
138.91,119.9,480.61,8.45,201348.0,1.16,sports_leisure,SP
24.1,530.0,372.39,4.6,34776.0,0.04,pet_shop,SP
7.78,5.9,70.38,0.08,5440.0,1.32,perfumery,SP
16.62,122.9,900.73,1.8,4500.0,0.14,bed_bath_table,ES
38.47,59.9,2252.22,0.3,9600.0,0.64,bed_bath_table,CE
12.13,89.9,310.43,1.38,20000.0,0.14,bed_bath_table,SP
34.15,13.3,1970.4,0.18,4862.0,2.57,electronics,PI
13.02,96.99,375.85,0.9,14400.0,0.13,toys,SP
57.44,109.99,768.91,14.95,81620.0,0.52,baby,SC
30.44,170.0,2311.06,0.7,10080.0,0.18,telephony,RS
14.52,30.0,336.69,0.12,1890.0,0.48,computers_accessories,RJ
22.06,27.9,1420.59,0.05,2550.0,0.79,auto,BA
26.43,99.0,2467.38,3.0,4664.0,0.27,furniture_decor,PA
9.27,21.99,6.48,0.3,3480.0,0.42,sports_leisure,SC
18.35,67.5,537.13,0.6,2560.0,0.27,bed_bath_table,RJ
15.34,84.89,850.58,0.32,3458.0,0.18,computers_accessories,DF
16.11,28.9,560.43,0.45,4800.0,0.56,bed_bath_table,MG
7.78,39.9,8.24,0.3,6000.0,0.2,sports_leisure,SP
12.79,18.9,399.17,0.15,1188.0,0.68,telephony,SP
15.23,38.7,480.11,0.45,4096.0,0.39,pet_shop,MG
34.15,112.99,1015.69,8.45,42400.0,0.3,office_furniture,RS
0.0,69.9,508.92,2.6,15000.0,0.0,furniture_decor,MG
27.59,149.9,1812.68,0.53,4840.0,0.18,computers_accessories,MG
25.0,83.2,13.22,4.1,76800.0,0.3,housewares,SP
15.09,188.99,108.96,1.8,15625.0,0.08,unknown,SP
12.43,99.99,69.75,1.7,19500.0,0.12,art,SP
18.23,12.88,980.05,0.18,2304.0,1.42,computers_accessories,RS
8.72,56.99,107.89,0.4,2178.0,0.15,perfumery,SP
16.66,58.99,349.53,0.2,3960.0,0.28,health_beauty,RJ
14.72,59.0,483.0,1.15,9030.0,0.25,bed_bath_table,SP
9.34,24.9,12.15,0.7,640.0,0.38,fashion_male_clothing,SP
15.1,44.9,337.79,0.35,1040.0,0.34,computers_accessories,PR
15.62,125.0,587.11,0.3,4800.0,0.12,health_beauty,SP
15.14,55.9,300.04,0.1,8000.0,0.27,perfumery,MG
19.32,40.5,831.02,0.4,25168.0,0.48,sports_leisure,SP
18.23,30.21,650.14,1.58,3240.0,0.6,computers_accessories,SC
15.19,63.0,388.58,0.2,2970.0,0.24,stationery,SC
7.9,78.9,2.84,0.18,2210.0,0.1,computers_accessories,PR
22.09,54.99,1388.09,0.18,1326.0,0.4,telephony,BA
18.23,32.5,270.46,0.1,1200.0,0.56,construction_tools_construction,RJ
21.08,99.0,358.63,3.5,20020.0,0.21,cool_stuff,PR
18.35,109.9,373.53,3.6,60000.0,0.17,baby,SP
9.08,127.0,17.27,0.5,1350.0,0.07,books_technical,SP
34.15,29.9,2027.08,0.3,1280.0,1.14,cool_stuff,SP
18.9,93.99,1473.0,1.25,4896.0,0.2,health_beauty,BA
7.78,59.99,20.49,0.12,1040.0,0.13,agro_industry_and_commerce,SP
37.95,149.0,2012.27,0.28,3136.0,0.26,watches_gifts,PE
17.6,43.0,491.3,1.15,27000.0,0.41,housewares,RJ
26.82,219.9,1998.49,0.6,1936.0,0.12,watches_gifts,PE
14.98,95.9,113.41,1.55,11352.0,0.16,bed_bath_table,SP
15.1,49.9,562.38,0.15,8000.0,0.3,sports_leisure,RJ
14.1,13.65,356.6,0.18,3630.0,1.03,electronics,RJ
38.81,179.9,2347.75,1.3,31500.0,0.22,sports_leisure,AM
13.3,122.5,414.42,9.65,57750.0,0.11,auto,SP
16.11,29.5,465.76,0.35,15075.0,0.55,sports_leisure,SP
18.22,495.0,174.21,0.28,2496.0,0.04,watches_gifts,PR
13.37,30.1,80.39,0.85,8000.0,0.44,garden_tools,PR
11.86,10.6,13.35,0.4,6240.0,1.12,housewares,SP
13.47,18.9,392.74,0.15,3840.0,0.71,electronics,SP
12.61,159.0,501.81,4.85,21112.0,0.08,sports_leisure,SP
18.89,234.9,601.68,1.0,40128.0,0.08,stationery,RJ
15.79,29.9,781.49,0.25,4096.0,0.53,sports_leisure,MS
16.4,109.9,130.87,2.5,34020.0,0.15,furniture_decor,SP
67.57,140.0,269.06,10.35,59737.0,0.48,furniture_bedroom,SP
17.95,99.9,460.77,1.35,3312.0,0.18,bed_bath_table,RJ
11.85,21.9,335.46,0.15,2800.0,0.54,electronics,SP
15.45,99.99,1096.9,0.2,3360.0,0.16,watches_gifts,RS
21.89,349.9,855.4,0.9,11400.0,0.06,health_beauty,MG
12.48,18.9,533.89,0.15,2208.0,0.66,electronics,SP
8.77,169.9,156.44,0.25,1936.0,0.05,watches_gifts,SP
15.3,79.0,451.2,0.12,2210.0,0.19,watches_gifts,SP
12.6,99.0,67.72,2.22,5940.0,0.13,construction_tools_construction,SP
9.96,109.9,586.94,1.5,23625.0,0.09,bed_bath_table,RJ
18.02,110.0,214.02,1.3,11154.0,0.16,stationery,RS
18.0,389.9,134.97,30.0,216000.0,0.05,housewares,SP
22.05,899.0,415.04,0.9,3240.0,0.02,watches_gifts,RJ
38.95,139.99,2693.71,0.7,11616.0,0.28,toys,AM
15.1,13.99,611.53,0.15,352.0,1.08,unknown,MG
15.23,13.65,876.34,0.18,3630.0,1.12,electronics,DF
7.78,13.99,35.77,0.05,880.0,0.56,perfumery,SP
7.39,42.0,27.95,0.2,2496.0,0.18,sports_leisure,SP
15.1,27.99,680.41,0.2,816.0,0.54,telephony,MG
14.52,26.9,502.38,0.11,5168.0,0.54,health_beauty,MG
21.67,124.99,1643.52,0.38,8120.0,0.17,baby,PE
8.91,79.99,17.36,1.81,37788.0,0.11,bed_bath_table,SP
12.7,329.99,4.48,2.3,22464.0,0.04,baby,RJ
48.28,120.0,2240.49,16.55,57200.0,0.4,housewares,PI
25.65,1699.99,511.37,0.1,2560.0,0.02,fashion_bags_accessories,MG
10.96,49.0,19.76,0.2,640.0,0.22,fashion_bags_accessories,SP
23.09,72.99,451.72,5.3,31500.0,0.32,health_beauty,RJ
14.52,37.99,435.67,0.15,1520.0,0.38,telephony,SC
18.16,104.87,780.76,0.55,13524.0,0.17,bed_bath_table,GO
23.63,119.0,1067.26,1.2,15625.0,0.2,housewares,RS
8.99,89.0,28.57,0.95,640.0,0.1,watches_gifts,SP
33.11,89.99,859.52,6.05,43320.0,0.37,housewares,RS
17.92,41.9,830.85,0.4,3705.0,0.43,bed_bath_table,SP
17.88,89.9,960.89,1.38,20000.0,0.2,bed_bath_table,RS
14.0,27.5,253.82,0.52,5760.0,0.51,housewares,SC
22.18,67.0,1253.61,0.49,5060.0,0.33,computers_accessories,MS
14.61,799.99,19.03,0.7,14144.0,0.02,cool_stuff,RJ
53.3,78.99,339.58,10.9,57190.0,0.68,housewares,RJ
121.22,2029.0,208.32,4.6,4400.0,0.06,garden_tools,RS
26.67,198.9,2263.47,0.4,3024.0,0.13,cool_stuff,PA
15.1,40.99,560.07,0.2,3861.0,0.37,computers_accessories,MG
13.37,14.09,104.08,0.4,2480.0,0.95,construction_tools_construction,SP
15.1,50.0,707.45,0.15,2880.0,0.3,consoles_games,RJ
14.1,16.5,338.97,0.35,836.0,0.86,telephony,PR
11.85,15.0,339.48,0.2,5040.0,0.79,books_general_interest,SP
28.75,49.9,2002.02,1.65,19800.0,0.58,garden_tools,PE
15.23,49.9,329.44,0.4,2420.0,0.3,housewares,MG
13.93,129.9,286.67,1.3,13600.0,0.11,furniture_decor,SP
23.35,109.9,460.75,1.35,3312.0,0.21,bed_bath_table,RJ
21.02,75.0,1168.92,2.5,14400.0,0.28,furniture_decor,ES
19.46,38.99,554.56,0.8,6400.0,0.5,bed_bath_table,RJ
28.22,120.0,1153.06,16.55,57200.0,0.24,housewares,MT
11.85,49.0,487.42,0.25,1512.0,0.24,telephony,SP
7.39,49.9,91.17,0.1,1600.0,0.15,fashion_bags_accessories,SP
14.24,174.8,143.77,1.3,27000.0,0.08,garden_tools,SP
13.58,79.9,233.22,0.45,20608.0,0.17,stationery,RS
27.36,90.0,578.59,1.85,19872.0,0.3,health_beauty,SP
23.83,215.56,1481.31,1.1,8064.0,0.11,food_drink,SP
10.96,9.9,207.26,0.2,850.0,1.11,sports_leisure,SP
15.86,107.9,351.32,0.4,5832.0,0.15,sports_leisure,RJ
15.1,39.0,344.39,0.3,352.0,0.39,watches_gifts,SC
9.5,14.89,84.1,0.08,1760.0,0.64,health_beauty,SP
9.66,106.8,69.58,0.95,8880.0,0.09,toys,SP
19.75,79.9,748.03,0.75,5120.0,0.25,home_construction,SC
14.59,59.95,220.09,0.2,8000.0,0.24,electronics,MG
16.18,59.99,687.53,0.6,7600.0,0.27,pet_shop,MG
13.21,79.0,519.21,0.3,9375.0,0.17,consoles_games,SP
16.82,295.49,703.48,0.52,4180.0,0.06,computers_accessories,MS
23.55,139.0,812.86,0.2,1232.0,0.17,sports_leisure,SP
15.14,139.0,513.94,0.3,936.0,0.11,consoles_games,SP
8.65,199.0,30.47,0.4,640.0,0.04,watches_gifts,SP
15.66,129.9,411.15,0.4,2772.0,0.12,watches_gifts,SP
18.73,119.89,227.81,4.2,46500.0,0.16,housewares,SP
8.3,19.9,86.79,0.35,736.0,0.42,books_technical,SP
15.09,188.99,209.12,1.8,15625.0,0.08,unknown,SP
16.11,15.55,566.93,0.25,15625.0,1.04,housewares,RJ
16.79,45.0,1434.5,0.32,15625.0,0.37,auto,BA
13.44,59.9,450.9,1.5,19800.0,0.22,garden_tools,SP
14.56,219.9,378.01,1.8,34596.0,0.07,sports_leisure,SP
9.63,45.97,49.5,1.2,1936.0,0.21,construction_tools_construction,SP
27.76,958.0,472.47,18.35,73920.0,0.03,cool_stuff,SP
18.73,119.8,262.13,4.25,8000.0,0.16,sports_leisure,SP
14.51,29.99,564.21,1.0,16000.0,0.48,sports_leisure,SP
12.79,25.49,276.55,0.42,3888.0,0.5,home_appliances,SP
21.15,19.89,2473.77,0.15,648.0,1.06,telephony,RO
15.23,20.0,330.27,0.32,3724.0,0.76,health_beauty,SP
15.85,78.0,104.13,2.2,31500.0,0.2,furniture_decor,SP
19.91,289.9,448.78,0.55,6137.0,0.07,perfumery,SP
18.2,89.9,1058.07,0.5,7200.0,0.2,pet_shop,PR
28.37,160.0,9.75,7.6,78400.0,0.18,housewares,SP
9.13,53.99,3.16,0.85,1827.0,0.17,books_technical,SP
14.52,24.9,511.71,0.2,1368.0,0.58,music,PR
22.13,27.99,1245.99,0.15,816.0,0.79,telephony,BA
13.08,29.5,19.73,1.87,7776.0,0.44,cool_stuff,SP
12.79,38.0,171.6,0.2,4000.0,0.34,baby,MG
7.78,20.0,40.37,0.35,4500.0,0.39,auto,SP
36.41,809.1,330.78,3.41,14168.0,0.04,computers_accessories,RJ
14.84,74.99,111.81,1.81,37788.0,0.2,bed_bath_table,SP
9.34,18.99,85.74,0.7,36000.0,0.49,housewares,SP
8.56,195.9,158.78,0.19,2112.0,0.04,watches_gifts,SP
11.48,124.99,223.61,8.68,107136.0,0.09,office_furniture,SP
19.19,127.26,262.77,2.1,16704.0,0.15,construction_tools_construction,SP
16.05,5.99,679.6,0.1,561.0,2.68,housewares,ES
15.01,179.9,358.4,2.42,1496.0,0.08,computers_accessories,RJ
47.37,119.9,2683.99,2.2,22050.0,0.4,furniture_decor,MA
28.0,129.99,2692.81,5.25,39780.0,0.22,toys,RN
17.64,49.0,471.67,1.55,19800.0,0.36,garden_tools,MG
19.08,114.9,549.84,1.9,11515.0,0.17,bed_bath_table,SC
18.52,129.0,248.09,9.95,58621.0,0.14,housewares,MG
10.96,44.99,6.29,0.6,1496.0,0.24,stationery,SP
14.43,29.99,190.62,0.6,9375.0,0.48,baby,SP
22.46,106.9,1489.27,0.35,4913.0,0.21,sports_leisure,BA
16.32,79.5,258.92,0.7,2520.0,0.2,telephony,RJ
23.91,139.0,82.19,8.35,42000.0,0.17,stationery,SP
16.05,13.9,518.21,0.25,4800.0,1.16,bed_bath_table,MS
18.1,121.9,1026.07,1.35,4374.0,0.15,health_beauty,RS
12.18,12.9,305.59,0.25,4800.0,0.94,bed_bath_table,SP
27.87,159.0,493.4,2.85,40000.0,0.18,furniture_decor,SC
21.76,181.0,178.53,1.95,6936.0,0.12,sports_leisure,MG
15.59,119.9,442.17,0.43,3927.0,0.13,perfumery,SP
11.73,58.99,16.12,0.2,3960.0,0.2,health_beauty,SP
15.23,18.99,757.94,0.25,2880.0,0.8,housewares,ES
19.59,48.0,1258.49,0.45,19683.0,0.41,musical_instruments,BA
38.27,99.0,350.11,1.2,8349.0,0.39,furniture_decor,SP
17.78,21.35,976.9,6.6,2116.0,0.83,sports_leisure,SC
14.1,19.0,354.1,0.15,1584.0,0.74,housewares,RJ
16.05,42.9,752.86,0.3,4000.0,0.37,computers_accessories,SP
14.1,30.0,365.09,0.15,1836.0,0.47,health_beauty,RJ
16.11,8.0,413.36,0.2,39353.0,2.01,auto,RJ
13.49,165.0,152.0,0.95,20295.0,0.08,auto,SP
22.13,59.9,1162.13,0.37,5120.0,0.37,health_beauty,RS
29.39,41.99,1257.97,2.2,18000.0,0.7,bed_bath_table,BA
66.81,286.4,295.07,15.15,81270.0,0.23,bed_bath_table,PR
21.68,169.99,792.38,3.1,49600.0,0.13,fashion_bags_accessories,RS
16.11,25.0,614.09,0.6,15625.0,0.64,cool_stuff,SP
14.0,85.99,34.29,3.75,8000.0,0.16,construction_tools_construction,SP
18.64,199.0,257.93,1.95,27588.0,0.09,cool_stuff,SC
37.76,349.0,1500.0,0.5,2112.0,0.11,health_beauty,PE
15.13,53.9,425.79,0.4,1955.0,0.28,industry_commerce_and_business,SP
36.12,279.0,24.48,18.4,48000.0,0.13,kitchen_dining_laundry_garden_furniture,SP
18.23,37.9,413.75,0.18,945.0,0.48,health_beauty,PR
14.64,148.0,17.41,9.75,12600.0,0.1,bed_bath_table,SP
9.94,19.9,34.47,0.8,11552.0,0.5,garden_tools,SP
25.63,45.6,1243.93,0.22,6210.0,0.56,computers_accessories,DF
15.89,148.0,183.53,1.4,8349.0,0.11,furniture_decor,SC
7.54,89.9,242.86,1.38,20000.0,0.08,bed_bath_table,SP
37.04,29.98,2043.03,0.25,1547.0,1.24,telephony,PE
11.15,20.7,9.13,0.8,31500.0,0.54,furniture_decor,SP
15.35,84.9,852.88,0.73,37324.0,0.18,stationery,RS
17.09,44.35,557.61,1.4,10500.0,0.38,furniture_decor,MG
13.57,59.9,145.74,0.65,2240.0,0.23,baby,SC
11.85,12.9,304.34,0.25,4800.0,0.92,bed_bath_table,SP
16.79,21.99,1489.6,0.15,836.0,0.76,telephony,MT
21.84,189.9,221.6,0.85,37500.0,0.12,luggage_accessories,RS
15.64,39.8,326.68,0.6,8008.0,0.39,health_beauty,PR
15.91,99.99,666.49,1.2,15750.0,0.16,cool_stuff,SC
15.32,79.9,481.57,1.1,6400.0,0.19,bed_bath_table,SP
12.81,53.2,296.27,0.65,2560.0,0.24,bed_bath_table,SP
11.85,12.9,305.13,0.25,4800.0,0.92,bed_bath_table,SP
44.64,119.99,335.18,6.55,8000.0,0.37,computers_accessories,RJ
17.31,66.89,739.57,0.73,3060.0,0.26,watches_gifts,RJ
23.85,149.99,229.97,6.55,8000.0,0.16,computers_accessories,MG
42.1,179.99,124.0,15.0,115934.0,0.23,sports_leisure,PR
16.11,49.9,646.57,0.8,2816.0,0.32,auto,SP
15.23,14.77,345.36,0.12,836.0,1.03,telephony,RJ
15.25,21.9,364.72,0.1,1056.0,0.7,baby,SP
15.48,104.0,419.03,0.4,4536.0,0.15,health_beauty,SP
29.45,149.9,1228.66,0.79,4256.0,0.2,health_beauty,BA
8.82,14.9,0.0,0.35,384.0,0.59,food_drink,SC
16.79,31.9,656.34,0.25,2378.0,0.53,computers_accessories,BA
19.67,99.9,591.92,0.88,11362.0,0.2,pet_shop,RJ
15.37,69.99,460.54,0.5,4140.0,0.22,baby,MG
37.8,126.9,799.34,0.85,10400.0,0.3,health_beauty,SP
32.82,75.0,317.28,5.5,24000.0,0.44,furniture_living_room,PR
11.23,59.0,44.09,0.47,4788.0,0.19,audio,SP
18.55,95.0,498.75,0.16,2926.0,0.2,computers_accessories,SP
7.78,24.99,2.32,0.8,4000.0,0.31,fashion_bags_accessories,SP
15.31,79.9,812.91,0.4,9000.0,0.19,baby,RS
14.1,13.65,359.92,0.15,4862.0,1.03,electronics,PR
21.18,152.0,1395.02,0.2,2805.0,0.14,health_beauty,MT
19.36,56.1,567.45,0.95,9450.0,0.34,bed_bath_table,RJ
17.65,199.99,330.15,2.0,27000.0,0.09,cool_stuff,RJ
50.62,899.0,448.0,25.95,90720.0,0.06,pet_shop,MG
8.27,15.9,73.17,0.22,2944.0,0.52,bed_bath_table,SP
15.1,44.0,971.53,0.25,640.0,0.34,watches_gifts,RS
16.53,48.9,910.66,0.8,5610.0,0.34,bed_bath_table,DF
11.52,449.99,22.17,12.9,45000.0,0.03,unknown,SP
18.49,55.0,580.25,0.5,1056.0,0.34,telephony,MG
17.78,10.99,721.23,0.1,704.0,1.62,telephony,GO
8.45,170.0,61.87,0.07,3600.0,0.05,auto,SP
8.92,15.9,106.99,0.2,2944.0,0.56,bed_bath_table,SP
17.06,26.9,1460.9,0.54,3648.0,0.63,electronics,BA
27.51,64.99,2362.12,0.4,2964.0,0.42,health_beauty,SP
17.91,209.9,424.28,1.62,40590.0,0.08,bed_bath_table,ES
44.33,79.99,327.92,13.7,70702.0,0.55,auto,RJ
14.52,67.99,32.87,0.45,1280.0,0.21,computers_accessories,SP
15.38,89.99,24.17,2.75,9375.0,0.17,home_appliances_2,SP
6.78,39.99,221.42,0.35,3800.0,0.17,bed_bath_table,SP
15.24,19.9,471.35,0.18,4224.0,0.77,electronics,MG
7.39,5.9,52.85,0.2,2464.0,1.25,baby,SP
15.1,10.0,143.97,1.0,6000.0,1.51,furniture_decor,MG
7.78,29.99,22.96,0.3,816.0,0.26,telephony,SP
9.03,124.9,32.32,0.6,16200.0,0.07,health_beauty,SP
27.5,169.0,642.96,6.4,43659.0,0.16,auto,MG
11.85,29.0,218.86,0.2,352.0,0.41,watches_gifts,SP
14.52,46.86,342.84,0.22,6525.0,0.31,computers_accessories,RS
13.23,39.9,46.27,0.75,6912.0,0.33,bed_bath_table,RJ
19.12,145.0,409.79,0.2,1056.0,0.13,watches_gifts,MG
1.48,53.0,396.92,0.1,2299.0,0.03,health_beauty,SP
13.06,115.0,73.92,0.45,8000.0,0.11,books_general_interest,SC
48.75,209.0,22.57,22.6,135594.0,0.23,pet_shop,SP
7.78,49.99,21.95,0.2,4500.0,0.16,health_beauty,SP
8.11,13.3,138.41,0.2,352.0,0.61,fashion_bags_accessories,SP
16.67,99.9,484.3,1.35,30000.0,0.17,auto,MG
8.91,79.99,15.58,0.55,5040.0,0.11,perfumery,SP
42.56,245.9,306.02,19.8,116000.0,0.17,bed_bath_table,SP
17.71,125.0,815.99,0.2,3000.0,0.14,computers_accessories,SP
27.03,135.0,425.33,7.35,42875.0,0.2,furniture_decor,MG
19.41,31.9,294.19,0.65,5808.0,0.61,health_beauty,PR
18.79,99.0,827.14,0.45,720.0,0.19,computers_accessories,GO
14.1,7.0,891.02,0.15,4275.0,2.01,telephony,DF
14.52,9.9,502.85,0.2,352.0,1.47,furniture_bedroom,SP
8.33,80.49,49.18,0.42,3850.0,0.1,health_beauty,SP
17.64,330.0,2218.54,0.4,2992.0,0.05,health_beauty,PB
80.11,790.0,1796.63,12.1,62500.0,0.1,computers,BA
15.1,21.9,1094.17,0.15,6000.0,0.69,electronics,RS
15.23,27.99,847.64,0.3,816.0,0.54,telephony,RS
46.05,169.9,527.35,14.65,100980.0,0.27,kitchen_dining_laundry_garden_furniture,SP
16.18,59.99,406.95,0.7,1600.0,0.27,furniture_decor,RJ
15.79,44.0,1324.71,0.25,640.0,0.36,watches_gifts,MT
18.31,29.9,749.1,0.12,2618.0,0.61,perfumery,MG
8.88,16.89,24.38,1.0,15624.0,0.53,sports_leisure,SP
9.03,51.0,8.87,1.0,5670.0,0.18,health_beauty,SP
15.23,24.99,479.62,0.05,1188.0,0.61,telephony,MG
18.75,99.9,106.34,2.5,12000.0,0.19,furniture_decor,SC
16.19,155.97,353.97,0.36,3042.0,0.1,watches_gifts,RJ
17.88,89.9,1079.81,0.75,9900.0,0.2,furniture_decor,GO
19.04,21.0,809.63,0.2,5720.0,0.91,bed_bath_table,SP
16.5,249.99,239.72,0.35,1690.0,0.07,sports_leisure,RS
17.67,59.9,970.19,1.65,19800.0,0.3,garden_tools,RS
7.49,89.9,103.86,0.45,4000.0,0.08,toys,SP
12.43,259.9,64.97,0.48,5040.0,0.05,perfumery,RJ
4.21,24.5,1163.7,0.15,2304.0,0.17,consoles_games,ES
8.32,81.99,86.88,0.21,2652.0,0.1,computers_accessories,SP
48.43,245.9,281.06,25.2,116000.0,0.2,bed_bath_table,SP
176.86,890.0,384.84,30.0,251625.0,0.2,health_beauty,MG
16.27,73.35,237.79,0.95,8866.0,0.22,furniture_decor,PR
23.0,99.95,2359.6,1.95,13500.0,0.23,cine_photo,PA
18.56,89.9,1458.82,1.1,5994.0,0.21,bed_bath_table,BA
9.05,99.0,32.93,0.89,13200.0,0.09,toys,SP
16.81,9.99,506.27,0.25,10000.0,1.68,pet_shop,SP
14.3,78.0,743.59,0.6,12000.0,0.18,furniture_decor,ES
15.23,12.67,333.0,0.65,627.0,1.2,telephony,RJ
15.1,14.99,596.5,0.06,1260.0,1.01,christmas_supplies,MG
9.61,125.0,138.42,0.75,1200.0,0.08,books_imported,SP
16.11,45.9,509.28,0.65,16038.0,0.35,cool_stuff,SP
7.55,54.99,62.61,0.35,2464.0,0.14,watches_gifts,RJ
7.47,29.9,141.18,0.25,1200.0,0.25,health_beauty,SP
27.66,159.9,1059.25,1.1,7644.0,0.17,toys,ES
16.11,39.0,946.3,1.3,15341.0,0.41,sports_leisure,SP
26.46,168.0,1705.05,0.75,42875.0,0.16,furniture_decor,PE
27.83,249.99,716.23,3.45,9450.0,0.11,sports_leisure,ES
15.27,24.9,357.11,1.25,8398.0,0.61,health_beauty,PR
8.64,59.9,183.32,1.11,3762.0,0.14,health_beauty,SP
14.43,49.9,137.08,0.8,13125.0,0.29,construction_tools_construction,SP
17.6,45.0,828.91,0.72,4485.0,0.39,health_beauty,SP
8.23,195.9,157.24,0.9,31920.0,0.04,sports_leisure,SP
14.08,15.99,165.26,4.3,20000.0,0.88,drinks,SP
23.07,325.0,2362.29,0.4,2992.0,0.07,health_beauty,MA
12.79,15.9,383.32,0.4,2057.0,0.8,housewares,SP
17.63,41.31,2313.04,0.3,1188.0,0.43,garden_tools,CE
23.54,55.9,1195.73,0.8,4800.0,0.42,books_general_interest,RS
9.34,13.99,6.9,0.5,27000.0,0.67,pet_shop,SP
11.15,22.99,112.34,7.35,38750.0,0.48,housewares,SP
16.95,99.99,489.24,1.2,15750.0,0.17,cool_stuff,MG
27.83,364.0,2091.58,0.3,2431.0,0.08,health_beauty,CE
7.78,28.99,15.43,0.15,1520.0,0.27,telephony,SP
8.72,49.89,31.07,0.3,7500.0,0.18,housewares,SP
10.0,95.0,396.84,0.25,1600.0,0.1,furniture_decor,RJ
9.76,135.0,25.34,0.95,1827.0,0.07,books_imported,SP
28.71,349.9,2455.24,0.9,11400.0,0.08,health_beauty,PB
3.45,190.83,679.35,0.42,2106.0,0.02,watches_gifts,MG
8.72,56.99,22.35,0.4,2178.0,0.15,perfumery,SP
15.1,8.99,705.93,0.5,5250.0,1.68,consoles_games,RJ
18.0,58.9,613.05,5.51,149296.0,0.31,baby,SC
20.6,169.0,558.21,1.9,11700.0,0.12,cine_photo,MG
25.0,119.99,343.64,6.55,8000.0,0.21,computers_accessories,MG
27.47,388.5,327.46,5.91,56350.0,0.07,small_appliances,SP
22.51,99.0,183.13,5.75,27000.0,0.23,pet_shop,SP
15.38,39.99,873.74,5.03,33000.0,0.38,pet_shop,DF
36.03,129.0,234.85,9.85,58621.0,0.28,housewares,SP
21.44,135.0,577.07,2.15,12000.0,0.16,bed_bath_table,RJ
16.74,69.99,756.4,1.0,14000.0,0.24,bed_bath_table,ES
15.1,9.0,486.86,0.15,2800.0,1.68,electronics,SC
15.85,78.0,671.03,0.1,1200.0,0.2,telephony,RJ
7.79,29.99,5.19,0.15,4096.0,0.26,fashion_bags_accessories,RS
37.1,254.4,2162.67,3.4,23625.0,0.15,bed_bath_table,PB
57.04,69.9,2307.6,1.2,21000.0,0.82,home_appliances,AM
17.06,49.99,1335.97,0.25,816.0,0.34,telephony,MT
29.11,58.5,92.87,13.32,80934.0,0.5,agro_industry_and_commerce,SP
25.38,31.9,2473.04,0.3,2378.0,0.8,computers_accessories,RO
27.76,99.49,1817.8,0.38,8120.0,0.28,baby,RN
8.72,52.0,16.83,0.3,6760.0,0.17,tablets_printing_image,SP
16.67,224.0,379.05,2.13,8800.0,0.07,health_beauty,RJ
21.51,108.0,2431.6,0.1,2340.0,0.2,perfumery,PB
33.65,179.9,353.76,9.65,8000.0,0.19,electronics,RJ
16.09,190.9,530.46,6.66,2431.0,0.08,audio,RJ
25.38,24.87,2678.12,0.1,1134.0,1.02,auto,CE
19.04,39.99,1320.17,0.2,4180.0,0.48,perfumery,RS
18.72,209.99,708.55,1.45,10450.0,0.09,health_beauty,SC
21.58,125.0,505.74,2.5,12716.0,0.17,health_beauty,MG
28.75,36.0,2313.35,1.9,5808.0,0.8,sports_leisure,CE
14.16,58.2,483.31,0.08,1248.0,0.24,health_beauty,SP
19.38,69.9,992.78,5.95,20539.0,0.28,auto,MG
88.37,249.9,1247.12,14.6,56448.0,0.35,furniture_decor,RS
13.08,75.0,31.63,2.6,15000.0,0.17,furniture_decor,SP
11.85,19.99,229.88,0.1,4500.0,0.59,health_beauty,SP
12.24,140.0,29.39,1.24,11340.0,0.09,health_beauty,RJ
17.6,38.9,401.25,0.55,6000.0,0.45,bed_bath_table,PR
17.16,64.9,1447.7,0.35,1980.0,0.26,furniture_decor,BA
17.81,79.95,464.08,1.25,11408.0,0.22,cool_stuff,SP
18.3,59.9,611.27,0.45,23625.0,0.31,furniture_decor,RJ
12.43,72.0,19.31,1.84,8784.0,0.17,electronics,SP
45.09,89.99,197.09,6.05,8000.0,0.5,garden_tools,SP
13.72,59.9,29.55,3.6,15625.0,0.23,health_beauty,SP
13.74,199.0,317.07,1.02,5376.0,0.07,computers_accessories,SP
8.72,37.99,107.88,0.22,3136.0,0.23,computers_accessories,SP
18.65,199.99,396.55,1.9,23625.0,0.09,stationery,RJ
7.39,17.49,27.07,0.2,4199.0,0.42,electronics,SP
19.58,56.1,857.47,0.95,9450.0,0.35,bed_bath_table,RS
26.75,69.9,1877.14,1.3,12288.0,0.38,housewares,RO
37.97,59.9,1713.36,1.65,19800.0,0.63,garden_tools,SE
70.8,379.0,1822.01,5.0,66150.0,0.19,musical_instruments,BA
35.71,55.0,1992.52,0.5,1056.0,0.65,telephony,MA
13.08,69.9,34.53,2.6,15000.0,0.19,furniture_decor,SP
16.24,68.9,180.75,0.7,32200.0,0.24,stationery,SP
27.59,159.49,1079.14,3.0,13464.0,0.17,housewares,RJ
18.3,467.0,344.78,0.75,27000.0,0.04,health_beauty,RJ
17.95,99.9,638.47,8.75,51750.0,0.18,toys,RJ
8.65,199.99,25.75,1.4,22500.0,0.04,cool_stuff,SP
11.76,164.99,68.08,0.43,6174.0,0.07,health_beauty,SP
16.79,49.9,1367.53,0.55,704.0,0.34,stationery,BA
9.98,22.0,826.79,0.2,5720.0,0.45,bed_bath_table,SP
46.41,279.0,1159.37,2.96,37638.0,0.17,luggage_accessories,RS
44.48,89.9,2293.71,0.75,9912.0,0.5,sports_leisure,SP
21.82,189.9,584.89,2.7,13500.0,0.12,sports_leisure,SC
14.98,96.8,161.03,1.87,15660.0,0.16,fashion_bags_accessories,SP
7.87,18.0,64.03,0.2,6859.0,0.44,sports_leisure,SP
14.1,40.0,498.86,0.2,1408.0,0.35,fashion_bags_accessories,MG
12.98,45.05,233.58,0.4,2560.0,0.29,audio,SP
7.94,55.0,30.27,0.35,2464.0,0.14,watches_gifts,RJ
17.65,129.99,565.86,1.6,15750.0,0.14,cool_stuff,RJ
19.99,269.9,617.47,0.26,4256.0,0.07,perfumery,MG
28.33,286.99,572.01,10.15,53400.0,0.1,housewares,RS
7.49,89.99,10.6,0.4,27000.0,0.08,sports_leisure,SP
15.23,10.0,837.75,0.2,4000.0,1.52,electronics,SP
11.24,89.9,125.68,1.38,20000.0,0.12,bed_bath_table,SP
14.68,129.9,37.5,1.7,14400.0,0.11,perfumery,SP
15.1,39.9,358.88,0.26,3808.0,0.38,bed_bath_table,SC
8.11,29.99,19.9,0.2,1200.0,0.27,baby,RS
13.92,179.9,186.37,0.5,2760.0,0.08,perfumery,SP
38.18,299.9,91.62,11.6,67280.0,0.13,office_furniture,SP
26.7,887.0,843.02,11.47,103740.0,0.03,baby,RS
20.4,37.99,1920.88,0.15,1520.0,0.54,telephony,AL
18.5,535.9,466.78,0.65,5967.0,0.04,health_beauty,PR
14.1,31.8,493.68,3.45,28175.0,0.44,furniture_decor,MG
8.03,110.32,96.72,0.15,990.0,0.07,health_beauty,SP
12.79,22.4,152.32,0.21,3536.0,0.57,sports_leisure,SP
7.71,5.18,7.25,0.05,6864.0,1.49,consoles_games,MG
13.67,108.9,38.39,1.75,27000.0,0.13,auto,SP
14.58,59.9,205.77,0.69,6050.0,0.24,bed_bath_table,RJ
24.47,275.0,863.2,7.18,44000.0,0.09,toys,RS
17.5,177.97,475.12,0.25,5760.0,0.1,health_beauty,MG
14.71,88.0,289.16,0.55,8000.0,0.17,health_beauty,SP
15.1,39.9,708.37,0.2,2816.0,0.38,sports_leisure,MG
12.85,27.19,240.79,0.13,1872.0,0.47,cool_stuff,SP
7.78,34.9,9.26,0.22,2400.0,0.22,baby,SP
14.1,39.9,337.87,0.2,1875.0,0.35,unknown,RJ
8.09,106.5,56.48,0.35,4913.0,0.08,sports_leisure,SP
17.45,144.41,964.91,0.14,4312.0,0.12,computers_accessories,RJ
60.02,451.0,270.53,13.65,125000.0,0.13,bed_bath_table,SP
15.2,64.9,364.85,0.4,6600.0,0.23,computers_accessories,RJ
14.1,33.4,486.25,0.2,1232.0,0.42,unknown,MG
19.4,29.99,374.47,0.6,9375.0,0.65,baby,RJ
7.78,28.49,14.31,0.16,2940.0,0.27,health_beauty,SP
38.75,99.99,1811.34,0.4,2112.0,0.39,sports_leisure,TO
13.45,144.0,174.08,0.31,1920.0,0.09,watches_gifts,SP
5.73,223.0,1143.1,0.32,4693.0,0.03,watches_gifts,BA
18.03,269.0,13.44,5.35,32000.0,0.07,home_confort,SP
19.56,52.58,596.08,0.9,7872.0,0.37,bed_bath_table,RJ
3.03,59.99,10.7,0.95,17500.0,0.05,health_beauty,SP
15.1,19.9,865.88,0.15,2304.0,0.76,consoles_games,RJ
23.99,169.99,463.17,1.3,4864.0,0.14,construction_tools_lights,MG
51.17,64.9,2072.31,0.45,1750.0,0.79,furniture_decor,BA
10.91,55.0,536.52,0.85,27000.0,0.2,furniture_decor,MG
10.96,29.9,70.04,0.4,1024.0,0.37,computers_accessories,SP
27.41,49.0,2268.53,0.35,8349.0,0.56,furniture_decor,AL
42.42,55.9,2127.94,0.3,900.0,0.76,sports_leisure,PE
9.34,59.99,97.37,0.95,17500.0,0.16,health_beauty,SP
8.88,19.0,7.95,1.88,12167.0,0.47,health_beauty,SP
75.48,249.9,493.21,10.85,67280.0,0.3,office_furniture,MG
17.67,49.0,565.56,1.75,32560.0,0.36,garden_tools,MG
15.62,109.9,522.34,9.4,56250.0,0.14,baby,SP
19.37,64.99,1208.35,0.35,2964.0,0.3,health_beauty,PE
18.27,24.0,659.84,0.2,8250.0,0.76,housewares,RS
17.78,28.0,862.41,0.4,3600.0,0.64,sports_leisure,DF
16.95,39.99,553.44,0.35,3800.0,0.42,bed_bath_table,MG
16.46,99.9,722.04,0.35,600.0,0.16,bed_bath_table,SC
12.71,82.8,479.99,0.17,2808.0,0.15,computers_accessories,SP
9.38,90.0,7.02,0.75,1862.0,0.1,garden_tools,SP
17.09,119.99,337.68,0.9,11200.0,0.14,cool_stuff,RJ
9.27,49.0,56.66,0.25,1512.0,0.19,telephony,SP
24.27,200.0,904.76,2.8,33228.0,0.12,toys,GO
7.78,69.0,76.06,0.35,640.0,0.11,fashion_bags_accessories,SP
15.1,15.0,508.51,0.15,2800.0,1.01,electronics,RJ
15.14,55.0,432.63,0.2,640.0,0.28,watches_gifts,MG
11.85,29.9,307.01,0.4,24000.0,0.4,furniture_decor,SP
10.62,108.9,474.84,1.8,9240.0,0.1,furniture_decor,RJ
16.94,72.0,908.07,0.17,3276.0,0.24,computers_accessories,MG
25.66,54.9,2401.89,0.28,5544.0,0.47,tablets_printing_image,PA
9.34,54.9,102.5,1.1,10500.0,0.17,housewares,SP
15.91,165.0,494.35,0.95,20295.0,0.1,auto,MG
18.23,34.9,817.29,0.4,2288.0,0.52,housewares,DF
8.88,47.9,9.26,0.8,8000.0,0.18,bed_bath_table,SP
39.76,118.0,348.5,9.35,66550.0,0.34,signaling_and_security,RJ
13.47,12.5,202.16,0.1,900.0,1.08,consoles_games,MG
31.48,104.0,520.66,1.15,20956.0,0.3,sports_leisure,PR
15.83,135.0,654.61,0.95,9600.0,0.12,watches_gifts,PR
19.47,196.0,660.96,0.26,2652.0,0.1,watches_gifts,RJ
21.47,139.99,580.62,2.4,16632.0,0.15,bed_bath_table,RJ
17.06,8.7,1453.93,0.1,1056.0,1.96,stationery,BA
8.89,19.9,15.62,9.9,24000.0,0.45,housewares,SP
15.23,35.9,468.05,0.23,1632.0,0.42,perfumery,SP
63.87,264.0,1244.56,2.2,21384.0,0.24,perfumery,SP
15.38,89.9,265.99,0.21,1836.0,0.17,health_beauty,RJ
0.4,19.9,450.44,0.2,4500.0,0.02,housewares,MG
20.79,97.65,334.07,0.15,3000.0,0.21,health_beauty,MG
14.1,29.98,816.53,0.25,1547.0,0.47,telephony,GO
14.1,21.9,492.97,0.15,2800.0,0.64,electronics,MG
15.14,55.13,433.98,0.15,352.0,0.28,sports_leisure,MG
18.06,189.0,588.0,2.05,10800.0,0.1,health_beauty,RJ
9.41,19.9,34.98,0.4,10000.0,0.47,watches_gifts,SP
17.6,49.9,1037.54,1.5,19800.0,0.35,garden_tools,RS
17.59,249.9,375.94,0.61,4928.0,0.07,perfumery,SP
21.0,215.0,511.36,5.4,31752.0,0.1,cool_stuff,SC
14.52,110.0,330.94,1.15,24000.0,0.13,bed_bath_table,RJ
17.67,59.9,252.34,1.5,5160.0,0.3,bed_bath_table,SP
7.78,55.0,137.38,0.3,352.0,0.14,watches_gifts,SP
15.17,60.0,910.75,0.24,3808.0,0.25,toys,SP
12.8,19.9,281.11,0.2,4096.0,0.64,bed_bath_table,SP
15.1,49.0,369.41,0.25,1512.0,0.31,telephony,SC
16.26,89.9,64.88,1.38,20000.0,0.18,bed_bath_table,SP
24.57,99.99,364.76,1.85,6000.0,0.25,bed_bath_table,SP
15.23,14.9,344.61,0.2,2700.0,1.02,audio,RJ
0.0,53.9,860.76,1.55,19800.0,0.0,garden_tools,ES
15.48,85.9,480.59,0.4,990.0,0.18,perfumery,MG
8.65,54.87,29.71,0.62,8649.0,0.16,musical_instruments,SC
22.06,13.3,1519.05,0.18,4862.0,1.66,electronics,BA
16.08,189.99,179.08,4.34,2856.0,0.08,watches_gifts,MG
49.57,509.0,1094.82,7.6,36288.0,0.1,garden_tools,MG
23.69,127.45,566.03,6.7,12000.0,0.19,bed_bath_table,MG
9.56,180.0,125.58,0.18,8000.0,0.05,computers_accessories,SP
33.08,99.0,1079.37,9.0,19656.0,0.33,garden_tools,PR
9.02,118.0,24.49,0.4,4693.0,0.08,perfumery,SP
34.15,39.0,505.82,0.15,4096.0,0.88,health_beauty,SP
36.29,790.9,345.96,3.41,14168.0,0.05,computers_accessories,RJ
15.23,49.8,352.82,0.4,1587.0,0.31,cine_photo,RJ
23.47,132.8,232.15,3.45,17028.0,0.18,furniture_decor,SC
22.85,27.99,2361.49,0.3,816.0,0.82,telephony,MA
15.1,24.9,533.86,0.15,15625.0,0.61,sports_leisure,MG
31.98,349.9,2465.39,0.9,11400.0,0.09,health_beauty,PE
75.27,4099.99,594.43,3.05,7480.0,0.02,consoles_games,MG
16.93,69.68,920.07,0.5,4560.0,0.24,cool_stuff,SP
15.86,107.99,332.92,0.16,2520.0,0.15,pet_shop,MG
12.7,65.0,100.77,1.03,4080.0,0.2,sports_leisure,SC
42.45,59.9,2354.77,1.65,45000.0,0.71,sports_leisure,CE
16.79,31.89,854.08,0.3,1040.0,0.53,telephony,SP
15.56,39.9,761.17,1.0,17712.0,0.39,housewares,MG
23.3,72.0,582.67,1.15,15000.0,0.32,housewares,MG
9.34,38.9,12.72,0.6,12000.0,0.24,consoles_games,SP
37.3,295.0,1085.17,8.05,32760.0,0.13,furniture_decor,ES
25.94,199.0,1306.53,2.0,29260.0,0.13,cool_stuff,MG
33.49,269.9,133.7,20.5,94192.0,0.12,office_furniture,SP
10.07,179.9,18.81,0.7,10692.0,0.06,health_beauty,SP
13.11,139.99,613.86,0.18,1020.0,0.09,consoles_games,MG
22.03,199.99,747.79,2.1,15750.0,0.11,cool_stuff,GO
11.95,39.9,1218.69,0.38,1428.0,0.3,auto,BA
29.77,104.99,1846.08,6.13,73920.0,0.28,toys,BA
16.19,69.9,1351.4,0.24,4312.0,0.23,computers_accessories,MG
13.61,84.9,437.55,0.8,8712.0,0.16,fashion_shoes,SP
25.47,89.9,382.05,3.18,16016.0,0.28,sports_leisure,RS
7.39,55.0,78.13,0.2,640.0,0.13,watches_gifts,SP
15.1,29.9,241.63,0.2,1344.0,0.5,computers_accessories,MG
16.67,59.9,697.93,1.25,10416.0,0.28,health_beauty,PR
20.0,128.9,158.52,2.3,46640.0,0.16,cool_stuff,SP
7.78,39.0,16.94,0.15,640.0,0.2,watches_gifts,SP
18.01,109.0,880.93,6.55,31920.0,0.16,stationery,RS
9.34,69.9,118.3,0.6,4500.0,0.13,fashion_shoes,SP
20.0,120.0,1805.91,1.25,24000.0,0.17,pet_shop,RS
9.21,64.99,25.14,0.9,17100.0,0.14,housewares,SP
21.18,54.99,2689.4,0.25,1232.0,0.38,toys,AM
16.28,199.89,327.78,2.13,8800.0,0.08,health_beauty,PR
14.56,140.0,129.45,1.07,9800.0,0.1,sports_leisure,SP
18.27,145.5,953.93,1.3,31250.0,0.13,furniture_decor,RS
11.85,19.9,554.8,0.15,2304.0,0.6,consoles_games,SP
44.68,329.9,697.24,13.72,62964.0,0.14,furniture_living_room,GO
14.2,64.99,307.68,0.2,3960.0,0.22,health_beauty,RJ
18.23,34.9,347.45,0.4,2288.0,0.52,housewares,PR
13.38,99.9,156.63,1.3,3080.0,0.13,bed_bath_table,SP
17.97,151.9,309.0,4.34,2856.0,0.12,watches_gifts,SP
32.77,89.9,2678.83,1.85,8100.0,0.36,home_confort,CE
15.1,59.9,641.98,0.24,4032.0,0.25,health_beauty,SP
7.92,81.99,86.01,0.21,2652.0,0.1,computers_accessories,SP
8.25,119.99,3.43,0.9,7744.0,0.07,toys,RJ
23.71,130.0,823.51,1.6,24000.0,0.18,housewares,MG
18.27,24.89,657.27,0.15,4320.0,0.73,electronics,MG
26.61,75.0,409.51,2.55,31500.0,0.36,furniture_decor,SC
11.85,25.99,159.81,0.08,1045.0,0.46,telephony,SP
21.96,16.5,577.72,0.18,1152.0,1.33,telephony,ES
23.89,279.9,784.43,0.28,7935.0,0.08,watches_gifts,PR
19.39,59.99,655.45,0.95,17500.0,0.32,health_beauty,ES
6.44,47.9,537.13,0.6,6000.0,0.13,bed_bath_table,RJ
17.1,429.9,350.24,7.45,25069.0,0.04,auto,SP
14.5,107.0,360.34,0.15,1500.0,0.14,garden_tools,RJ
23.21,89.9,435.93,0.75,3159.0,0.26,bed_bath_table,RJ
65.14,209.99,664.97,17.78,40698.0,0.31,furniture_decor,MG
0.0,69.9,505.06,2.6,15000.0,0.0,furniture_decor,MG
22.97,55.0,384.56,1.4,1500.0,0.42,bed_bath_table,MG
21.14,99.0,1451.67,0.3,6760.0,0.21,tablets_printing_image,BA
9.27,20.49,70.84,0.68,6300.0,0.45,food,SP
12.61,130.0,15.65,5.65,60000.0,0.1,baby,PR
37.99,186.0,1268.25,0.12,2380.0,0.2,pet_shop,DF
16.04,185.0,340.88,0.4,5967.0,0.09,home_appliances,RJ
7.96,110.32,149.35,0.15,990.0,0.07,health_beauty,SP
25.95,158.99,527.87,3.45,15375.0,0.16,furniture_decor,SC
69.57,99.0,325.97,6.5,100860.0,0.7,toys,RJ
16.6,120.0,506.37,3.65,2688.0,0.14,sports_leisure,RJ
20.96,90.9,703.12,1.18,17784.0,0.23,housewares,RJ
13.16,116.9,227.21,1.8,4500.0,0.11,bed_bath_table,SP
21.66,117.3,484.71,4.11,44890.0,0.18,auto,MG
37.55,50.4,408.53,7.45,8360.0,0.74,sports_leisure,SP
16.17,59.0,973.48,0.7,7260.0,0.27,furniture_decor,RS
17.67,59.9,689.27,1.55,19800.0,0.3,garden_tools,PR
14.1,23.99,905.26,0.1,4500.0,0.59,health_beauty,DF
16.11,45.9,457.32,0.6,1800.0,0.35,furniture_decor,MG
16.12,69.9,326.65,2.6,15000.0,0.23,furniture_decor,SP
19.72,75.0,461.66,0.55,4608.0,0.26,housewares,SC
18.7,323.18,1247.68,0.1,6400.0,0.06,computers_accessories,BA
20.25,144.99,1489.16,1.05,19008.0,0.14,cool_stuff,BA
7.46,27.99,7.33,0.3,816.0,0.27,telephony,SP
11.85,18.9,344.72,0.3,3564.0,0.63,computers_accessories,SP
16.12,51.9,546.65,0.6,3780.0,0.31,furniture_decor,PR
14.25,175.0,540.5,0.85,5434.0,0.08,computers_accessories,SP
16.07,53.9,574.34,1.75,32560.0,0.3,garden_tools,RJ
23.08,108.0,1984.92,1.0,7632.0,0.21,watches_gifts,PB
12.79,5.49,78.86,0.15,5236.0,2.33,sports_leisure,SP
7.91,70.0,5.61,0.1,1920.0,0.11,auto,RJ
17.88,89.9,460.88,1.65,3080.0,0.2,bed_bath_table,RJ
12.89,65.0,95.61,0.3,1760.0,0.2,construction_tools_safety,SP
14.2,64.5,326.13,0.4,3744.0,0.22,electronics,PR
13.92,169.9,99.95,0.3,4368.0,0.08,auto,SP
20.78,669.65,334.07,0.2,6290.0,0.03,health_beauty,MG
20.8,16.99,1218.88,0.2,2052.0,1.22,housewares,RS
9.45,179.49,59.45,0.55,6048.0,0.05,auto,SP
7.78,23.99,21.94,0.1,4500.0,0.32,health_beauty,SP
15.04,205.0,11.87,9.75,12600.0,0.07,bed_bath_table,SP
15.23,14.99,334.49,0.1,1792.0,1.02,auto,SP
9.51,109.9,99.2,0.24,4312.0,0.09,computers_accessories,SP
13.65,89.9,278.87,2.12,13858.0,0.15,bed_bath_table,SP
21.1,149.9,1832.88,0.53,4840.0,0.14,computers_accessories,RJ
13.43,17.0,93.36,0.7,26250.0,0.79,furniture_decor,SP
22.69,229.9,511.17,5.0,40810.0,0.1,fashion_bags_accessories,RS
16.95,169.9,366.79,0.53,5491.0,0.1,perfumery,SP
17.55,399.99,12.67,4.9,29791.0,0.04,auto,SP
10.76,59.9,362.03,0.15,1100.0,0.18,sports_leisure,SP
11.35,218.9,5.5,0.7,2592.0,0.05,drinks,SP
28.82,49.0,1851.96,1.75,32560.0,0.59,garden_tools,CE
35.95,499.99,2369.2,4.42,9477.0,0.07,pet_shop,PA
12.13,89.9,291.43,0.15,1056.0,0.14,auto,SP
31.02,229.99,2090.78,2.15,15750.0,0.14,cool_stuff,MA
23.29,100.0,10.26,15.8,68250.0,0.23,electronics,SP
19.32,47.9,617.31,0.7,2240.0,0.4,market_place,RS
17.95,99.99,335.58,1.2,15750.0,0.18,cool_stuff,PR
16.16,56.97,576.71,0.75,2880.0,0.28,food,DF
18.3,149.9,664.95,1.48,15840.0,0.12,auto,DF
15.33,17.37,109.55,0.85,5280.0,0.88,housewares,SP
20.1,174.9,385.98,5.0,16000.0,0.12,baby,SP
15.1,13.3,682.01,0.3,352.0,1.14,unknown,MS
16.92,40.8,821.64,1.1,3600.0,0.42,food_drink,PR
35.69,79.9,539.3,4.5,18000.0,0.45,christmas_supplies,SC
35.56,199.99,29.09,16.17,99200.0,0.18,office_furniture,SP
15.1,21.8,604.99,0.15,2464.0,0.69,housewares,SP
43.51,35.0,2316.72,0.65,14000.0,1.24,furniture_decor,CE
7.39,24.9,7.58,0.15,1360.0,0.3,health_beauty,SP
12.69,47.99,117.42,0.65,6400.0,0.26,bed_bath_table,SP
25.37,69.9,318.05,0.95,23625.0,0.36,bed_bath_table,MG
23.0,59.9,686.6,4.85,20539.0,0.38,auto,RJ
22.95,64.99,1940.49,0.4,2964.0,0.35,health_beauty,MG
11.23,29.9,99.7,0.95,4125.0,0.38,home_appliances,SP
17.07,117.5,317.98,1.83,5202.0,0.14,books_general_interest,MG
38.63,385.0,10.84,15.75,106352.0,0.1,home_appliances_2,SP
11.73,158.0,17.15,11.5,28000.0,0.07,housewares,SP
9.44,18.6,60.51,0.55,8400.0,0.51,food_drink,SP
16.11,36.0,487.12,1.0,36000.0,0.45,housewares,PR
27.43,99.99,1668.7,4.47,32736.0,0.27,cool_stuff,BA
15.1,29.9,569.54,2.0,27000.0,0.5,stationery,GO
31.02,29.99,2979.3,0.2,4096.0,1.03,fashion_bags_accessories,PE
16.11,39.0,961.93,1.6,14630.0,0.41,home_appliances,RS
23.49,129.9,280.36,1.35,25088.0,0.18,auto,RJ
17.63,25.99,2352.09,0.15,1152.0,0.68,telephony,CE
15.27,74.9,370.53,0.11,3211.0,0.2,computers_accessories,SP
26.81,299.9,1551.58,5.65,33696.0,0.09,health_beauty,MT
8.44,39.99,84.9,0.62,3724.0,0.21,books_general_interest,SP
17.94,99.0,650.4,1.55,20944.0,0.18,bed_bath_table,SC
7.78,19.9,65.64,0.2,2700.0,0.39,audio,SP
33.96,59.99,379.4,12.05,57200.0,0.57,housewares,MG
14.72,197.5,316.3,0.2,2880.0,0.08,small_appliances,PR
37.19,179.9,26.0,15.47,99200.0,0.21,sports_leisure,SP
12.84,25.9,424.05,0.3,960.0,0.5,housewares,SP
14.1,44.7,330.64,0.2,12090.0,0.32,food_drink,PR
16.84,56.99,1525.93,0.25,3360.0,0.3,perfumery,BA
7.47,29.9,63.79,0.25,1200.0,0.25,health_beauty,SP
9.34,59.99,58.2,0.8,11250.0,0.16,sports_leisure,SP
20.43,134.9,345.73,3.4,40467.0,0.15,bed_bath_table,RJ
13.44,59.9,409.42,1.5,19800.0,0.22,garden_tools,SP
17.06,24.8,825.32,0.46,4522.0,0.69,housewares,PR
9.53,30.9,85.54,0.65,2160.0,0.31,housewares,SP
7.78,59.99,46.4,0.2,3960.0,0.13,health_beauty,SP
13.11,109.99,129.15,0.4,4860.0,0.12,toys,SP
8.27,20.3,95.23,0.3,18711.0,0.41,sports_leisure,SP
25.63,32.9,2332.26,0.25,2431.0,0.78,health_beauty,PA
19.28,199.99,725.89,0.28,1989.0,0.1,electronics,SC
17.7,207.33,736.65,1.6,4664.0,0.08,furniture_decor,ES
16.93,97.47,541.95,1.45,10000.0,0.17,furniture_decor,PR
18.57,299.0,488.72,2.6,8349.0,0.06,furniture_decor,PR
18.4,280.0,1063.26,5.32,20592.0,0.07,computers_accessories,BA
22.85,19.9,2215.56,0.15,4000.0,1.15,computers_accessories,PB
18.51,57.99,704.95,0.45,5104.0,0.32,toys,SP
18.2,56.9,865.26,1.85,23625.0,0.32,kitchen_dining_laundry_garden_furniture,RS
29.39,33.6,923.18,1.6,5775.0,0.88,housewares,SC
27.22,96.99,2382.44,0.9,14400.0,0.28,toys,CE
13.5,119.9,289.9,0.46,3276.0,0.11,watches_gifts,SP
17.81,79.99,312.5,8.05,48000.0,0.22,furniture_decor,PR
16.11,20.7,386.81,0.55,4224.0,0.78,housewares,MG
13.46,79.0,57.88,7.22,41200.0,0.17,industry_commerce_and_business,SP
22.62,259.9,1796.12,2.6,10296.0,0.09,toys,BA
10.94,84.94,2123.29,0.7,15876.0,0.13,sports_leisure,PE
37.45,192.99,36.26,16.4,94500.0,0.19,office_furniture,SP
8.29,69.9,53.38,0.6,1584.0,0.12,cool_stuff,SP
22.98,56.7,612.84,6.32,19712.0,0.4,auto,SC
27.53,78.0,339.12,2.2,31500.0,0.35,furniture_decor,PR
7.39,12.0,147.22,0.35,2240.0,0.62,health_beauty,SP
16.55,399.93,833.6,0.35,4096.0,0.04,construction_tools_safety,SP
17.06,88.9,924.26,0.18,2210.0,0.19,computers_accessories,RJ
26.43,40.5,784.14,1.95,23520.0,0.65,housewares,RS
19.18,154.9,544.73,0.16,1920.0,0.12,watches_gifts,RJ
7.78,12.9,8.54,1.4,10296.0,0.6,electronics,SP
17.63,44.9,2358.78,0.2,1232.0,0.39,toys,CE
15.91,79.9,459.15,1.4,6072.0,0.2,bed_bath_table,PR
23.14,79.9,664.49,1.38,20000.0,0.29,bed_bath_table,MG
16.35,130.0,678.63,0.17,1840.0,0.13,telephony,RJ
16.22,539.9,219.52,0.57,1989.0,0.03,watches_gifts,SP
15.1,33.5,429.65,0.15,1408.0,0.45,construction_tools_construction,MG
23.84,179.97,639.66,1.6,6877.0,0.13,housewares,SP
8.72,19.9,29.59,0.25,11475.0,0.44,stationery,SP
16.05,41.9,846.19,0.4,15625.0,0.38,health_beauty,SP
20.37,200.0,621.29,0.9,6600.0,0.1,toys,SP
15.2,64.9,466.75,0.2,1408.0,0.23,fashion_bags_accessories,RJ
23.28,35.9,1685.49,0.3,4096.0,0.65,baby,BA
8.27,45.9,75.77,1.25,11760.0,0.18,pet_shop,SP
16.7,180.0,1095.87,0.2,1080.0,0.09,health_beauty,RS
13.27,269.0,78.39,0.15,2592.0,0.05,computers_accessories,SP
28.81,59.0,2214.44,1.75,32560.0,0.49,garden_tools,CE
9.74,74.9,142.02,0.85,14440.0,0.13,bed_bath_table,SP
9.83,145.5,6.46,0.85,18000.0,0.07,stationery,SP
15.27,55.0,332.26,0.15,1232.0,0.28,auto,PR
0.0,69.9,451.38,2.6,15000.0,0.0,furniture_decor,MG
20.4,25.99,1722.22,0.2,627.0,0.78,telephony,SE
12.69,47.99,317.89,0.5,3744.0,0.26,auto,SP
12.43,35.0,143.87,1.87,7776.0,0.36,cool_stuff,SP
8.72,65.99,85.34,0.4,8160.0,0.13,sports_leisure,SP
10.0,28.99,460.75,0.61,7560.0,0.34,bed_bath_table,SP
67.41,769.9,2136.21,2.5,10400.0,0.09,construction_tools_construction,RN
16.43,95.0,415.89,0.7,10647.0,0.17,home_construction,SP
13.7,141.64,90.32,2.05,2880.0,0.1,health_beauty,SP
17.67,59.9,535.91,1.55,19800.0,0.3,garden_tools,PR
29.39,141.9,2068.53,1.2,4576.0,0.21,stationery,PE
7.87,7.9,98.82,0.15,1120.0,1.0,signaling_and_security,SP
13.03,99.0,297.41,0.45,720.0,0.13,computers_accessories,SP
17.25,116.0,877.92,0.4,3240.0,0.15,sports_leisure,RJ
19.32,35.0,445.39,0.75,14000.0,0.55,furniture_decor,RJ
12.04,119.99,6.06,1.4,48000.0,0.1,cool_stuff,SP
7.39,59.9,125.23,0.15,2816.0,0.12,sports_leisure,SP
9.37,79.9,28.82,0.98,34720.0,0.12,stationery,SP
10.07,330.0,5.89,0.4,2992.0,0.03,health_beauty,SP
12.1,85.8,478.31,0.4,4719.0,0.14,housewares,SP
19.65,225.0,423.06,6.5,31500.0,0.09,home_construction,SP
9.47,48.9,137.03,0.75,3380.0,0.19,baby,SP
59.86,89.9,676.47,9.5,56700.0,0.67,housewares,DF
16.19,85.0,314.87,9.4,44800.0,0.19,housewares,SP
18.3,149.9,502.77,1.7,26250.0,0.12,toys,SC
15.1,35.99,906.04,0.2,1800.0,0.42,health_beauty,RS
14.39,180.9,471.17,0.98,17457.0,0.08,computers_accessories,SP
18.58,99.9,733.86,0.25,4096.0,0.19,computers_accessories,RS
14.83,109.89,286.94,0.21,2926.0,0.14,computers_accessories,RJ
17.7,59.99,1474.08,0.35,2464.0,0.3,watches_gifts,SE
14.52,39.9,188.98,0.15,3952.0,0.36,telephony,MG
8.39,89.9,19.25,0.55,23625.0,0.09,luggage_accessories,SP
17.07,89.9,1208.72,0.75,3120.0,0.19,pet_shop,PR
63.26,299.0,477.56,9.05,85500.0,0.21,furniture_decor,SP
15.1,39.9,576.59,0.1,3328.0,0.38,sports_leisure,SP
8.33,23.99,98.06,0.4,7865.0,0.35,luggage_accessories,SP
8.72,33.0,63.39,0.4,8500.0,0.26,sports_leisure,SP
17.6,49.9,761.69,1.65,19800.0,0.35,garden_tools,SC
21.49,399.9,2303.09,0.1,880.0,0.05,unknown,CE
16.11,30.0,588.94,0.5,2560.0,0.54,bed_bath_table,RJ
15.56,198.9,87.15,0.61,4928.0,0.08,perfumery,MG
29.01,86.9,1929.22,1.82,21200.0,0.33,home_confort,PE
15.1,28.9,791.92,0.5,9800.0,0.52,furniture_decor,SP
16.65,65.95,338.07,0.65,18750.0,0.25,sports_leisure,RJ
10.96,10.49,222.38,0.15,832.0,1.04,telephony,SP
23.28,99.9,398.67,1.05,14440.0,0.23,bed_bath_table,PR
17.31,85.39,706.09,1.65,15750.0,0.2,housewares,RJ
15.98,129.9,199.89,1.9,28224.0,0.12,auto,MG
15.23,8.9,854.26,0.2,600.0,1.71,dvds_blu_ray,RS
22.03,449.0,108.46,8.6,33345.0,0.05,musical_instruments,SC
12.69,49.0,89.19,5.7,33930.0,0.26,toys,SP
74.56,1099.0,295.48,30.0,150000.0,0.07,garden_tools,SP
52.85,79.99,804.05,9.2,46852.0,0.66,office_furniture,MG
59.32,109.9,387.98,16.1,100100.0,0.54,luggage_accessories,RJ
16.87,284.99,354.49,2.78,6688.0,0.06,drinks,RJ
0.0,199.0,2143.37,0.34,3510.0,0.0,watches_gifts,PB
12.52,146.0,249.86,0.44,4480.0,0.09,watches_gifts,SP
15.38,89.9,658.71,0.15,1056.0,0.17,auto,MG
20.19,39.99,1133.57,0.35,3800.0,0.5,bed_bath_table,RS
15.1,12.49,683.99,0.15,352.0,1.21,garden_tools,RJ
9.94,60.0,57.31,0.88,6647.0,0.17,food_drink,SP
22.2,69.9,1300.61,0.55,13552.0,0.32,furniture_decor,MG
8.39,161.0,2.1,0.06,396.0,0.05,telephony,SP
18.8,299.0,217.37,5.7,32000.0,0.06,home_confort,SP
13.65,89.9,374.27,0.75,9900.0,0.15,furniture_decor,SP
15.56,45.9,608.51,1.1,2400.0,0.34,furniture_decor,RJ
20.86,699.0,348.85,0.55,2737.0,0.03,cool_stuff,RJ
12.85,59.0,137.89,0.17,704.0,0.22,computers_accessories,SP
11.95,79.9,101.84,0.9,5616.0,0.15,furniture_decor,SP
38.94,95.0,2151.14,0.54,12144.0,0.41,health_beauty,PE
38.51,109.0,223.05,16.9,88985.0,0.35,small_appliances,SP
23.56,108.9,605.98,1.85,5168.0,0.22,auto,SC
8.29,16.9,109.31,0.6,8448.0,0.49,musical_instruments,SP
15.1,21.99,227.62,0.3,816.0,0.69,telephony,MG
15.23,31.9,487.62,0.2,2378.0,0.48,computers_accessories,SP
13.77,58.9,543.13,0.65,7560.0,0.23,furniture_decor,SP
15.1,29.45,440.08,0.22,2205.0,0.51,costruction_tools_garden,SP
7.39,29.99,103.05,0.15,1904.0,0.25,telephony,SP
11.53,73.0,18.86,1.3,2500.0,0.16,stationery,SP
16.02,150.0,851.23,4.0,31500.0,0.11,furniture_decor,RS
17.6,19.0,477.48,2.0,9680.0,0.93,sports_leisure,SP
14.11,35.0,356.81,0.1,8000.0,0.4,toys,RJ
14.52,17.89,457.3,0.35,836.0,0.81,telephony,MG
13.6,82.59,227.56,4.3,13500.0,0.16,housewares,SP
14.63,45.97,109.2,1.2,1936.0,0.32,construction_tools_construction,SP
9.7,78.9,535.62,0.18,2210.0,0.12,computers_accessories,SP
18.04,113.0,777.05,2.73,18816.0,0.16,bed_bath_table,ES
14.68,84.9,425.37,0.95,8712.0,0.17,fashion_shoes,SP
29.96,529.0,2733.42,0.9,4140.0,0.06,computers_accessories,PE
45.79,189.94,723.75,12.16,79968.0,0.24,office_furniture,MG
78.03,180.0,2097.55,1.8,17424.0,0.43,sports_leisure,PB
17.87,84.99,2129.56,0.55,5040.0,0.21,perfumery,PE
19.59,49.9,1370.93,1.65,19800.0,0.39,garden_tools,MT
22.61,77.9,2317.93,1.08,11132.0,0.29,sports_leisure,CE
14.35,449.99,94.61,1.7,27216.0,0.03,cool_stuff,SP
20.4,27.9,1346.65,0.2,2378.0,0.73,computers_accessories,RS
18.45,49.9,1000.29,0.35,1444.0,0.37,perfumery,SP
11.51,34.9,467.08,6.1,41664.0,0.33,pet_shop,SP
20.72,39.99,128.63,0.45,64000.0,0.52,housewares,SP
14.1,34.99,733.66,0.15,836.0,0.4,telephony,ES
20.02,118.13,540.72,1.25,17052.0,0.17,housewares,SP
14.43,117.3,19.82,4.11,44890.0,0.12,auto,SP
7.71,59.0,172.5,0.35,7392.0,0.13,health_beauty,SP
28.96,279.99,454.39,14.0,52272.0,0.1,housewares,SP
14.52,30.97,753.93,0.44,4641.0,0.47,health_beauty,MG
14.52,32.99,786.71,0.2,627.0,0.44,telephony,PR
14.1,22.9,347.35,0.1,768.0,0.62,furniture_decor,RJ
16.11,24.2,430.29,0.4,8400.0,0.67,toys,SP
23.97,199.0,811.38,1.65,27588.0,0.12,cool_stuff,SP
14.06,149.0,226.87,1.0,27588.0,0.09,cool_stuff,RS
11.85,10.99,367.56,0.1,3240.0,1.08,auto,SP
15.57,116.0,893.25,0.7,9216.0,0.13,books_general_interest,MS
63.99,120.0,1027.01,7.65,22440.0,0.53,construction_tools_construction,BA
10.96,47.9,263.34,0.6,6000.0,0.23,bed_bath_table,SP
7.78,38.4,8.22,0.85,10000.0,0.2,furniture_decor,SP
11.9,99.9,43.1,1.18,14960.0,0.12,furniture_decor,SP
12.71,45.9,217.89,0.6,1800.0,0.28,furniture_decor,SP
7.74,79.9,134.88,0.15,4096.0,0.1,computers_accessories,SP
27.12,77.8,146.06,3.01,46080.0,0.35,toys,SP
15.24,69.9,316.96,0.3,23625.0,0.22,toys,MS
15.79,44.8,965.33,0.55,21280.0,0.35,sports_leisure,BA
13.44,59.9,95.16,1.65,19800.0,0.22,garden_tools,SP
15.1,13.98,826.34,0.22,864.0,1.08,telephony,RS
16.12,144.9,51.02,1.18,12240.0,0.11,auto,SP
13.9,45.97,177.57,1.2,1936.0,0.3,construction_tools_construction,SP
44.64,119.99,298.91,6.55,8000.0,0.37,computers_accessories,SP
27.17,155.99,574.01,2.3,18144.0,0.17,bed_bath_table,RJ
22.06,19.8,705.27,0.1,2700.0,1.11,bed_bath_table,MG
13.43,59.0,408.38,1.65,19800.0,0.23,garden_tools,SP
18.23,39.0,674.49,0.55,1710.0,0.47,bed_bath_table,DF
15.23,68.9,443.17,0.28,1632.0,0.22,watches_gifts,RS
14.52,14.99,270.88,0.2,2052.0,0.97,housewares,SP
7.95,154.9,103.65,0.28,4693.0,0.05,watches_gifts,SP
18.1,42.9,412.03,1.2,10560.0,0.42,unknown,RJ
14.1,12.77,477.74,0.16,2431.0,1.1,cool_stuff,MG
14.72,78.9,584.02,0.3,5120.0,0.19,auto,PR
23.63,108.9,1567.96,2.2,5434.0,0.22,books_general_interest,BA
8.68,259.0,8.59,0.35,2352.0,0.03,stationery,SP
9.49,105.0,39.03,0.6,2704.0,0.09,computers_accessories,SP
15.11,28.99,563.43,0.45,15625.0,0.52,housewares,SC
31.51,108.0,717.89,5.1,15660.0,0.29,housewares,MG
23.28,35.9,1213.71,0.3,4096.0,0.65,baby,MT
36.25,349.9,2029.61,0.4,2860.0,0.1,telephony,MA
10.65,175.9,91.65,0.8,6528.0,0.06,computers_accessories,SP
15.1,18.9,800.51,0.4,3978.0,0.8,books_general_interest,PR
24.74,52.64,604.14,0.35,6580.0,0.47,bed_bath_table,RJ
15.44,49.0,354.7,0.25,352.0,0.32,fashion_bags_accessories,RJ
9.34,20.9,16.85,0.5,3276.0,0.45,health_beauty,SP
14.52,17.89,321.29,0.35,836.0,0.81,telephony,MG
16.82,169.9,57.7,2.6,10395.0,0.1,bed_bath_table,SP
17.9,209.0,747.79,0.2,1728.0,0.09,computers_accessories,SP
25.63,28.99,2229.66,0.15,836.0,0.88,telephony,CE
7.88,89.0,10.6,0.3,2352.0,0.09,stationery,SP
11.85,39.99,303.56,0.35,3800.0,0.3,bed_bath_table,SP
21.29,815.0,1269.32,29.5,24037.0,0.03,construction_tools_construction,MG
12.16,93.9,290.73,1.2,17802.0,0.13,furniture_decor,SP
16.03,132.2,510.35,0.43,3927.0,0.12,perfumery,SP
34.99,169.99,1946.74,0.1,4096.0,0.21,computers_accessories,MT
24.84,13.99,2242.49,0.5,15625.0,1.78,housewares,PA
12.72,109.9,30.02,9.4,56250.0,0.12,baby,PR
13.37,49.9,453.13,1.75,32560.0,0.27,garden_tools,SP
10.5,59.9,364.18,0.5,1568.0,0.18,toys,RJ
21.15,24.9,2690.95,0.05,1188.0,0.85,telephony,AM
14.83,178.0,444.62,0.6,3072.0,0.08,construction_tools_construction,SP
15.11,39.9,350.9,0.7,13200.0,0.38,furniture_decor,RJ
18.37,38.0,729.48,0.15,1820.0,0.48,health_beauty,PR
14.64,26.74,93.56,0.57,8112.0,0.55,watches_gifts,SC
9.9,114.6,1906.79,2.6,70200.0,0.09,office_furniture,AL
77.8,460.0,636.49,6.32,62049.0,0.17,cool_stuff,MG
38.55,143.0,1618.86,1.25,10920.0,0.27,perfumery,MA
18.35,109.9,502.97,1.05,8500.0,0.17,pet_shop,MG
15.1,18.49,761.8,0.2,1080.0,0.82,telephony,RS
13.49,32.1,73.59,1.5,9000.0,0.42,bed_bath_table,SP
20.19,189.9,1075.77,1.2,21120.0,0.11,furniture_decor,RS
77.45,1299.0,295.58,20.85,125000.0,0.06,construction_tools_construction,RJ
11.85,18.9,280.06,0.3,4800.0,0.63,bed_bath_table,SP
15.32,77.9,446.3,0.18,2210.0,0.2,computers_accessories,SP
9.09,24.9,154.48,0.25,600.0,0.36,bed_bath_table,SP
58.9,40.0,296.41,1.0,6864.0,1.47,stationery,SP
24.94,295.0,834.51,2.24,8400.0,0.08,auto,PE
17.68,79.0,261.03,3.05,8000.0,0.22,sports_leisure,SP
7.39,15.0,72.11,0.1,1056.0,0.49,computers_accessories,SP
53.32,139.0,1798.57,0.35,5054.0,0.38,auto,PB
18.23,24.8,591.77,0.52,4522.0,0.74,housewares,SP
25.92,139.99,97.35,1.7,19500.0,0.18,art,SP
16.49,248.9,417.72,0.31,1920.0,0.07,watches_gifts,RJ
12.7,50.9,310.39,0.6,1710.0,0.25,furniture_decor,SP
17.12,319.99,323.37,0.6,8000.0,0.05,perfumery,RJ
7.78,10.0,93.54,0.25,960.0,0.78,computers_accessories,SP
36.75,69.0,13.95,7.22,41200.0,0.53,industry_commerce_and_business,SP
14.63,65.9,152.72,0.2,561.0,0.22,auto,SP
12.4,99.9,6.65,0.97,9576.0,0.12,sports_leisure,PR
18.23,18.99,1003.71,0.25,9360.0,0.96,health_beauty,GO
9.1,129.9,14.1,0.63,9424.0,0.07,toys,SP
10.96,16.99,459.17,0.2,2052.0,0.64,housewares,MG
26.39,127.9,697.22,4.12,44100.0,0.21,baby,RJ
11.85,24.5,547.79,0.1,2304.0,0.48,consoles_games,SP
13.71,49.95,206.18,0.45,4275.0,0.27,bed_bath_table,SP
20.98,69.9,696.22,2.6,15000.0,0.3,furniture_decor,RS
9.34,29.9,87.67,0.1,1280.0,0.31,fashion_bags_accessories,SP
15.79,27.9,371.67,0.2,2340.0,0.57,computers_accessories,ES
25.45,359.0,86.4,7.65,2392.0,0.07,housewares,SP
28.0,559.9,273.63,10.35,27360.0,0.05,health_beauty,SP
14.52,17.99,807.55,0.6,7680.0,0.81,musical_instruments,MG
27.56,179.9,781.21,1.78,25088.0,0.15,auto,SP
17.07,110.32,484.89,0.15,990.0,0.16,health_beauty,MG
8.11,29.99,3.52,0.15,4096.0,0.27,fashion_bags_accessories,RS
20.17,139.99,569.29,1.92,7104.0,0.14,food,RJ
12.13,89.9,238.5,1.38,20000.0,0.14,bed_bath_table,SP
12.14,99.9,635.35,2.6,4232.0,0.12,construction_tools_construction,MG
35.16,199.9,397.36,3.7,16000.0,0.18,housewares,RJ
12.83,69.9,295.8,0.95,23625.0,0.18,bed_bath_table,SP
34.63,194.0,131.8,10.82,75600.0,0.18,housewares,SP
14.67,52.51,462.09,0.15,4080.0,0.28,sports_leisure,SP
14.1,49.9,839.27,0.55,704.0,0.28,stationery,RS
27.75,66.99,2370.26,0.35,2964.0,0.41,health_beauty,SP
22.34,89.9,850.64,1.87,15660.0,0.25,fashion_bags_accessories,MG
27.61,217.9,569.05,6.04,40964.0,0.13,toys,SC
52.97,120.0,2236.16,2.43,17280.0,0.44,sports_leisure,MA
27.3,49.9,728.05,1.25,19000.0,0.55,bed_bath_table,BA
37.34,40.5,19.51,1.95,23520.0,0.92,housewares,SP
26.38,219.9,1081.77,3.5,12600.0,0.12,bed_bath_table,GO
15.46,99.9,386.21,0.55,9600.0,0.16,luggage_accessories,RJ
18.23,18.9,525.65,0.1,1104.0,0.96,furniture_decor,SP
11.85,34.9,57.94,0.4,2288.0,0.34,housewares,SP
27.3,108.0,1526.87,1.0,7632.0,0.25,watches_gifts,BA
20.43,208.0,448.49,0.55,2880.0,0.1,health_beauty,MG
50.32,2170.0,613.88,7.4,44198.0,0.02,sports_leisure,GO
17.45,144.41,849.18,0.12,2304.0,0.12,cool_stuff,RJ
12.79,19.99,134.5,0.1,1040.0,0.64,sports_leisure,SP
18.94,119.9,301.16,0.3,4500.0,0.16,health_beauty,MG
14.61,122.99,903.74,0.4,3600.0,0.12,unknown,MS
12.29,88.0,511.38,0.21,2926.0,0.14,computers_accessories,SP
23.17,52.9,948.95,1.4,23625.0,0.44,bed_bath_table,RS
53.24,158.0,2274.31,3.6,27000.0,0.34,furniture_decor,RN
18.43,169.0,414.82,2.02,12144.0,0.11,auto,SP
9.37,79.99,14.57,1.81,37788.0,0.12,bed_bath_table,SP
69.81,45.9,826.07,0.8,8000.0,1.52,bed_bath_table,MG
15.1,30.0,673.67,1.6,5808.0,0.5,sports_leisure,RJ
6.31,59.9,689.6,1.75,32560.0,0.1,garden_tools,RJ
16.71,280.0,510.14,0.3,2340.0,0.06,telephony,RJ
15.1,49.0,560.59,0.3,3724.0,0.31,perfumery,MG
58.03,160.0,344.38,15.65,34816.0,0.36,construction_tools_construction,RJ
15.79,29.0,933.74,0.2,1936.0,0.54,cool_stuff,RJ
16.45,116.9,57.16,5.54,49062.0,0.14,toys,SP
13.85,69.9,91.69,0.95,11550.0,0.2,toys,SP
12.62,159.9,306.96,0.44,4480.0,0.08,watches_gifts,SP
14.66,49.9,418.76,0.65,13398.0,0.29,bed_bath_table,SP
21.22,104.53,602.81,1.45,9720.0,0.2,garden_tools,SP
8.29,23.7,100.17,0.15,6000.0,0.35,electronics,SP
7.78,29.0,50.79,0.2,640.0,0.27,watches_gifts,SP
15.79,19.99,799.23,0.2,3388.0,0.79,perfumery,PR
11.44,440.55,86.63,0.6,16356.0,0.03,sports_leisure,SP
13.38,134.9,316.5,0.46,3276.0,0.1,watches_gifts,SP
15.1,32.9,690.5,0.95,4125.0,0.46,home_appliances,GO
7.39,44.9,21.55,0.2,2640.0,0.16,toys,SP
18.63,197.0,644.46,2.95,31500.0,0.1,housewares,RJ
26.26,21.9,409.35,0.15,2800.0,1.2,electronics,SC
27.29,79.99,1495.89,2.86,33072.0,0.34,toys,BA
7.78,29.0,31.58,0.2,640.0,0.27,watches_gifts,SP
25.08,179.9,1029.86,3.0,13464.0,0.14,housewares,MS
9.45,23.48,424.92,0.17,3696.0,0.4,computers_accessories,MG
38.99,105.0,2344.67,0.55,960.0,0.37,sports_leisure,MA
13.37,41.8,123.75,1.24,19040.0,0.32,toys,SP
15.59,119.9,386.86,0.35,3200.0,0.13,health_beauty,SP
23.83,215.97,1932.58,4.1,42920.0,0.11,stationery,MA
37.04,20.9,1702.87,0.2,1280.0,1.77,auto,PE
16.05,31.5,1011.76,0.6,8100.0,0.51,furniture_decor,RJ
15.1,50.0,393.91,0.6,12000.0,0.3,auto,SC
22.28,49.99,1558.25,0.25,2080.0,0.45,housewares,MT
17.63,169.9,893.03,0.12,2304.0,0.1,cool_stuff,MG
7.39,9.9,84.51,0.2,3520.0,0.75,pet_shop,SP
16.41,219.0,841.9,0.72,3990.0,0.08,sports_leisure,RS
53.36,39.89,2437.8,0.32,3360.0,1.34,health_beauty,PA
7.78,53.99,27.88,0.2,3328.0,0.14,perfumery,SP
12.77,73.9,218.32,0.4,4050.0,0.17,sports_leisure,GO
93.45,349.9,511.46,19.6,101250.0,0.27,toys,MG
10.96,25.0,20.19,0.35,24300.0,0.44,garden_tools,SP
18.25,20.9,837.82,0.15,2604.0,0.87,computers_accessories,DF
15.3,59.99,806.34,12.05,57200.0,0.26,housewares,GO
15.1,48.9,440.04,2.85,20336.0,0.31,office_furniture,MG
15.1,27.3,268.62,0.3,352.0,0.55,fashion_bags_accessories,PR
17.6,49.9,592.76,1.8,32560.0,0.35,garden_tools,SC
15.8,150.0,405.48,0.2,2805.0,0.1,health_beauty,RJ
17.32,150.0,34.4,5.45,12696.0,0.12,construction_tools_construction,SP
7.78,21.99,46.26,0.15,836.0,0.35,telephony,SP
19.83,84.9,1559.25,0.8,8712.0,0.23,fashion_shoes,BA
4.77,40.0,217.55,0.05,612.0,0.12,fashion_bags_accessories,SP
7.78,49.99,49.36,0.2,640.0,0.16,fashion_bags_accessories,SP
33.62,32.9,545.63,13.9,86436.0,1.02,furniture_decor,SP
25.58,105.99,835.55,2.5,6776.0,0.24,garden_tools,MS
17.84,199.9,705.8,4.95,5103.0,0.09,construction_tools_construction,RJ
17.63,32.9,321.03,0.3,3000.0,0.54,housewares,RJ
23.6,239.0,747.87,0.21,3420.0,0.1,watches_gifts,PR
13.11,109.9,54.19,0.8,6552.0,0.12,housewares,SP
15.11,43.5,369.05,0.62,3549.0,0.35,consoles_games,RJ
15.18,60.9,544.33,0.17,3192.0,0.25,baby,SP
30.01,174.0,343.89,7.6,78400.0,0.17,housewares,SP
45.41,189.99,768.77,6.55,8000.0,0.24,computers_accessories,SC
9.06,122.99,114.3,0.4,3600.0,0.07,unknown,SP
17.08,119.0,335.25,1.35,8349.0,0.14,furniture_decor,SP
18.65,154.08,1522.07,0.82,12100.0,0.12,consoles_games,BA
9.94,74.89,84.93,0.21,3276.0,0.13,computers_accessories,SP
14.1,19.9,484.52,0.15,2700.0,0.71,telephony,MG
15.46,99.99,365.37,0.55,10648.0,0.16,unknown,SP
7.78,25.99,27.83,0.15,1152.0,0.3,telephony,SP
15.79,11.55,1323.32,0.18,3960.0,1.37,electronics,MT
9.63,210.0,107.57,0.38,3600.0,0.05,food,SP
19.25,144.9,1451.9,1.6,29785.0,0.13,bed_bath_table,BA
12.79,13.99,522.52,0.2,3750.0,0.91,health_beauty,SP
23.47,139.0,741.38,8.75,15625.0,0.17,air_conditioning,DF
5.03,18.9,507.78,0.15,6000.0,0.27,electronics,SC
20.89,119.99,1329.12,0.7,5700.0,0.17,health_beauty,BA
14.1,23.8,518.2,0.26,6720.0,0.59,sports_leisure,SP
17.81,79.9,455.18,0.2,25000.0,0.22,furniture_decor,SC
7.39,12.5,11.37,0.25,8211.0,0.59,health_beauty,SP
7.78,49.0,143.06,0.25,1672.0,0.16,housewares,SP
54.3,89.9,3035.08,0.5,3264.0,0.6,computers_accessories,PE
13.75,104.0,368.74,1.1,13068.0,0.13,sports_leisure,SP
10.91,44.9,188.0,0.4,600.0,0.24,bed_bath_table,SP
7.53,38.0,51.42,0.3,352.0,0.2,watches_gifts,SP
22.85,44.9,2339.69,0.35,1540.0,0.51,perfumery,MA
12.45,78.0,16.76,2.2,31500.0,0.16,furniture_decor,SP
21.46,170.0,1211.53,0.7,10080.0,0.13,telephony,RJ
19.53,47.9,463.51,0.65,2240.0,0.41,baby,SP
10.96,25.99,16.33,0.15,1672.0,0.42,telephony,SP
69.82,159.0,1905.8,7.3,44280.0,0.44,home_appliances_2,BA
18.7,159.9,152.84,7.9,18880.0,0.12,construction_tools_lights,SP
34.15,10.75,1897.06,0.45,3328.0,3.18,toys,CE
17.08,69.9,426.2,0.37,5120.0,0.24,health_beauty,SP
0.0,199.0,674.45,0.34,3510.0,0.0,watches_gifts,RJ
15.44,49.0,367.57,0.25,352.0,0.32,watches_gifts,RJ
33.12,139.9,2734.18,1.55,10080.0,0.24,sports_leisure,AM
18.23,29.0,595.11,0.08,5130.0,0.63,health_beauty,MG
13.08,29.5,10.29,1.87,7776.0,0.44,cool_stuff,SP
23.2,69.99,37.38,10.07,91520.0,0.33,office_furniture,SP
12.79,34.9,292.51,0.3,3648.0,0.37,sports_leisure,SP
14.47,54.9,495.96,1.85,23625.0,0.26,kitchen_dining_laundry_garden_furniture,SP
13.95,53.0,293.91,0.7,2560.0,0.26,bed_bath_table,SP
14.6,121.9,495.91,0.25,1452.0,0.12,garden_tools,MG
21.53,179.9,1210.01,0.72,4800.0,0.12,computers_accessories,MA
14.72,79.0,367.47,0.25,704.0,0.19,sports_leisure,MG
16.75,79.9,335.61,0.75,9900.0,0.21,furniture_decor,RJ
35.53,194.99,5.9,16.17,99200.0,0.18,office_furniture,SP
35.55,249.99,1810.24,1.0,2880.0,0.14,computers_accessories,AL
18.3,149.87,338.41,1.4,11830.0,0.12,computers_accessories,RJ
18.14,122.99,2455.95,0.4,3600.0,0.15,unknown,PA
15.23,29.99,830.45,0.35,816.0,0.51,telephony,RS
27.23,163.9,947.45,2.55,26500.0,0.17,housewares,SC
36.4,69.0,15.54,7.22,41200.0,0.53,industry_commerce_and_business,SP
50.5,89.99,1178.13,6.05,8000.0,0.56,garden_tools,BA
9.34,28.14,89.21,0.5,27000.0,0.33,housewares,SP
6.22,15.99,225.18,0.1,627.0,0.39,telephony,SP
16.25,69.9,545.48,0.8,37800.0,0.23,sports_leisure,SP
11.85,9.0,109.27,0.15,2800.0,1.32,electronics,SP
23.25,189.0,1054.09,0.3,4032.0,0.12,health_beauty,RJ
19.71,119.0,164.87,4.6,4032.0,0.17,electronics,SP
16.41,62.4,454.11,0.57,2964.0,0.26,health_beauty,MG
16.11,34.9,362.0,0.55,17328.0,0.46,watches_gifts,RJ
25.38,27.9,2374.34,0.3,3248.0,0.91,fashion_shoes,MA
15.14,55.0,733.33,0.35,640.0,0.28,watches_gifts,SC
9.44,89.99,82.83,0.25,3960.0,0.1,health_beauty,SP
22.95,274.92,1040.89,0.15,2023.0,0.08,construction_tools_safety,RJ
18.26,144.99,704.59,1.05,19008.0,0.13,cool_stuff,MG
46.3,349.9,2545.59,0.9,11400.0,0.13,health_beauty,CE
20.08,314.9,606.65,0.4,2860.0,0.06,telephony,RJ
20.14,129.0,1438.73,6.55,31920.0,0.16,stationery,BA
29.03,386.75,775.95,8.3,30000.0,0.08,home_construction,SP
17.06,39.9,931.03,0.3,1680.0,0.43,sports_leisure,GO
16.83,231.27,531.12,4.34,2856.0,0.07,watches_gifts,MG
13.31,99.9,351.24,2.5,12000.0,0.13,furniture_decor,SP
16.97,56.8,676.91,1.05,4158.0,0.3,fashion_shoes,RJ
15.23,25.0,481.77,0.1,1344.0,0.61,computers_accessories,MG
14.48,75.0,483.5,2.55,31500.0,0.19,furniture_decor,MG
13.08,29.5,17.11,1.87,7776.0,0.44,cool_stuff,SP
14.25,69.9,360.16,0.4,5376.0,0.2,sports_leisure,SP
17.06,329.0,358.17,0.46,4320.0,0.05,perfumery,PR
14.1,26.99,807.82,0.55,1056.0,0.52,luggage_accessories,GO
27.59,190.0,2051.71,1.3,11250.0,0.14,audio,PI
8.29,58.67,17.14,1.4,5445.0,0.14,bed_bath_table,SP
15.25,70.9,372.07,0.3,2040.0,0.22,toys,RJ
65.54,449.9,209.12,18.5,218295.0,0.15,cool_stuff,SP
16.11,33.9,496.39,0.61,8190.0,0.48,costruction_tools_garden,RJ
17.63,169.9,884.72,0.14,4312.0,0.1,computers_accessories,RJ
12.15,699.9,107.75,0.4,1936.0,0.02,watches_gifts,SP
24.62,69.9,2352.17,0.9,5040.0,0.35,small_appliances,MA
11.73,12.99,44.93,1.2,12800.0,0.9,furniture_decor,SP
18.51,89.8,422.25,0.17,2808.0,0.21,computers_accessories,MG
38.36,429.0,2833.88,2.87,19684.0,0.09,cool_stuff,MA
16.32,24.9,393.77,0.15,1584.0,0.66,fashion_bags_accessories,RJ
15.1,43.9,617.12,0.15,1944.0,0.34,health_beauty,RJ
14.34,84.99,361.86,0.9,6732.0,0.17,health_beauty,RJ
14.48,56.99,347.61,0.4,3960.0,0.25,perfumery,RJ
15.17,59.9,166.1,0.42,1638.0,0.25,sports_leisure,RJ
15.1,17.5,625.01,0.26,5700.0,0.86,computers_accessories,PR
16.92,39.7,687.87,0.8,8000.0,0.43,garden_tools,RJ
7.39,13.65,95.34,0.15,3872.0,0.54,electronics,SP
14.68,52.9,237.21,1.2,15444.0,0.28,bed_bath_table,SP
45.99,99.0,312.01,9.0,19656.0,0.46,garden_tools,BA
14.13,54.0,487.35,0.7,32000.0,0.26,furniture_decor,MG
15.15,139.9,399.7,8.88,24080.0,0.11,garden_tools,RJ
19.15,150.0,697.54,0.3,3564.0,0.13,health_beauty,DF
19.09,173.0,620.69,6.66,2431.0,0.11,audio,DF
7.47,29.99,79.75,0.15,1904.0,0.25,telephony,SP
9.78,203.0,41.21,0.52,3264.0,0.05,air_conditioning,SP
56.01,150.0,829.41,4.0,31500.0,0.37,furniture_decor,RS
7.78,27.99,9.06,0.3,816.0,0.28,telephony,SP
8.3,149.0,15.15,0.3,640.0,0.06,watches_gifts,SP
15.93,117.87,371.0,0.3,2464.0,0.14,watches_gifts,SP
19.0,68.99,1845.68,3.62,28652.0,0.28,toys,BA
10.96,11.9,132.33,0.2,1911.0,0.92,perfumery,SP
13.77,26.9,403.12,0.35,7220.0,0.51,housewares,SP
15.1,9.73,469.7,0.49,2904.0,1.55,housewares,MG
16.96,74.9,911.24,0.18,2210.0,0.23,computers_accessories,MG
11.97,67.5,295.77,0.6,2560.0,0.18,bed_bath_table,SP
8.5,49.0,22.28,0.4,640.0,0.17,watches_gifts,SP
21.89,349.9,855.4,0.9,11400.0,0.06,health_beauty,MG
22.39,219.0,938.24,0.74,7410.0,0.1,computers_accessories,DF
19.27,199.0,825.17,4.05,13800.0,0.1,bed_bath_table,SC
10.96,47.99,407.2,0.25,2640.0,0.23,health_beauty,SP
7.78,34.9,17.42,0.15,2240.0,0.22,toys,SP
62.49,249.9,462.16,14.6,56448.0,0.25,furniture_decor,SP
22.85,13.65,2315.65,0.2,2800.0,1.67,electronics,RN
17.88,89.9,436.33,1.65,3080.0,0.2,bed_bath_table,RJ
112.44,99.9,794.72,1.4,3312.0,1.13,bed_bath_table,MG
16.96,55.9,811.54,0.7,4608.0,0.3,health_beauty,PR
17.77,69.99,2315.62,0.5,4140.0,0.25,baby,CE
14.19,249.9,177.55,0.5,4913.0,0.06,sports_leisure,SP
10.96,20.0,96.02,0.1,2560.0,0.55,bed_bath_table,SP
8.72,41.9,29.92,0.5,2700.0,0.21,computers_accessories,SP
21.18,152.0,784.96,0.2,2805.0,0.14,health_beauty,MT
27.07,109.99,534.94,2.3,12920.0,0.25,baby,RJ
14.1,9.0,367.04,0.15,2800.0,1.57,electronics,RJ
12.6,30.0,388.07,0.5,8000.0,0.42,sports_leisure,SC
13.46,53.9,404.7,1.5,19800.0,0.25,garden_tools,SP
8.88,59.99,108.55,0.5,8100.0,0.15,sports_leisure,SP
63.65,795.0,494.15,9.05,51975.0,0.08,small_appliances_home_oven_and_coffee,SP
25.38,28.9,1647.73,0.15,880.0,0.88,computers_accessories,PI
15.11,38.4,315.42,0.85,10000.0,0.39,furniture_decor,RJ
18.64,199.0,457.83,1.95,27588.0,0.09,cool_stuff,SC
16.71,143.8,119.44,5.95,46475.0,0.12,auto,SP
15.56,12.99,300.22,2.8,12800.0,1.2,furniture_decor,MG
17.66,59.0,578.92,1.65,19800.0,0.3,garden_tools,MG
26.43,35.0,622.51,0.65,14000.0,0.76,furniture_decor,MG
19.39,59.9,566.69,0.75,8349.0,0.32,furniture_decor,RS
22.03,399.0,1024.58,1.45,13824.0,0.06,small_appliances,SP
19.63,249.99,260.54,0.37,12789.0,0.08,toys,MG
17.45,144.0,910.57,0.27,4096.0,0.12,computers_accessories,MG
8.88,34.9,57.75,0.45,2400.0,0.25,bed_bath_table,SP
19.19,158.99,179.22,3.45,15375.0,0.12,furniture_decor,SP
6.4,65.0,55.91,3.25,30000.0,0.1,housewares,SP
13.54,74.8,149.82,3.01,46080.0,0.18,toys,SP
46.77,210.0,1090.77,9.25,8040.0,0.22,auto,MG
14.86,119.9,9.59,2.56,44880.0,0.12,bed_bath_table,SP
16.17,59.0,770.23,0.7,13200.0,0.27,furniture_decor,RJ
22.8,149.99,600.59,0.48,22050.0,0.15,sports_leisure,MG
54.48,115.0,2464.2,0.45,8000.0,0.47,books_general_interest,CE
8.72,79.99,137.71,0.45,1280.0,0.11,computers_accessories,SP
48.38,245.0,1204.8,2.6,18000.0,0.2,sports_leisure,ES
18.23,29.99,466.82,0.35,816.0,0.61,telephony,PR
13.08,75.0,26.85,2.6,15000.0,0.17,furniture_decor,SP
5.4,64.9,444.82,0.22,8000.0,0.08,sports_leisure,SC
20.8,865.0,791.73,0.36,3150.0,0.02,telephony,RJ
30.05,34.99,869.9,1.8,40950.0,0.86,market_place,DF
19.81,185.0,236.58,1.15,6600.0,0.11,unknown,SC
15.1,24.9,938.91,0.1,1188.0,0.61,telephony,MG
7.78,32.99,23.33,0.15,2240.0,0.24,toys,SP
18.42,76.9,738.65,0.2,2805.0,0.24,sports_leisure,RS
16.05,16.9,865.24,0.41,3276.0,0.95,furniture_decor,RJ
19.85,249.9,408.36,0.3,1936.0,0.08,watches_gifts,MG
38.39,119.9,2213.91,1.9,4374.0,0.32,health_beauty,MA
21.39,128.7,279.45,2.15,13104.0,0.17,sports_leisure,SP
8.72,67.9,824.17,0.5,6000.0,0.13,sports_leisure,SP
18.35,35.9,804.03,0.3,2816.0,0.51,health_beauty,SP
33.99,219.99,1682.51,1.85,15750.0,0.16,cool_stuff,TO
86.98,259.9,622.1,22.35,125504.0,0.34,luggage_accessories,MG
12.79,12.9,529.83,0.38,3744.0,0.99,housewares,SP
15.1,18.9,572.92,0.2,2816.0,0.8,computers_accessories,SP
36.04,129.9,552.27,4.75,8000.0,0.28,sports_leisure,RJ
28.67,259.99,2468.43,2.55,22707.0,0.11,sports_leisure,PA
22.06,27.9,1432.58,0.05,2550.0,0.79,auto,BA
0.0,69.9,832.16,2.6,15000.0,0.0,furniture_decor,RS
15.1,36.85,787.08,0.65,10500.0,0.41,art,SP
14.67,235.0,612.75,0.5,3200.0,0.06,perfumery,SP
16.26,89.9,302.69,1.38,20000.0,0.18,bed_bath_table,SP
22.55,69.99,1211.29,1.4,4590.0,0.32,health_beauty,BA
17.73,64.02,1223.08,0.1,1920.0,0.28,auto,BA
13.81,89.49,256.63,0.21,2926.0,0.15,computers_accessories,RJ
17.66,104.9,1085.41,0.1,2048.0,0.17,electronics,RJ
15.66,129.9,480.7,0.15,2560.0,0.12,sports_leisure,RJ
9.34,69.99,68.18,0.55,35475.0,0.13,baby,SP
18.63,43.74,634.23,3.5,51200.0,0.43,housewares,SP
9.3,78.0,53.96,0.55,9375.0,0.12,construction_tools_construction,SP
48.29,225.9,277.16,18.8,125000.0,0.21,kitchen_dining_laundry_garden_furniture,SP
17.92,21.99,1022.02,0.7,10140.0,0.82,toys,GO
70.56,1499.65,2408.81,0.5,1728.0,0.05,health_beauty,PA
21.22,59.9,1989.1,1.0,45288.0,0.35,sports_leisure,PI
15.9,33.02,53.15,1.8,10920.0,0.48,unknown,MG
18.52,59.9,79.76,0.55,7072.0,0.31,furniture_decor,MG
35.88,82.99,56.07,5.3,31500.0,0.43,health_beauty,SP
34.15,8.99,1765.73,0.45,5250.0,3.8,consoles_games,PA
10.04,325.0,41.29,0.4,2992.0,0.03,health_beauty,SP
21.85,149.99,1945.69,0.35,15625.0,0.15,auto,AL
45.71,179.0,418.4,7.65,8000.0,0.26,garden_tools,SP
22.24,75.0,1517.5,0.9,12250.0,0.3,furniture_decor,BA
17.92,32.99,1281.95,0.85,10000.0,0.54,furniture_decor,BA
15.27,74.9,689.61,0.3,2816.0,0.2,musical_instruments,SP
22.18,36.2,1786.8,0.15,2304.0,0.61,consoles_games,BA
21.88,198.8,498.91,13.7,14000.0,0.11,auto,MG
9.71,99.99,20.97,1.55,13950.0,0.1,toys,RJ
15.87,109.9,493.1,0.32,3780.0,0.14,perfumery,SP
13.75,89.7,417.89,0.51,5130.0,0.15,pet_shop,MG
12.79,13.65,169.5,0.18,3630.0,0.94,electronics,SP
7.78,13.99,23.91,0.05,880.0,0.56,perfumery,SP
10.08,149.9,105.11,1.7,7616.0,0.07,bed_bath_table,SP
16.99,79.0,1063.2,0.25,2816.0,0.22,health_beauty,MG
20.59,200.0,431.89,0.7,6750.0,0.1,computers_accessories,SP
17.2,38.89,880.56,0.15,3600.0,0.44,garden_tools,SP
17.19,64.5,159.77,1.7,6450.0,0.27,furniture_decor,SP
11.85,32.64,203.97,1.5,49500.0,0.36,pet_shop,SP
20.81,116.99,357.4,13.39,71064.0,0.18,office_furniture,SP
23.11,64.9,4.89,12.8,67200.0,0.36,housewares,SP
8.88,39.0,51.74,0.49,5760.0,0.23,housewares,SP
7.39,19.0,30.01,0.08,2280.0,0.39,computers_accessories,SP
9.21,65.9,142.88,0.5,7500.0,0.14,sports_leisure,SP
16.16,199.99,350.1,0.73,8932.0,0.08,toys,MG
13.75,120.0,83.2,16.55,57200.0,0.12,housewares,SP
4.33,95.2,605.32,0.75,5940.0,0.04,construction_tools_construction,MS
11.73,59.9,21.36,1.75,2240.0,0.2,cool_stuff,SP
9.15,56.99,7.54,0.95,7560.0,0.16,computers_accessories,SP
12.69,49.9,55.75,0.55,1920.0,0.25,sports_leisure,SP
24.84,18.99,1951.2,0.1,627.0,1.31,telephony,MA
22.93,39.99,328.87,1.2,4784.0,0.57,food_drink,MG
45.66,139.9,1890.89,18.4,46800.0,0.33,electronics,CE
20.08,85.0,368.44,3.1,32760.0,0.24,housewares,RJ
9.34,34.9,35.67,0.8,11571.0,0.27,housewares,RJ
13.1,74.99,106.69,1.3,30000.0,0.18,sports_leisure,SP
15.1,14.9,477.86,0.1,720.0,1.01,health_beauty,SC
0.0,99.9,293.09,0.58,2288.0,0.0,watches_gifts,SP
18.74,35.0,893.33,0.45,14000.0,0.54,furniture_decor,MS
8.37,89.49,68.75,0.2,5832.0,0.09,sports_leisure,SP
13.37,38.89,153.92,0.89,10500.0,0.34,toys,SP
11.73,12.99,29.69,1.2,12800.0,0.9,furniture_decor,SP
13.08,28.99,77.27,2.6,18600.0,0.45,furniture_decor,SP
19.39,59.9,710.18,0.5,7072.0,0.32,furniture_decor,SC
16.5,124.9,307.04,9.8,58500.0,0.13,bed_bath_table,SP
17.8,79.0,359.77,7.0,36000.0,0.22,stationery,PR
14.04,229.0,186.43,0.5,4116.0,0.06,watches_gifts,SP
16.43,190.0,774.94,0.85,8712.0,0.09,books_general_interest,ES
7.4,19.9,24.53,0.1,1936.0,0.37,housewares,SP
44.64,119.99,335.18,6.55,8000.0,0.37,computers_accessories,RJ
38.46,129.9,1100.54,1.25,10920.0,0.3,perfumery,MG
18.13,18.99,417.48,0.48,1440.0,0.96,sports_leisure,RJ
16.52,108.0,824.75,1.28,20250.0,0.15,auto,ES
12.61,68.9,538.55,0.15,2912.0,0.18,computers_accessories,SP
23.36,79.9,1163.57,1.15,11352.0,0.29,bed_bath_table,RS
8.07,49.0,322.26,0.25,352.0,0.16,fashion_bags_accessories,PR
8.72,19.9,43.57,0.25,11475.0,0.44,stationery,SP
14.52,50.0,796.69,1.7,3703.0,0.29,furniture_decor,DF
15.62,124.9,448.45,0.3,1936.0,0.12,watches_gifts,SC
16.32,45.0,823.89,0.8,8736.0,0.36,sports_leisure,GO
15.31,79.99,507.5,2.2,23265.0,0.19,cool_stuff,RJ
25.57,105.0,696.69,2.8,24000.0,0.24,computers_accessories,SP
13.44,59.5,276.27,1.72,32076.0,0.23,baby,SP
38.41,19.45,1588.38,1.3,8000.0,1.98,drinks,ES
16.11,7.5,672.51,0.3,6000.0,2.15,stationery,MG
67.77,199.9,602.46,9.28,85860.0,0.34,office_furniture,SC
11.15,65.0,4.32,0.7,8736.0,0.17,sports_leisure,SP
18.58,189.9,383.8,1.18,12958.0,0.1,sports_leisure,SC
0.0,110.0,408.4,0.58,2288.0,0.0,watches_gifts,MG
29.82,185.9,642.33,8.98,48960.0,0.16,toys,RJ
18.23,49.99,554.78,0.5,3808.0,0.36,art,RJ
18.36,157.9,792.73,1.65,21312.0,0.12,fashion_shoes,MG
124.74,249.99,1105.61,4.0,158400.0,0.5,bed_bath_table,RJ
11.15,17.53,73.21,1.2,20625.0,0.64,portateis_cozinha_e_preparadores_de_alimentos,SP
17.92,20.0,1407.44,0.6,5400.0,0.9,toys,RS
37.21,99.9,488.64,2.85,4500.0,0.37,housewares,RJ
23.28,68.9,421.41,1.04,25256.0,0.34,housewares,SC
24.26,537.99,454.14,2.9,10335.0,0.04,housewares,RS
9.94,17.0,68.75,0.48,3332.0,0.58,sports_leisure,SP
15.1,44.9,807.39,0.4,600.0,0.34,bed_bath_table,ES
11.15,45.9,6.01,9.15,54880.0,0.24,pet_shop,SP
7.78,15.9,12.99,0.42,3276.0,0.49,sports_leisure,SP
27.67,134.99,1065.04,1.55,16000.0,0.2,sports_leisure,RJ
15.1,39.92,410.41,0.11,3264.0,0.38,construction_tools_construction,GO
24.84,38.86,2473.34,0.2,3840.0,0.64,musical_instruments,PA
17.21,66.99,590.61,1.8,15960.0,0.26,toys,ES
15.78,139.0,511.24,1.4,13932.0,0.11,housewares,MG
26.4,160.0,1158.22,0.2,2805.0,0.16,health_beauty,TO
13.47,18.9,440.11,0.12,4914.0,0.71,electronics,SP
19.0,128.9,912.15,0.2,2873.0,0.15,watches_gifts,RS
13.08,59.49,289.35,0.15,704.0,0.22,auto,SP
19.21,189.9,240.97,0.2,3003.0,0.1,telephony,MG
27.05,138.5,583.25,2.15,13104.0,0.2,sports_leisure,SC
16.12,194.99,1.46,2.05,12320.0,0.08,sports_leisure,SP
19.59,89.17,663.63,1.0,10260.0,0.22,unknown,SP
12.86,209.99,304.13,0.97,6840.0,0.06,sports_leisure,SP
7.58,44.99,128.76,0.2,1600.0,0.17,furniture_decor,SP
12.94,39.99,290.11,0.35,3800.0,0.32,bed_bath_table,SP
11.43,57.89,21.18,0.95,1827.0,0.2,books_technical,SP
11.76,79.9,59.59,1.4,15600.0,0.15,bed_bath_table,SP
53.75,199.99,1880.54,1.2,5700.0,0.27,health_beauty,ES
18.12,24.99,466.3,1.45,4400.0,0.72,health_beauty,MG
18.66,80.38,761.35,0.34,7106.0,0.23,baby,RS
17.63,53.9,806.52,1.8,32560.0,0.33,garden_tools,MG
20.3,579.0,334.86,2.24,29160.0,0.04,toys,PR
8.88,35.0,22.37,0.75,14000.0,0.25,furniture_decor,SP
16.92,45.9,1317.43,0.8,8000.0,0.37,bed_bath_table,MT
8.72,56.99,38.63,0.25,3360.0,0.15,perfumery,SP
20.8,24.0,1342.43,0.4,2880.0,0.87,home_appliances,BA
8.27,43.0,2.35,0.17,2816.0,0.19,computers_accessories,SP
9.34,54.9,29.16,1.1,10500.0,0.17,housewares,SP
16.89,99.99,405.12,0.98,18375.0,0.17,furniture_decor,RJ
15.1,19.9,546.65,0.25,2560.0,0.76,bed_bath_table,MG
12.4,99.9,106.35,1.9,6851.0,0.12,garden_tools,PR
14.1,39.9,493.07,0.3,1760.0,0.35,bed_bath_table,SP
15.91,99.9,444.34,0.7,8000.0,0.16,fashion_male_clothing,SP
20.08,198.0,2088.01,8.55,16146.0,0.1,electronics,PE
7.9,45.9,127.3,0.15,768.0,0.17,pet_shop,SP
14.1,35.39,474.14,0.35,3192.0,0.4,baby,MG
27.9,309.0,2681.03,0.6,11400.0,0.09,sports_leisure,PA
15.12,31.5,839.9,0.2,352.0,0.48,fashion_bags_accessories,RS
25.22,110.0,1356.16,2.2,40000.0,0.23,pet_shop,RS
6.1,39.9,115.1,0.35,7865.0,0.15,baby,SP
8.87,179.0,217.29,7.65,8000.0,0.05,garden_tools,MG
18.26,22.9,781.57,0.4,4800.0,0.8,bed_bath_table,MG
22.59,215.0,325.42,5.2,25160.0,0.1,cool_stuff,RJ
14.52,49.0,527.57,0.25,352.0,0.3,fashion_bags_accessories,RJ
34.22,97.0,354.93,2.35,21120.0,0.35,home_appliances,RJ
18.78,79.0,185.46,2.4,27000.0,0.24,bed_bath_table,PR
0.14,21.15,157.39,5.5,32768.0,0.01,housewares,SP
38.16,179.0,2258.72,0.45,2760.0,0.21,perfumery,CE
16.63,125.0,629.97,0.4,2205.0,0.13,stationery,GO
149.06,460.0,922.14,30.0,187200.0,0.32,furniture_living_room,SC
17.0,79.99,1304.49,0.35,4752.0,0.21,perfumery,BA
7.39,15.9,38.29,0.1,2112.0,0.46,cine_photo,SP
14.52,35.0,564.03,0.4,3850.0,0.42,stationery,MG
21.05,79.9,703.89,2.3,22302.0,0.26,housewares,RJ
18.71,64.99,2828.07,0.35,2964.0,0.29,health_beauty,SC
15.28,215.9,67.87,2.05,5000.0,0.07,watches_gifts,SP
19.76,510.0,350.31,0.45,10580.0,0.04,watches_gifts,RJ
14.37,109.9,48.61,1.4,27000.0,0.13,auto,SP
8.3,149.0,47.9,0.35,704.0,0.06,unknown,SP
25.63,13.65,1916.7,0.18,3630.0,1.88,electronics,PE
19.14,180.0,323.3,0.18,8000.0,0.11,computers_accessories,MG
14.2,64.9,861.28,0.25,1232.0,0.22,baby,RS
9.44,27.5,79.36,0.7,10032.0,0.34,bed_bath_table,SP
19.84,29.5,749.21,1.87,7776.0,0.67,cool_stuff,ES
15.1,24.5,663.51,0.1,2304.0,0.62,consoles_games,SC
15.1,18.9,718.43,0.05,528.0,0.8,telephony,SC
17.6,14.28,575.83,0.8,36000.0,1.23,housewares,SP
28.07,249.99,355.56,5.0,24864.0,0.11,bed_bath_table,MG
7.39,53.79,99.73,1.11,3762.0,0.14,health_beauty,SP
7.44,25.0,10.12,0.15,627.0,0.3,telephony,SP
15.23,66.9,840.4,0.7,6250.0,0.23,baby,SP
33.35,129.0,1243.92,0.4,2772.0,0.26,watches_gifts,TO
35.35,104.99,2509.09,6.13,73920.0,0.34,toys,RO
16.95,99.99,339.23,0.7,12650.0,0.17,toys,SP
23.8,699.0,2372.22,0.25,2112.0,0.03,watches_gifts,CE
8.72,49.0,23.71,0.35,2700.0,0.18,watches_gifts,SP
32.96,67.9,334.51,3.3,48000.0,0.48,kitchen_dining_laundry_garden_furniture,RJ
9.44,98.0,37.18,3.3,12167.0,0.1,health_beauty,SP
11.72,99.98,97.58,1.55,2560.0,0.12,sports_leisure,SP
44.86,112.0,727.24,8.88,24080.0,0.4,garden_tools,SP
37.21,129.9,1086.04,2.5,22050.0,0.29,furniture_decor,RJ
7.78,19.99,30.51,0.1,4500.0,0.39,health_beauty,SP
293.27,999.99,1266.43,28.45,170625.0,0.29,sports_leisure,TO
18.99,169.9,338.74,1.18,12958.0,0.11,sports_leisure,SP
8.72,80.49,18.19,0.33,4800.0,0.11,food,SP
27.26,289.9,138.88,3.3,72000.0,0.09,fashion_bags_accessories,SP
15.1,19.99,564.18,0.1,2560.0,0.76,bed_bath_table,MG
23.84,149.0,232.93,6.55,8000.0,0.16,computers_accessories,MG
17.19,48.9,936.37,0.9,23625.0,0.35,bed_bath_table,RS
12.16,94.35,360.79,0.95,20250.0,0.13,bed_bath_table,SP
22.02,174.33,1475.66,0.45,15428.0,0.13,luggage_accessories,MA
17.37,159.9,351.89,1.12,17280.0,0.11,sports_leisure,RJ
23.95,164.9,530.66,2.5,13200.0,0.14,housewares,MG
18.09,119.9,620.53,2.52,30624.0,0.15,furniture_decor,SP
10.99,54.9,333.97,0.45,38352.0,0.2,luggage_accessories,MG
16.24,49.0,364.16,0.83,3876.0,0.33,computers_accessories,MG
41.09,99.99,1092.82,8.45,42400.0,0.41,office_furniture,RS
1.05,8.9,369.99,0.21,2618.0,0.12,perfumery,MG
15.1,49.0,746.49,0.25,1512.0,0.31,telephony,ES
17.32,58.99,300.33,1.55,29925.0,0.29,bed_bath_table,SP
9.34,40.0,120.48,0.62,11475.0,0.23,electronics,SP
14.1,12.9,333.79,0.6,3600.0,1.09,furniture_decor,RJ
11.35,103.12,17.37,0.85,4950.0,0.11,garden_tools,SP
15.1,13.65,559.96,0.15,2800.0,1.11,electronics,RJ
22.87,21.89,1662.02,1.08,1701.0,1.04,electronics,PE
19.5,89.9,947.5,1.38,20000.0,0.22,bed_bath_table,RS
55.25,389.0,894.4,2.65,80000.0,0.14,home_construction,MS
39.99,385.0,1101.9,5.68,40500.0,0.1,garden_tools,RS
27.33,169.99,2348.35,3.35,49600.0,0.16,fashion_bags_accessories,CE
18.59,69.9,799.38,0.12,6080.0,0.27,health_beauty,MG
13.87,49.0,72.05,0.25,352.0,0.28,watches_gifts,SP
12.79,24.99,176.85,0.35,816.0,0.51,telephony,SP
12.43,69.9,2.31,2.6,15000.0,0.18,furniture_decor,SP
23.06,37.19,483.11,1.2,3700.0,0.62,home_appliances,MG
23.64,119.85,410.9,1.05,5120.0,0.2,home_construction,SC
14.59,39.0,300.63,0.1,5120.0,0.37,cool_stuff,RJ
12.99,110.32,435.03,0.15,990.0,0.12,health_beauty,MG
18.31,29.99,611.03,0.3,816.0,0.61,telephony,SC
7.39,45.0,12.02,0.2,4096.0,0.16,construction_tools_lights,SP
15.23,40.0,488.44,1.15,28175.0,0.38,furniture_decor,SC
15.1,9.0,559.61,0.5,5250.0,1.68,consoles_games,SP
8.88,39.99,23.0,6.05,36000.0,0.22,housewares,SP
12.08,124.99,15.38,4.4,10000.0,0.1,auto,SP
23.18,87.12,1340.18,0.8,4845.0,0.27,health_beauty,SP
17.97,119.9,299.45,2.2,24000.0,0.15,bed_bath_table,SP
11.85,12.98,125.16,0.28,864.0,0.91,telephony,SP
10.96,109.9,85.42,3.3,45000.0,0.1,housewares,SP
16.11,44.9,541.57,0.6,6000.0,0.36,bed_bath_table,MG
26.89,24.9,2158.37,0.3,17160.0,1.08,unknown,PE
17.63,29.0,2372.98,0.2,352.0,0.61,watches_gifts,CE
14.46,102.0,825.33,0.8,3094.0,0.14,fixed_telephony,RS
8.72,23.9,14.73,0.22,6300.0,0.36,health_beauty,SP
19.59,49.9,1457.32,1.55,19800.0,0.39,garden_tools,BA
15.1,8.99,700.74,0.45,5250.0,1.68,consoles_games,RJ
28.01,1680.0,345.49,0.75,4096.0,0.02,fixed_telephony,RJ
44.58,84.2,561.32,4.27,39468.0,0.53,toys,MT
64.32,329.0,2032.02,2.5,10200.0,0.2,toys,PI
15.56,49.9,533.51,1.3,11200.0,0.31,furniture_decor,MG
8.88,59.0,95.59,1.27,9261.0,0.15,health_beauty,SP
13.54,59.99,502.54,0.3,5000.0,0.23,computers_accessories,MG
15.38,89.9,656.72,0.5,4290.0,0.17,unknown,SP
21.95,550.0,596.94,0.53,3990.0,0.04,audio,RJ
8.3,79.43,90.77,0.28,4200.0,0.1,computers_accessories,SP
18.23,35.9,1035.29,0.15,2016.0,0.51,housewares,RS
19.05,138.9,384.82,3.25,19200.0,0.14,costruction_tools_garden,SP
16.11,49.9,763.59,0.6,4913.0,0.32,furniture_decor,MG
14.66,175.99,337.62,0.6,352.0,0.08,watches_gifts,SP
15.2,29.9,379.07,1.3,8800.0,0.51,sports_leisure,MG
105.14,1332.5,1120.53,7.35,87768.0,0.08,auto,RS
15.1,7.0,447.35,0.15,4275.0,2.16,telephony,SC
14.52,18.9,736.07,0.3,3564.0,0.77,computers_accessories,SC
7.39,16.99,15.84,0.25,1235.0,0.44,computers_accessories,SP
26.7,57.7,593.49,2.45,4800.0,0.46,construction_tools_construction,RJ
12.82,54.99,460.62,0.4,3960.0,0.23,perfumery,SP
21.06,81.8,436.4,1.82,2912.0,0.26,watches_gifts,SP
27.13,149.9,977.4,1.85,21204.0,0.18,baby,RS
14.1,14.49,471.99,0.16,2431.0,0.97,cool_stuff,MG
16.91,67.0,1648.45,0.41,3600.0,0.25,consoles_games,BA
8.88,59.99,29.28,0.95,17500.0,0.15,health_beauty,SP
24.7,39.9,545.84,1.15,8400.0,0.62,furniture_decor,MG
44.11,2690.0,2281.53,6.3,36750.0,0.02,small_appliances,CE
27.75,173.42,2047.07,0.5,5632.0,0.16,perfumery,CE
15.11,39.9,350.59,0.28,2210.0,0.38,computers_accessories,RJ
19.04,47.65,2424.92,1.11,3762.0,0.4,health_beauty,PA
10.96,13.9,79.28,0.55,8400.0,0.79,food_drink,SP
22.99,499.9,342.03,5.5,32994.0,0.05,pet_shop,SP
22.53,349.9,405.24,4.4,25155.0,0.06,bed_bath_table,MG
18.28,99.99,895.53,1.2,15750.0,0.18,cool_stuff,MS
12.06,79.9,119.74,0.42,12150.0,0.15,toys,SP
17.53,112.99,6.11,8.45,42400.0,0.16,office_furniture,SP
27.38,299.99,613.74,0.3,2415.0,0.09,telephony,PI
11.73,32.64,86.98,1.5,49500.0,0.36,pet_shop,SP
15.1,22.5,877.05,0.15,1680.0,0.67,sports_leisure,MS
15.48,54.0,360.24,0.25,640.0,0.29,watches_gifts,RJ
14.56,99.0,1.99,3.3,15660.0,0.15,housewares,DF
17.67,59.9,448.83,1.75,32560.0,0.3,garden_tools,PR
17.59,249.9,498.66,0.61,4928.0,0.07,perfumery,SP
9.34,34.9,35.67,0.8,11571.0,0.27,housewares,RJ
19.69,348.88,431.14,2.0,352.0,0.06,watches_gifts,SP
8.92,24.5,96.3,0.75,2112.0,0.36,health_beauty,SP
8.58,189.99,123.22,0.3,2430.0,0.04,unknown,SP
44.93,134.17,351.83,10.4,43560.0,0.34,baby,RJ
18.31,30.5,458.01,0.2,2464.0,0.6,perfumery,SP
18.41,43.89,809.97,0.15,1200.0,0.42,computers_accessories,MG
13.44,59.9,117.63,1.8,32560.0,0.22,garden_tools,SP
16.18,79.0,113.52,4.9,28512.0,0.2,housewares,SP
15.22,45.99,655.63,0.16,1768.0,0.33,consoles_games,MG
15.83,75.0,10.31,2.55,31500.0,0.21,furniture_decor,SP
14.79,99.9,343.62,1.0,13500.0,0.15,sports_leisure,SP
15.1,49.95,616.31,0.35,4275.0,0.3,bed_bath_table,MS
21.15,94.9,807.63,2.1,10816.0,0.22,office_furniture,RS
25.81,139.0,236.28,9.85,58621.0,0.19,housewares,SP
10.29,299.99,8.35,0.84,8232.0,0.03,health_beauty,SP
19.49,169.9,532.38,3.3,20615.0,0.12,bed_bath_table,SP
7.48,30.95,2.14,0.2,1760.0,0.24,stationery,SP
16.96,410.0,472.22,2.6,27115.0,0.04,costruction_tools_garden,SP
14.52,19.9,329.98,0.22,1344.0,0.73,perfumery,SC
23.77,128.7,775.22,2.15,13104.0,0.18,sports_leisure,SC
15.47,89.0,142.25,1.05,8000.0,0.17,small_appliances,SP
9.54,56.5,53.13,0.8,9152.0,0.17,sports_leisure,RJ
7.87,12.88,50.79,0.18,2304.0,0.61,computers_accessories,SP
26.61,39.9,2257.64,1.15,18480.0,0.67,garden_tools,MA
20.8,176.9,1353.11,10.9,68800.0,0.12,housewares,RS
12.19,99.9,152.24,1.05,14440.0,0.12,bed_bath_table,SP
13.22,95.15,27.58,11.35,51170.0,0.14,housewares,SP
10.96,39.9,13.83,0.3,3744.0,0.28,books_general_interest,SP
42.11,1799.0,25.48,14.25,86100.0,0.02,housewares,SP
26.75,95.0,669.89,2.65,15872.0,0.28,bed_bath_table,ES
13.51,24.9,536.81,0.1,1122.0,0.54,electronics,SP
28.01,1680.0,345.49,0.75,4096.0,0.02,fixed_telephony,RJ
8.72,75.0,21.89,0.4,4500.0,0.12,computers_accessories,SP
33.28,119.0,1054.84,4.4,19440.0,0.28,industry_commerce_and_business,MG
25.63,49.9,1058.8,0.35,3640.0,0.51,bed_bath_table,MG
15.01,200.0,30.04,9.75,12600.0,0.08,bed_bath_table,SP
35.85,69.9,2709.07,2.6,15000.0,0.51,furniture_decor,AC
22.2,38.9,1101.39,0.3,2520.0,0.57,computers_accessories,PR
23.88,278.5,1119.34,0.3,3564.0,0.09,watches_gifts,BA
13.37,47.49,131.33,1.17,5280.0,0.28,furniture_decor,SP
22.22,299.99,1213.97,1.95,36750.0,0.07,toys,BA
11.03,59.9,33.58,0.1,8000.0,0.18,perfumery,RJ
7.53,38.0,31.52,0.4,8000.0,0.2,health_beauty,SP
16.71,279.0,516.89,2.4,17500.0,0.06,baby,SP
9.94,249.9,92.82,0.43,2860.0,0.04,perfumery,SP
14.1,13.65,807.84,0.2,2800.0,1.03,electronics,GO
8.72,19.9,35.08,0.5,15625.0,0.44,housewares,SP
16.9,59.9,470.19,2.75,21012.0,0.28,musical_instruments,SP
17.53,117.3,343.86,4.11,44890.0,0.15,auto,SP
11.86,60.5,66.92,1.05,15750.0,0.2,bed_bath_table,SP
42.15,199.0,599.63,7.75,37026.0,0.21,cool_stuff,SP
10.65,54.4,149.8,0.8,31768.0,0.2,home_construction,SP
15.24,69.9,522.36,0.1,2890.0,0.22,telephony,SP
19.04,17.89,1320.35,0.18,3840.0,1.06,electronics,PI
18.73,144.94,20.77,8.22,45968.0,0.13,office_furniture,SP
16.92,309.0,526.48,0.6,11400.0,0.06,sports_leisure,RS
17.77,74.9,514.37,1.55,7392.0,0.24,furniture_decor,MG
11.97,109.9,28.42,0.7,60000.0,0.11,baby,SP
149.71,500.0,614.25,30.0,216000.0,0.3,housewares,MG
21.35,53.9,660.54,1.55,19800.0,0.4,garden_tools,RJ
18.42,46.0,931.45,0.2,4096.0,0.4,construction_tools_lights,MS
34.15,39.9,1652.3,0.2,2240.0,0.86,computers_accessories,PB
11.88,53.99,213.95,0.2,3328.0,0.22,perfumery,SP
16.67,274.99,381.57,0.35,1920.0,0.06,telephony,RJ
20.09,34.9,2292.19,0.77,16872.0,0.58,cool_stuff,CE
15.87,160.0,435.16,0.2,2805.0,0.1,health_beauty,PR
86.96,175.9,1488.05,13.35,66500.0,0.49,sports_leisure,BA
15.7,135.0,401.04,0.35,1547.0,0.12,computers_accessories,MG
13.53,169.9,295.7,0.82,4536.0,0.08,construction_tools_safety,SP
23.56,140.0,583.35,1.3,11767.0,0.17,bed_bath_table,RJ
29.84,129.99,2017.78,1.6,15750.0,0.23,cool_stuff,PE
9.83,153.9,29.37,0.9,15120.0,0.06,housewares,SP
13.54,59.99,559.72,0.24,2016.0,0.23,stationery,SP
7.87,10.0,61.78,0.1,4032.0,0.79,perfumery,SP
12.36,129.9,58.79,1.6,3150.0,0.1,books_general_interest,RJ
8.03,110.32,137.89,0.2,990.0,0.07,health_beauty,SP
12.69,49.9,546.2,0.6,4913.0,0.25,furniture_decor,SP
51.12,179.0,595.48,7.65,8000.0,0.29,garden_tools,GO
17.63,39.0,2483.96,0.2,640.0,0.45,watches_gifts,PA
16.11,16.99,744.7,0.5,4624.0,0.95,costruction_tools_garden,MG
14.07,149.9,275.96,1.24,15504.0,0.09,computers_accessories,MG
15.39,89.99,334.39,0.25,3960.0,0.17,health_beauty,RJ
56.9,39.9,1989.07,1.3,18750.0,1.43,furniture_decor,AL
16.76,330.0,575.86,0.4,2992.0,0.05,health_beauty,SC
15.09,378.0,262.09,0.44,2520.0,0.04,watches_gifts,SP
13.72,19.99,174.16,0.2,7728.0,0.69,health_beauty,SP
15.52,108.0,919.27,1.0,7632.0,0.14,watches_gifts,DF
14.1,25.9,333.8,0.15,2816.0,0.54,sports_leisure,RJ
15.1,23.99,433.07,0.1,4500.0,0.63,health_beauty,RJ
16.6,33.0,495.38,1.3,15680.0,0.5,housewares,MG
34.77,139.0,1904.26,0.56,3360.0,0.25,perfumery,MA
14.64,79.0,88.2,7.0,36000.0,0.18,stationery,SP
13.51,55.9,549.13,0.3,3024.0,0.24,sports_leisure,SP
21.11,430.0,416.4,0.33,3230.0,0.05,watches_gifts,MG
8.72,59.0,126.5,0.35,3003.0,0.15,consoles_games,SP
20.84,34.9,478.59,3.0,18000.0,0.6,unknown,SP
7.78,24.9,6.64,0.35,18000.0,0.31,housewares,SP
21.15,19.99,1900.25,0.1,2464.0,1.06,perfumery,CE
15.1,19.99,1001.93,0.05,1188.0,0.76,telephony,GO
11.15,49.0,32.08,0.9,7500.0,0.23,bed_bath_table,SP
7.78,45.9,12.19,0.15,2816.0,0.17,sports_leisure,SP
38.32,109.9,1727.29,1.35,16416.0,0.35,bed_bath_table,SE
21.27,89.9,278.87,1.55,31365.0,0.24,bed_bath_table,SP
15.1,26.0,367.39,0.55,352.0,0.58,auto,SP
7.39,29.0,11.88,0.2,352.0,0.26,watches_gifts,SP
69.64,109.0,542.61,15.2,75295.0,0.64,small_appliances,RJ
10.0,72.0,484.81,0.22,2772.0,0.14,health_beauty,RJ
25.47,89.9,881.88,7.0,27000.0,0.28,furniture_decor,RS
17.16,129.9,359.93,1.9,21735.0,0.13,housewares,RJ
18.27,24.9,766.99,0.1,1122.0,0.73,electronics,RS
15.1,37.49,864.9,0.2,3640.0,0.4,sports_leisure,GO
15.1,12.0,643.98,0.55,1584.0,1.26,health_beauty,PR
23.42,119.85,740.82,1.05,6912.0,0.2,home_construction,SC
7.89,1.2,38.51,0.8,1260.0,6.58,health_beauty,SP
19.39,59.6,999.98,0.65,3000.0,0.32,garden_tools,PR
26.24,200.0,762.53,9.75,12600.0,0.13,bed_bath_table,RS
12.66,75.9,469.9,0.17,2496.0,0.17,computers_accessories,SP
25.0,349.58,935.06,30.0,118680.0,0.07,housewares,TO
29.19,129.99,875.43,5.25,39780.0,0.22,toys,MG
16.11,48.9,414.33,0.6,5200.0,0.33,baby,RJ
70.46,329.9,847.75,10.7,84640.0,0.21,garden_tools,ES
16.29,75.0,238.31,0.55,8000.0,0.22,stationery,RJ
13.46,53.9,496.95,1.55,19800.0,0.25,garden_tools,SP
36.32,139.9,724.99,4.75,8000.0,0.26,sports_leisure,DF
34.15,29.0,2243.86,0.2,352.0,1.18,watches_gifts,MA
14.28,75.9,350.79,2.6,4664.0,0.19,furniture_decor,RJ
17.03,199.9,174.06,2.45,11808.0,0.08,bed_bath_table,SP
6.63,98.0,47.62,8.8,48000.0,0.07,unknown,SP
38.4,38.9,1656.96,1.85,15435.0,0.99,signaling_and_security,PE
9.77,79.9,135.01,0.9,3168.0,0.12,bed_bath_table,SP
20.79,275.0,497.29,1.23,13545.0,0.08,computers_accessories,MG
18.27,100.0,1386.75,0.36,5130.0,0.18,computers_accessories,BA
21.43,89.99,2101.1,0.25,3960.0,0.24,health_beauty,PI
37.13,103.97,532.21,9.75,37260.0,0.36,furniture_living_room,MG
7.39,26.9,11.27,0.24,2295.0,0.28,computers_accessories,SP
18.41,75.0,430.67,0.35,12500.0,0.24,auto,RJ
7.64,110.32,97.38,0.2,990.0,0.07,health_beauty,SP
15.79,148.0,665.86,0.44,4480.0,0.11,watches_gifts,MG
27.34,179.99,554.54,1.53,16224.0,0.15,baby,MG
19.44,35.0,442.85,1.35,4320.0,0.56,party_supplies,SP
20.69,350.0,715.9,0.5,9261.0,0.06,garden_tools,RJ
19.63,94.9,554.79,0.62,7429.0,0.21,pet_shop,SP
11.14,27.99,735.62,1.08,770.0,0.4,electronics,PR
16.25,69.0,46.75,4.0,40625.0,0.24,auto,SP
14.11,116.0,27.03,2.7,9375.0,0.12,housewares,SP
8.11,39.9,21.69,0.2,1875.0,0.2,unknown,MG
12.87,30.0,252.27,0.4,4500.0,0.43,auto,SP
25.63,39.9,1080.03,0.35,2816.0,0.64,electronics,MG
17.73,69.0,537.11,0.7,8736.0,0.26,sports_leisure,PR
14.15,56.99,347.61,0.4,2420.0,0.25,perfumery,RJ
7.58,44.99,14.25,0.25,2080.0,0.17,housewares,SP
20.06,569.99,499.23,2.24,29160.0,0.04,toys,MG
17.6,36.0,957.49,1.8,14520.0,0.49,sports_leisure,MG
14.17,59.99,344.8,0.41,3472.0,0.24,construction_tools_construction,RJ
82.02,714.0,333.12,1.85,10296.0,0.12,computers_accessories,RJ
7.39,21.99,145.98,0.22,816.0,0.34,telephony,SP
59.98,459.0,2055.54,1.05,1936.0,0.13,garden_tools,BA
63.97,116.94,1614.03,7.18,56448.0,0.55,furniture_decor,MT
17.15,325.0,493.87,0.4,2992.0,0.05,health_beauty,MG
14.52,34.99,324.07,0.2,4500.0,0.42,health_beauty,PR
17.46,107.0,294.97,3.1,17280.0,0.16,sports_leisure,SP
16.95,99.99,343.25,0.68,11088.0,0.17,toys,MG
22.99,39.0,1207.84,0.2,13200.0,0.59,housewares,GO
16.32,35.9,356.03,0.3,4096.0,0.46,baby,RJ
19.94,100.0,1441.95,10.1,56980.0,0.2,stationery,BA
15.11,41.99,757.25,0.8,14652.0,0.36,toys,ES
8.29,39.99,39.68,0.15,2210.0,0.21,telephony,SP
8.29,26.9,63.81,0.54,3648.0,0.31,electronics,SP
20.34,320.0,605.23,0.1,836.0,0.06,fashion_bags_accessories,MG
15.1,35.9,716.05,0.15,2016.0,0.42,housewares,PR
7.39,49.9,13.14,0.15,2816.0,0.15,sports_leisure,SP
22.06,39.99,759.58,0.05,1920.0,0.55,computers_accessories,MS
7.78,49.9,17.12,0.2,1232.0,0.16,toys,SP
9.48,89.99,24.42,0.6,2640.0,0.1,sports_leisure,SP
18.17,79.99,125.74,0.55,5040.0,0.23,perfumery,MG
12.3,69.9,37.37,6.05,31920.0,0.18,stationery,SP
8.72,68.0,22.67,0.45,1472.0,0.13,books_general_interest,SP
42.5,129.99,1188.83,6.55,8000.0,0.33,computers_accessories,BA
8.72,8.5,14.03,0.1,1344.0,1.03,computers_accessories,SP
18.23,23.9,720.86,0.15,768.0,0.76,perfumery,MG
16.52,108.0,883.59,1.0,7632.0,0.15,watches_gifts,PR
5.54,59.9,760.07,0.75,8349.0,0.09,furniture_decor,RS
19.13,178.0,920.97,0.15,2520.0,0.11,home_appliances,DF
7.78,23.99,19.64,0.1,4500.0,0.32,health_beauty,SP
21.28,298.9,442.62,0.65,6336.0,0.07,cool_stuff,MG
7.39,24.99,20.18,0.25,3200.0,0.3,electronics,SP
29.94,1350.0,670.31,1.12,12180.0,0.02,computers_accessories,MG
13.98,57.0,416.42,0.65,21000.0,0.24,housewares,SP
33.17,112.0,409.24,10.9,19656.0,0.3,construction_tools_construction,RJ
20.03,119.85,445.66,1.05,5120.0,0.17,home_construction,MG
13.81,113.0,311.65,2.73,18816.0,0.12,bed_bath_table,SP
22.99,57.9,346.98,2.05,12800.0,0.4,bed_bath_table,RJ
27.25,38.99,784.24,5.9,35100.0,0.7,bed_bath_table,DF
15.23,8.0,343.31,0.15,3648.0,1.9,unknown,RJ
17.92,95.0,942.5,6.3,40392.0,0.19,bed_bath_table,ES
31.8,364.0,2664.14,0.9,11400.0,0.09,health_beauty,CE
15.27,169.0,310.24,1.6,8568.0,0.09,health_beauty,SP
24.95,139.0,894.99,5.42,90992.0,0.18,auto,MS
19.04,17.9,2122.61,0.2,2640.0,1.06,telephony,PE
17.67,49.0,597.54,1.65,19800.0,0.36,garden_tools,PR
28.89,69.9,1171.45,1.17,4864.0,0.41,health_beauty,BA
18.66,119.0,224.36,1.9,21168.0,0.16,stationery,MG
55.0,1079.99,1401.09,3.01,20358.0,0.05,computers_accessories,AL
13.99,89.6,300.85,0.6,5376.0,0.16,perfumery,SP
18.28,25.89,840.47,0.54,3648.0,0.71,electronics,TO
12.79,17.8,169.07,0.35,2400.0,0.72,baby,SP
25.46,129.99,2695.89,1.6,15750.0,0.2,cool_stuff,AM
17.99,59.9,1547.0,1.23,18252.0,0.3,housewares,BA
16.04,59.0,72.66,1.62,4080.0,0.27,computers_accessories,SP
14.1,19.55,866.2,0.2,4000.0,0.72,auto,DF
8.27,64.89,72.25,0.16,3240.0,0.13,computers_accessories,SP
1.66,29.0,837.91,0.2,352.0,0.06,watches_gifts,RS
20.88,739.9,511.09,1.74,46002.0,0.03,toys,PR
16.77,289.0,427.51,0.45,561.0,0.06,telephony,AL
17.67,59.9,761.77,1.5,19800.0,0.3,garden_tools,SC
27.12,55.0,1465.25,1.3,9180.0,0.49,sports_leisure,BA
16.65,219.9,190.39,2.6,13984.0,0.08,bed_bath_table,SP
11.78,81.9,78.81,1.35,5148.0,0.14,health_beauty,SP
8.37,29.9,24.17,0.55,9984.0,0.28,toys,SP
11.75,50.9,317.2,0.5,1710.0,0.23,furniture_decor,SP
58.76,129.0,608.09,6.55,8000.0,0.46,computers_accessories,DF
9.34,39.9,94.23,1.88,77400.0,0.23,housewares,SP
8.91,87.9,50.28,0.35,1875.0,0.1,computers_accessories,SP
8.85,99.0,10.82,0.3,1936.0,0.09,construction_tools_safety,SP
7.94,39.9,1.9,0.4,36000.0,0.2,cool_stuff,RJ
16.11,39.99,647.76,0.8,8960.0,0.4,bed_bath_table,SC
23.8,179.99,869.69,3.35,49600.0,0.13,fashion_bags_accessories,RS
61.6,220.0,2473.43,0.26,3060.0,0.28,watches_gifts,AC
13.71,150.0,568.9,0.5,4032.0,0.09,furniture_decor,SP
13.86,120.0,93.22,1.7,13650.0,0.12,bed_bath_table,SP
18.23,28.5,279.85,0.35,612.0,0.64,electronics,RJ
34.18,116.99,362.46,10.07,48654.0,0.29,office_furniture,MG
12.48,19.9,356.94,0.15,4680.0,0.63,electronics,PR
18.26,139.0,398.88,5.42,90992.0,0.13,auto,SP
9.44,89.9,42.53,0.75,9900.0,0.1,furniture_decor,SP
20.8,41.9,1333.43,0.4,1575.0,0.5,furniture_decor,MG
9.76,79.99,137.67,0.3,1600.0,0.12,furniture_decor,SP
19.13,178.9,675.31,0.5,3276.0,0.11,watches_gifts,MS
37.26,49.9,929.65,0.2,3000.0,0.75,computers_accessories,RJ
15.24,19.9,494.05,0.23,2016.0,0.77,perfumery,MG
33.75,279.9,135.78,15.1,90944.0,0.12,office_furniture,SP
60.29,248.99,361.33,18.05,75000.0,0.24,luggage_accessories,RJ
10.96,17.5,18.47,0.3,5616.0,0.63,bed_bath_table,SP
16.79,37.99,1091.14,0.3,816.0,0.44,telephony,BA
31.67,32.9,3198.82,1.8,5376.0,0.96,furniture_decor,RR
23.28,29.9,631.81,0.5,5082.0,0.78,bed_bath_table,MG
34.0,103.97,170.97,9.75,37260.0,0.33,office_furniture,SP
13.47,65.0,281.88,0.9,12432.0,0.21,bed_bath_table,SP
7.39,14.3,20.57,0.2,1408.0,0.52,music,SP
18.3,27.9,525.78,0.38,1105.0,0.66,auto,MG
17.66,349.99,294.47,2.4,31200.0,0.05,cool_stuff,MG
12.48,31.9,220.32,0.2,2378.0,0.39,computers_accessories,MG
13.81,89.49,383.66,0.21,2926.0,0.15,computers_accessories,MG
16.25,69.9,778.84,0.3,2816.0,0.23,pet_shop,RS
16.22,208.0,845.33,0.2,2592.0,0.08,computers_accessories,RS
15.79,82.9,360.82,0.6,6480.0,0.19,toys,RJ
21.47,119.16,145.98,6.38,48336.0,0.18,bed_bath_table,SP
11.85,29.99,301.79,0.35,2560.0,0.4,bed_bath_table,SP
7.65,55.0,15.04,0.2,640.0,0.14,watches_gifts,SP
18.65,121.75,366.59,1.45,28980.0,0.15,toys,PR
33.42,1649.99,651.8,2.6,19344.0,0.02,computers,PE
13.45,159.0,44.36,10.25,17328.0,0.08,cool_stuff,SP
12.23,50.0,88.95,6.6,39375.0,0.24,baby,SP
8.11,27.3,157.4,0.2,352.0,0.3,fashion_bags_accessories,SP
13.23,38.99,12.96,9.15,54880.0,0.34,pet_shop,SP
11.85,8.99,223.86,0.2,2560.0,1.32,bed_bath_table,SP
60.48,59.99,2399.33,0.35,2964.0,1.01,health_beauty,SP
27.59,150.0,1978.01,0.92,2400.0,0.18,health_beauty,PE
15.1,20.7,309.52,0.45,5376.0,0.73,housewares,RJ
25.66,29.99,339.35,0.1,612.0,0.86,fashion_bags_accessories,SP
13.43,22.5,30.33,0.4,26790.0,0.6,sports_leisure,SP
27.97,158.2,304.69,10.1,60384.0,0.18,construction_tools_construction,SP
11.73,24.99,14.33,0.9,6400.0,0.47,sports_leisure,SP
15.1,19.99,936.04,0.25,1300.0,0.76,sports_leisure,MG
11.74,39.9,20.16,0.8,15625.0,0.29,furniture_decor,SP
27.36,89.9,1328.73,1.05,18000.0,0.3,bed_bath_table,RJ
7.47,29.9,142.54,0.3,1200.0,0.25,health_beauty,SP
15.1,16.9,424.37,0.3,2112.0,0.89,bed_bath_table,SC
17.46,261.0,303.05,2.65,15500.0,0.07,sports_leisure,SP
37.4,2300.0,345.32,2.3,7296.0,0.02,construction_tools_construction,RJ
11.73,44.9,78.95,1.5,39375.0,0.26,housewares,SP
11.85,39.99,390.38,0.4,1936.0,0.3,fashion_bags_accessories,SP
4.77,110.32,70.77,0.15,990.0,0.04,health_beauty,SP
27.48,59.9,2466.1,0.5,31200.0,0.46,stationery,RO
0.33,103.0,15.75,0.4,12000.0,0.0,pet_shop,SP
15.1,19.95,831.85,0.4,736.0,0.76,books_general_interest,PR
50.97,129.0,671.65,2.0,56000.0,0.4,housewares,GO
12.75,149.9,147.12,1.7,7616.0,0.08,bed_bath_table,SP
8.4,33.99,38.01,0.69,2856.0,0.25,health_beauty,SP
9.81,142.0,51.67,6.9,57664.0,0.07,bed_bath_table,SP
29.45,359.0,7.67,2.8,58212.0,0.08,small_appliances_home_oven_and_coffee,SP
5.54,21.15,10.51,1.85,4800.0,0.26,housewares,SP
13.64,89.0,36.78,6.1,34800.0,0.15,stationery,SP
16.95,169.9,288.52,0.53,5491.0,0.1,perfumery,SP
16.23,85.9,174.69,5.1,17400.0,0.19,toys,SP
11.85,8.9,295.15,0.6,850.0,1.33,furniture_decor,SP
12.22,144.99,6.11,1.05,19008.0,0.08,cool_stuff,SP
7.87,24.9,88.91,0.1,1728.0,0.32,garden_tools,SP
27.38,120.0,1926.08,0.97,21840.0,0.23,pet_shop,CE
27.49,166.99,657.64,2.42,16530.0,0.16,cool_stuff,ES
20.15,129.9,999.72,1.6,3150.0,0.16,books_general_interest,GO
18.3,59.9,429.24,0.22,8000.0,0.31,sports_leisure,PR
15.1,24.99,580.26,0.28,864.0,0.6,telephony,RJ
18.23,29.9,378.63,0.1,1122.0,0.61,electronics,SP
30.86,259.9,994.34,4.3,42875.0,0.12,bed_bath_table,BA
10.5,154.89,70.54,0.81,7680.0,0.07,computers_accessories,MG
15.38,89.9,905.66,0.1,1936.0,0.17,telephony,RS
15.54,256.0,337.38,0.45,4500.0,0.06,health_beauty,SP
12.48,25.0,101.62,0.1,924.0,0.5,health_beauty,PR
18.74,213.0,1083.41,1.0,7500.0,0.09,baby,RS
11.46,62.9,8.76,3.07,10208.0,0.18,housewares,SP
9.37,89.0,77.9,0.88,11592.0,0.1,cool_stuff,SP
23.27,78.0,1748.32,0.25,640.0,0.3,watches_gifts,SE
27.49,89.9,299.31,8.5,23625.0,0.31,home_confort,SP
31.76,143.9,344.5,1.07,9152.0,0.22,computers_accessories,RJ
14.03,63.99,259.36,0.26,12672.0,0.22,baby,SP
34.15,16.9,528.96,0.35,3200.0,2.02,musical_instruments,GO
11.83,89.9,17.48,0.75,9900.0,0.13,furniture_decor,SP
9.09,48.9,140.82,0.6,3380.0,0.19,baby,SP
16.08,139.9,328.82,0.05,2048.0,0.12,watches_gifts,SC
17.49,27.5,266.26,0.7,10032.0,0.64,bed_bath_table,SP
7.78,74.0,68.09,0.57,4896.0,0.1,baby,SP
8.72,38.7,17.77,0.45,4096.0,0.22,pet_shop,SP
18.23,29.0,716.81,0.25,352.0,0.63,watches_gifts,PR
11.38,109.9,314.01,0.35,1620.0,0.1,small_appliances,PR
18.48,129.99,858.27,0.5,2926.0,0.14,perfumery,MG
19.82,89.9,914.06,0.75,12000.0,0.22,furniture_decor,RS
18.36,29.3,419.29,0.25,1056.0,0.63,stationery,SC
17.63,24.89,1076.86,0.15,4290.0,0.71,electronics,BA
7.78,39.0,21.9,0.2,640.0,0.2,watches_gifts,SP
25.19,19.7,256.73,3.6,26250.0,1.28,unknown,RJ
36.04,139.9,202.55,17.5,104760.0,0.26,kitchen_dining_laundry_garden_furniture,RJ
17.29,217.91,399.11,0.81,8704.0,0.08,computers_accessories,RJ
16.11,15.99,478.61,1.2,16443.0,1.01,housewares,PR
15.1,20.3,906.13,0.25,352.0,0.74,fashion_bags_accessories,GO
15.29,219.9,349.13,7.8,35112.0,0.07,housewares,SP
11.51,129.0,237.61,0.3,2704.0,0.09,watches_gifts,SP
18.73,89.99,969.52,1.5,1560.0,0.21,housewares,MG
7.78,34.54,23.5,1.0,3927.0,0.22,unknown,SP
22.39,65.9,877.12,0.17,2808.0,0.34,computers_accessories,RJ
21.15,49.0,1746.64,0.4,640.0,0.43,watches_gifts,SE
11.85,24.5,589.48,0.15,2304.0,0.48,consoles_games,SP
17.28,120.0,1204.63,0.55,37884.0,0.14,consoles_games,MT
17.1,129.97,621.35,0.85,9600.0,0.13,housewares,DF
34.15,5.95,2127.94,0.2,1560.0,5.74,signaling_and_security,BA
23.21,89.9,241.0,1.25,5544.0,0.26,health_beauty,SP
7.78,29.99,17.4,0.1,882.0,0.26,telephony,SP
14.01,140.88,352.19,0.45,5632.0,0.1,perfumery,SP
18.1,72.9,1153.32,0.9,2400.0,0.25,furniture_decor,MT
18.56,139.99,358.05,0.62,9867.0,0.13,toys,RJ
10.93,99.99,3.6,1.4,8000.0,0.11,toys,RJ
15.1,23.99,842.63,0.1,4500.0,0.63,health_beauty,MS
50.28,69.0,499.25,7.22,41200.0,0.73,industry_commerce_and_business,SC
14.1,19.9,687.97,0.35,7260.0,0.71,sports_leisure,PR
43.69,83.45,379.45,21.7,100000.0,0.52,unknown,RJ
15.94,500.0,222.48,10.7,37720.0,0.03,garden_tools,SP
14.55,114.9,340.33,0.79,22568.0,0.13,sports_leisure,SP
18.23,19.89,1060.15,0.15,3240.0,0.92,electronics,TO
19.27,729.0,604.94,3.2,11400.0,0.03,costruction_tools_tools,SP
16.6,34.9,332.45,1.1,7200.0,0.48,bed_bath_table,SP
9.0,92.0,20.85,0.89,3276.0,0.1,costruction_tools_tools,SP
13.69,178.0,218.02,0.16,1920.0,0.08,watches_gifts,SP
25.73,126.99,630.73,3.25,9856.0,0.2,garden_tools,PR
8.88,59.99,20.71,0.95,17500.0,0.15,health_beauty,SP
14.52,35.0,480.51,0.15,3072.0,0.42,small_appliances,MG
15.35,35.35,488.69,0.22,3328.0,0.43,electronics,MG
13.54,73.76,124.42,3.01,46080.0,0.18,toys,SP
13.81,98.81,534.03,0.2,2873.0,0.14,computers_accessories,SP
25.39,79.0,840.62,7.22,41200.0,0.32,industry_commerce_and_business,PR
11.85,49.9,193.62,0.8,5880.0,0.24,furniture_decor,SP
16.81,168.88,194.64,2.0,43008.0,0.1,sports_leisure,SP
8.17,29.9,140.5,0.25,1200.0,0.27,health_beauty,SP
24.41,219.9,1056.11,5.65,13800.0,0.11,bed_bath_table,MT
18.09,119.9,757.66,1.8,4692.0,0.15,bed_bath_table,MS
17.68,56.99,2144.56,0.25,3360.0,0.31,perfumery,PE
3.67,69.9,474.01,0.05,1056.0,0.05,fashion_bags_accessories,SP
17.31,124.9,1618.91,0.27,3536.0,0.14,watches_gifts,MT
11.61,399.0,21.1,0.6,6000.0,0.03,consoles_games,SP
19.01,59.9,268.93,4.1,14952.0,0.32,cool_stuff,GO
7.4,20.2,30.95,0.15,4950.0,0.37,sports_leisure,SP
18.57,98.0,461.87,0.31,2772.0,0.19,watches_gifts,MG
18.31,29.9,410.97,0.5,6120.0,0.61,home_appliances,MG
18.15,128.0,532.24,1.07,12696.0,0.14,sports_leisure,RJ
7.39,29.99,79.52,0.15,1904.0,0.25,telephony,SP
18.25,21.6,810.01,0.27,1520.0,0.84,sports_leisure,MG
19.39,59.9,566.69,0.75,8349.0,0.32,furniture_decor,RS
7.39,13.77,11.21,0.12,1045.0,0.54,telephony,SP
45.71,179.0,349.31,7.65,8000.0,0.26,garden_tools,RJ
25.24,298.8,1280.71,0.85,9000.0,0.08,baby,BA
37.48,80.8,1826.87,0.2,8000.0,0.46,bed_bath_table,TO
15.1,29.99,417.59,0.5,3520.0,0.5,watches_gifts,SP
19.66,99.0,825.85,0.7,8568.0,0.2,sports_leisure,PR
16.05,39.9,837.91,0.1,3564.0,0.4,computers_accessories,RS
8.9,35.0,258.08,0.45,1680.0,0.25,cool_stuff,RJ
46.24,109.99,383.75,14.95,81620.0,0.42,baby,RJ
14.93,299.99,19.43,1.58,33635.0,0.05,toys,RJ
19.35,178.0,560.15,0.31,2112.0,0.11,watches_gifts,RJ
18.26,144.99,512.79,1.05,19008.0,0.13,cool_stuff,MG
15.23,29.99,354.59,0.3,816.0,0.51,telephony,RJ
16.32,31.99,483.83,0.2,1760.0,0.51,stationery,SC
8.77,117.7,18.93,0.4,4693.0,0.08,perfumery,RJ
16.23,85.9,267.27,8.75,51750.0,0.19,toys,SP
15.21,64.5,510.04,0.5,36309.0,0.24,stationery,SP
12.91,35.0,357.81,0.95,17544.0,0.37,stationery,SP
17.72,219.0,370.86,0.25,1760.0,0.08,watches_gifts,RJ
29.2,295.0,333.31,1.6,4752.0,0.1,furniture_decor,RJ
11.85,47.4,263.24,0.15,1122.0,0.25,stationery,SP
14.1,31.9,462.1,0.2,2378.0,0.44,computers_accessories,SP
30.27,599.0,398.27,2.65,33600.0,0.05,cool_stuff,SC
15.23,17.9,364.17,0.05,528.0,0.85,furniture_decor,SP
17.84,84.9,525.07,1.4,8712.0,0.21,fashion_shoes,MG
23.69,99.99,340.83,6.05,8000.0,0.24,garden_tools,MG
24.77,99.0,46.16,7.7,56980.0,0.25,stationery,SP
14.8,89.9,352.03,0.6,9477.0,0.16,housewares,RJ
14.71,56.9,269.55,0.95,4356.0,0.26,bed_bath_table,SP
14.31,137.9,545.16,0.23,3360.0,0.1,computers_accessories,SP
22.68,57.7,2378.37,0.98,33005.0,0.39,health_beauty,CE
7.78,24.9,32.72,0.05,1188.0,0.31,telephony,SP
17.78,138.0,16.11,4.87,56000.0,0.13,bed_bath_table,SP
3.42,190.83,271.52,0.42,2106.0,0.02,watches_gifts,MG
17.3,219.9,285.5,0.88,6860.0,0.08,computers_accessories,RJ
12.79,17.99,65.21,0.15,8000.0,0.71,toys,SP
15.23,29.99,357.55,0.3,816.0,0.51,telephony,RJ
14.1,43.9,332.2,0.84,29785.0,0.32,bed_bath_table,RJ
23.71,199.0,2671.31,1.0,11088.0,0.12,musical_instruments,AP
13.72,99.99,160.81,1.2,7500.0,0.14,small_appliances,SP
8.27,23.4,67.14,0.3,5600.0,0.35,sports_leisure,SP
17.93,59.9,308.75,1.15,11286.0,0.3,bed_bath_table,SP
9.09,49.99,5.19,0.15,4096.0,0.18,toys,RS
15.23,14.9,395.39,0.2,2700.0,1.02,audio,RJ
25.18,149.9,2106.04,0.53,4840.0,0.17,computers_accessories,SP
11.03,59.67,327.9,0.16,5292.0,0.18,baby,SP
33.89,45.9,341.6,1.7,40500.0,0.74,auto,RJ
20.03,120.0,468.56,0.62,9867.0,0.17,toys,SC
10.96,29.9,72.48,0.2,10584.0,0.37,telephony,SP
12.6,199.99,16.9,2.0,15750.0,0.06,cool_stuff,SP
9.51,109.9,41.06,0.53,5610.0,0.09,perfumery,RJ
37.56,199.0,3154.27,1.95,27588.0,0.19,cool_stuff,PA
25.26,59.9,657.3,7.0,32994.0,0.42,housewares,SC
7.39,6.5,88.27,0.82,2400.0,1.14,computers_accessories,SP
28.03,150.0,876.41,3.8,31500.0,0.19,home_construction,DF
12.79,44.99,118.71,0.2,3328.0,0.28,perfumery,SP
52.03,439.9,531.14,27.8,128000.0,0.12,housewares,SP
18.4,43.0,618.18,0.15,5832.0,0.43,sports_leisure,SC
12.88,69.9,299.06,0.8,23625.0,0.18,bed_bath_table,SP
7.78,49.99,87.12,0.25,2415.0,0.16,health_beauty,SP
22.29,199.0,928.0,1.95,27588.0,0.11,cool_stuff,SP
14.83,74.0,301.67,1.38,20000.0,0.2,bed_bath_table,SP
16.82,82.0,342.38,0.85,8192.0,0.2,toys,RJ
52.12,199.9,2105.64,0.36,3042.0,0.26,watches_gifts,RN
13.9,79.0,375.45,7.0,36000.0,0.18,stationery,PR
10.03,179.9,83.65,0.7,2310.0,0.06,stationery,SP
21.07,83.3,420.83,10.75,58621.0,0.25,housewares,SP
9.87,79.9,77.95,0.9,4374.0,0.12,cool_stuff,SC
16.79,18.9,844.06,0.15,3240.0,0.89,electronics,RJ
11.85,23.9,47.17,0.15,5120.0,0.5,sports_leisure,SP
15.38,89.9,712.72,1.82,21200.0,0.17,home_confort,GO
50.85,24.99,2114.99,0.3,816.0,2.04,telephony,MA
17.03,119.9,481.5,0.85,13200.0,0.14,stationery,SP
22.9,139.0,726.28,0.28,3136.0,0.16,watches_gifts,GO
12.69,38.4,114.85,0.95,14000.0,0.33,furniture_decor,SP
11.02,59.0,41.68,0.3,352.0,0.19,fashion_bags_accessories,SP
11.85,15.9,304.34,0.25,4800.0,0.74,bed_bath_table,SP
9.1,49.99,15.81,0.6,4096.0,0.18,housewares,SP
7.78,21.9,33.63,0.15,6000.0,0.36,electronics,SP
8.07,58.9,401.24,1.0,4800.0,0.14,bed_bath_table,PR
7.87,64.9,157.7,0.55,2500.0,0.12,construction_tools_construction,SP
28.89,99.99,269.32,6.05,8000.0,0.29,garden_tools,RJ
12.48,139.9,222.35,0.5,2760.0,0.09,perfumery,SP
25.63,29.9,975.7,0.2,4096.0,0.86,costruction_tools_tools,RS
17.6,29.9,740.95,2.6,9000.0,0.59,sports_leisure,SC
20.93,23.48,505.63,0.25,3861.0,0.89,computers_accessories,RJ
16.79,39.9,1078.22,0.2,1408.0,0.42,toys,BA
15.81,150.0,349.44,0.8,42000.0,0.1,electronics,RJ
27.59,149.9,1589.0,0.53,4840.0,0.18,computers_accessories,MG
12.63,70.0,357.99,0.15,2912.0,0.18,computers_accessories,SP
8.27,29.9,67.79,0.25,1200.0,0.28,health_beauty,SP
16.86,157.5,564.54,0.7,3024.0,0.11,electronics,MG
16.17,59.0,911.53,0.7,13200.0,0.27,furniture_decor,RJ
17.67,49.0,288.6,1.5,19800.0,0.36,garden_tools,MG
13.07,159.9,42.2,0.79,4256.0,0.08,health_beauty,RJ
14.1,23.7,356.37,0.25,2450.0,0.6,electronics,RJ
22.12,189.0,1730.22,0.1,352.0,0.12,computers_accessories,SP
12.69,45.0,43.67,5.7,33930.0,0.28,toys,SP
134.78,129.0,2238.39,6.2,81000.0,1.04,furniture_decor,PI
15.73,139.9,230.72,10.22,2299.0,0.11,cool_stuff,SP
3.37,19.9,1133.57,0.2,2560.0,0.17,bed_bath_table,RS
16.19,125.9,108.61,4.55,23520.0,0.13,housewares,MG
7.78,44.99,32.91,1.65,3600.0,0.17,cool_stuff,SP
13.37,14.0,121.35,2.15,26208.0,0.96,home_confort,SP
63.07,399.0,3.97,19.15,105792.0,0.16,health_beauty,CE
31.68,196.99,26.52,16.13,92925.0,0.16,office_furniture,SP
7.78,13.87,10.55,0.08,627.0,0.56,telephony,SP
17.32,223.0,524.72,0.58,5824.0,0.08,drinks,RJ
41.64,329.9,461.21,6.75,51516.0,0.13,furniture_living_room,RJ
20.84,45.9,457.58,7.0,15625.0,0.45,furniture_decor,RJ
18.35,35.9,906.22,0.1,5700.0,0.51,fashion_bags_accessories,RS
12.43,69.9,29.51,2.6,15000.0,0.18,furniture_decor,SP
35.77,65.0,1621.24,0.55,2800.0,0.55,electronics,SE
14.08,9.99,341.97,0.9,12800.0,1.41,furniture_decor,MG
11.42,116.0,361.29,0.14,1944.0,0.1,health_beauty,SP
40.37,149.0,313.02,6.55,8000.0,0.27,computers_accessories,RJ
22.06,18.9,1101.5,0.15,3648.0,1.17,electronics,RJ
15.88,408.99,151.65,0.85,2016.0,0.04,fixed_telephony,SP
15.15,139.9,392.41,8.88,24080.0,0.11,garden_tools,RJ
14.1,39.9,505.01,0.2,1875.0,0.35,computers_accessories,SP
14.24,22.66,355.29,1.35,5760.0,0.63,housewares,RJ
17.35,59.9,826.56,0.55,16128.0,0.29,luggage_accessories,PR
23.07,38.0,426.19,1.75,8960.0,0.61,industry_commerce_and_business,SC
12.87,75.0,297.57,0.55,2592.0,0.17,housewares,SP
15.26,22.32,490.25,0.2,2378.0,0.68,computers_accessories,SP
17.88,89.9,896.15,1.5,20000.0,0.2,toys,MS
27.68,196.8,614.79,2.12,24948.0,0.14,furniture_decor,PR
39.42,69.9,368.8,1.04,25256.0,0.56,housewares,RJ
27.13,51.8,2319.25,1.65,27000.0,0.52,construction_tools_construction,RN
25.63,18.9,1256.88,0.15,2208.0,1.36,electronics,ES
17.67,49.0,794.7,1.5,19800.0,0.36,garden_tools,RJ
7.78,24.9,21.76,0.15,1360.0,0.31,health_beauty,SP
12.6,19.99,90.94,0.4,532.0,0.63,sports_leisure,SC
12.5,84.55,65.03,7.2,29768.0,0.15,auto,SP
124.45,379.9,395.89,30.0,114840.0,0.33,housewares,RJ
19.59,245.0,377.44,0.29,2700.0,0.08,watches_gifts,SP
8.72,14.99,6.19,0.35,3672.0,0.58,computers_accessories,SP
32.73,949.9,646.69,15.8,134292.0,0.03,baby,ES
45.58,159.99,844.9,10.7,64000.0,0.28,baby,RJ
7.78,50.0,85.4,0.32,1760.0,0.16,food,SP
16.01,180.0,423.44,0.2,1320.0,0.09,market_place,MG
11.71,64.9,9.5,1.2,21528.0,0.18,housewares,RJ
19.21,12.5,205.27,1.5,3456.0,1.54,unknown,MG
29.51,180.0,543.72,0.3,4000.0,0.16,housewares,SC
15.18,59.99,492.69,0.95,17500.0,0.25,health_beauty,MG
26.43,49.9,424.01,1.95,10240.0,0.53,housewares,SP
21.82,43.99,635.11,6.32,56129.0,0.5,furniture_decor,PR
15.07,107.9,428.29,1.75,27000.0,0.14,auto,SP
15.24,69.9,647.1,0.18,2816.0,0.22,perfumery,RS
26.55,58.9,2337.04,7.0,32994.0,0.45,housewares,CE
26.65,129.6,2137.65,1.2,24000.0,0.21,toys,PE
16.16,56.99,520.45,0.88,18000.0,0.28,bed_bath_table,MG
15.19,61.9,343.45,0.6,3850.0,0.24,furniture_decor,RJ
157.32,849.0,508.19,7.75,116754.0,0.18,cool_stuff,MG
8.11,31.9,3.46,0.2,2378.0,0.25,computers_accessories,MG
15.1,27.99,744.74,0.25,816.0,0.54,telephony,RS
11.85,14.9,140.79,0.15,10560.0,0.8,health_beauty,SP
16.9,101.0,364.34,0.75,5780.0,0.17,furniture_decor,RJ
14.03,144.9,303.55,1.2,23625.0,0.1,bed_bath_table,SP
4.34,29.9,36.06,0.25,10000.0,0.14,watches_gifts,SP
18.45,249.0,164.02,4.0,23625.0,0.07,bed_bath_table,SP
13.47,29.99,73.33,0.1,352.0,0.45,computers_accessories,MG
143.76,399.99,781.75,15.75,112000.0,0.36,construction_tools_lights,MG
14.52,15.0,537.46,0.2,1190.0,0.97,unknown,PR
14.1,34.99,774.46,0.22,3136.0,0.4,computers_accessories,ES
38.08,199.0,2067.65,0.22,1140.0,0.19,computers_accessories,PE
14.58,70.0,146.19,6.04,54332.0,0.21,bed_bath_table,SP
16.85,155.0,716.94,0.86,7200.0,0.11,computers_accessories,MS
19.88,254.0,432.25,2.35,29568.0,0.08,pet_shop,SP
7.39,22.8,18.23,0.25,2450.0,0.32,electronics,SP
15.23,9.9,348.48,0.3,12544.0,1.54,stationery,RJ
13.08,69.9,28.89,2.6,15000.0,0.19,furniture_decor,SP
15.1,24.97,255.59,0.45,4356.0,0.6,books_technical,MG
7.71,29.9,167.39,0.25,1200.0,0.26,health_beauty,SP
13.05,55.5,342.22,0.15,4000.0,0.24,health_beauty,SP
14.8,352.0,76.14,0.68,8000.0,0.04,computers_accessories,SP
13.28,119.9,223.19,10.05,60000.0,0.11,bed_bath_table,SP
94.94,399.99,2381.4,18.05,75000.0,0.24,luggage_accessories,CE
10.88,144.9,549.51,0.23,3360.0,0.08,computers_accessories,SP
8.79,84.99,16.88,0.35,4752.0,0.1,perfumery,SP
9.99,32.0,131.45,1.2,15625.0,0.31,furniture_decor,SP
8.72,56.99,125.08,0.35,5625.0,0.15,perfumery,SP
11.85,19.9,117.58,0.18,3366.0,0.6,health_beauty,SP
12.69,27.0,132.91,0.35,27000.0,0.47,housewares,SP
21.15,15.9,2107.28,0.08,1768.0,1.33,auto,PA
24.84,46.0,2705.77,0.7,4096.0,0.54,consoles_games,CE
44.77,1350.0,1994.49,1.0,8000.0,0.03,watches_gifts,RJ
21.47,116.0,84.24,5.0,64000.0,0.18,housewares,SP
16.11,45.9,595.19,0.6,1800.0,0.35,furniture_decor,RJ
17.1,429.9,343.63,4.95,25069.0,0.04,auto,SP
25.88,218.9,352.06,4.05,24684.0,0.12,housewares,RJ
16.28,199.9,488.07,0.4,4374.0,0.08,housewares,SC
12.69,48.0,137.77,0.5,21600.0,0.26,computers_accessories,SP
12.62,159.9,28.83,0.58,2288.0,0.08,watches_gifts,SP
17.78,49.95,567.7,0.45,4275.0,0.36,bed_bath_table,GO
15.59,119.9,648.39,0.35,3200.0,0.13,health_beauty,MG
15.1,17.99,783.67,0.12,792.0,0.84,telephony,RS
19.33,19.9,446.57,0.35,352.0,0.97,computers_accessories,MG
13.28,163.73,538.01,0.82,7680.0,0.08,computers_accessories,SP
17.92,38.4,1608.0,0.95,14000.0,0.47,furniture_decor,MT
7.39,24.5,59.93,0.12,4536.0,0.3,housewares,SP
37.37,249.9,15.36,5.65,106580.0,0.15,cool_stuff,RS
25.46,369.99,836.5,2.5,30550.0,0.07,unknown,SP
18.44,79.9,1102.69,0.15,4096.0,0.23,computers_accessories,RS
19.8,119.0,875.29,10.1,56980.0,0.17,stationery,RS
18.23,9.9,363.27,0.15,1428.0,1.84,perfumery,SP
10.96,11.99,48.4,0.15,5054.0,0.91,electronics,SP
64.06,195.0,1363.72,19.1,87750.0,0.33,pet_shop,MT
17.2,99.9,509.5,1.55,4500.0,0.17,bed_bath_table,RJ
20.93,23.48,189.42,0.25,3861.0,0.89,computers_accessories,MG
29.47,28.89,469.91,0.35,3600.0,1.02,perfumery,SP
18.23,24.6,490.09,0.1,1800.0,0.74,baby,RJ
26.44,589.0,2102.45,0.2,2592.0,0.04,computers_accessories,PI
17.66,58.99,436.78,0.2,3960.0,0.3,health_beauty,RJ
20.65,239.99,603.51,0.55,3000.0,0.09,auto,DF
17.95,100.0,602.14,1.4,13524.0,0.18,furniture_decor,MG
15.44,180.49,603.67,2.0,29700.0,0.09,sports_leisure,SP
8.72,56.99,24.58,0.4,2178.0,0.15,perfumery,SP
16.44,384.93,332.12,2.45,13200.0,0.04,books_technical,PR
12.75,58.9,105.67,0.8,48125.0,0.22,stationery,SP
15.1,40.0,917.32,0.6,5780.0,0.38,home_construction,ES
25.77,69.99,993.37,0.15,4807.0,0.37,health_beauty,RS
63.11,122.11,1720.53,2.9,18000.0,0.52,auto,PI
49.82,149.9,2038.84,0.53,4840.0,0.33,computers_accessories,MG
16.96,171.57,253.69,0.6,5632.0,0.1,perfumery,MG
8.72,56.99,5.91,0.25,3360.0,0.15,perfumery,SP
48.29,79.98,314.62,12.78,86580.0,0.6,office_furniture,RJ
12.96,74.0,401.31,0.34,3536.0,0.18,computers_accessories,SP
20.08,85.0,367.02,3.1,32760.0,0.24,housewares,RJ
15.38,89.9,656.72,0.5,4290.0,0.17,unknown,SP
9.83,320.0,4.03,9.18,49680.0,0.03,luggage_accessories,MG
12.76,60.0,301.52,0.8,3125.0,0.21,bed_bath_table,SP
17.63,39.99,2364.52,0.35,816.0,0.44,telephony,CE
10.12,251.9,47.86,0.95,4000.0,0.04,sports_leisure,SP
14.1,11.6,338.72,0.28,3672.0,1.22,electronics,RJ
8.64,55.0,120.38,0.45,4004.0,0.16,baby,SP
12.79,19.0,65.51,0.35,3927.0,0.67,auto,SP
17.15,129.0,331.79,1.5,8349.0,0.13,furniture_decor,SP
14.06,68.5,301.47,0.8,23625.0,0.2,bed_bath_table,SP
31.76,143.8,500.14,5.95,46475.0,0.22,auto,MG
12.76,29.98,647.42,0.25,1547.0,0.43,telephony,ES
18.24,50.99,693.46,0.3,3024.0,0.36,home_appliances,MG
19.75,570.0,680.9,0.9,2400.0,0.04,unknown,SP
12.22,144.9,78.26,1.14,10032.0,0.08,sports_leisure,SP
22.62,163.99,526.1,2.9,48125.0,0.14,bed_bath_table,MG
12.79,17.9,200.65,0.08,3744.0,0.72,electronics,SP
17.06,19.89,867.65,0.15,3240.0,0.86,electronics,SP
14.83,74.0,297.2,1.38,20000.0,0.2,bed_bath_table,SP
11.85,45.9,302.33,0.6,1800.0,0.26,furniture_decor,SP
8.27,27.3,55.43,0.35,352.0,0.3,fashion_bags_accessories,SP
15.1,12.99,409.25,0.1,704.0,1.16,telephony,SC
7.78,42.9,29.52,0.23,1729.0,0.18,health_beauty,SP
27.23,129.9,681.62,4.55,8000.0,0.21,sports_leisure,GO
12.26,79.0,18.14,1.17,7038.0,0.16,electronics,RS
8.82,55.0,52.81,12.3,56350.0,0.16,home_appliances,SP
16.11,38.9,427.12,0.5,28500.0,0.41,health_beauty,RJ
19.82,89.99,600.89,0.82,6510.0,0.22,baby,SC
18.23,12.99,424.25,0.15,1024.0,1.4,health_beauty,MG
35.12,115.0,401.45,1.15,14008.0,0.3,housewares,SP
11.85,25.0,75.22,0.28,1600.0,0.47,computers_accessories,SP
15.23,45.9,503.14,0.4,31200.0,0.33,stationery,SP
0.04,64.9,244.47,1.5,29785.0,0.0,bed_bath_table,RJ
9.09,14.56,68.73,1.6,6400.0,0.62,housewares,SP
17.06,39.6,374.44,0.35,14000.0,0.43,sports_leisure,SP
111.2,250.0,1914.58,12.25,70875.0,0.44,furniture_decor,PI
15.27,73.99,688.55,0.6,2415.0,0.21,telephony,SC
41.24,68.65,411.92,5.9,25025.0,0.6,housewares,SP
37.74,149.9,2333.19,0.15,1056.0,0.25,auto,PA
36.01,97.99,1779.46,0.8,3640.0,0.37,perfumery,PE
10.96,39.9,88.79,0.3,704.0,0.28,housewares,SP
7.46,29.0,18.28,0.05,1056.0,0.26,stationery,SP
15.11,39.5,851.69,0.8,8000.0,0.38,bed_bath_table,RS
49.97,206.0,642.77,10.58,5760.0,0.24,electronics,RJ
38.09,199.9,867.65,0.15,1782.0,0.19,fashion_bags_accessories,PR
35.53,129.9,2556.3,2.0,10098.0,0.27,bed_bath_table,AM
11.15,29.99,27.13,0.3,15750.0,0.37,baby,SP
57.79,159.99,508.99,10.7,64000.0,0.36,baby,PR
19.57,53.9,539.36,1.25,7106.0,0.36,bed_bath_table,SP
99.4,1999.0,474.69,30.0,169510.0,0.05,baby,SP
8.11,29.9,153.66,0.25,1200.0,0.27,health_beauty,SP
11.94,29.9,47.5,0.95,4125.0,0.4,home_appliances,SP
16.7,65.0,405.12,1.45,6512.0,0.26,food_drink,RJ
18.38,39.99,401.52,0.15,2210.0,0.46,telephony,SC
23.08,839.0,24.01,7.15,4352.0,0.03,cool_stuff,SP
61.15,124.9,2612.56,0.2,4410.0,0.49,computers_accessories,CE
31.52,119.0,2185.5,6.55,8000.0,0.26,computers_accessories,PA
17.87,89.0,784.2,7.7,34800.0,0.2,stationery,MG
19.99,110.81,905.15,0.2,2873.0,0.18,computers_accessories,RJ
10.96,39.9,18.0,0.3,6188.0,0.28,baby,SP
11.73,69.99,14.18,1.0,15750.0,0.17,cool_stuff,SP
17.94,99.0,693.4,4.6,34800.0,0.18,stationery,SC
23.75,134.99,727.92,1.15,16000.0,0.18,sports_leisure,SP
13.0,597.89,16.03,0.68,11960.0,0.02,health_beauty,SP
25.66,117.3,566.77,4.11,44890.0,0.22,auto,MG
26.35,152.15,2228.91,0.2,2704.0,0.17,watches_gifts,CE
21.06,453.96,1177.11,0.25,2992.0,0.05,telephony,ES
15.8,98.99,218.16,2.2,15000.0,0.16,bed_bath_table,SP
14.61,122.99,805.68,0.4,3600.0,0.12,unknown,GO
14.52,13.9,285.64,0.2,4800.0,1.04,bed_bath_table,MG
16.79,19.89,663.57,0.15,3240.0,0.84,electronics,SP
11.4,175.91,1066.46,0.8,4576.0,0.06,computers_accessories,RS
21.12,89.9,287.46,1.38,20000.0,0.24,bed_bath_table,MG
15.58,17.9,24.11,0.95,18600.0,0.87,furniture_decor,SP
135.62,249.99,2112.43,22.35,125504.0,0.54,luggage_accessories,PE
12.73,55.0,380.75,5.7,33930.0,0.23,toys,SP
21.78,99.9,327.98,2.5,12000.0,0.22,furniture_decor,SP
13.37,49.9,407.5,1.75,32560.0,0.27,garden_tools,SP
43.19,136.99,300.78,15.48,47061.0,0.32,office_furniture,SP
18.23,32.9,477.16,0.55,7040.0,0.55,toys,RS
9.34,59.9,86.79,1.15,7072.0,0.16,furniture_decor,SP
22.13,150.0,345.73,3.95,31500.0,0.15,home_construction,RJ
14.1,14.0,358.82,0.25,4320.0,1.01,electronics,RJ
3.67,159.0,602.68,4.1,5408.0,0.02,construction_tools_construction,SP
14.1,49.0,758.15,0.4,640.0,0.29,watches_gifts,ES
27.52,139.9,2114.83,1.05,9600.0,0.2,sports_leisure,PA
15.7,86.0,854.48,0.33,4800.0,0.18,food,GO
45.53,499.99,2343.01,0.35,4096.0,0.09,computers_accessories,BA
19.05,109.9,263.48,1.7,14976.0,0.17,bed_bath_table,SP
18.23,44.99,427.71,0.35,3750.0,0.4,housewares,RJ
11.73,34.2,11.57,5.9,37500.0,0.34,housewares,SP
18.02,109.9,376.3,1.14,15834.0,0.16,sports_leisure,SP
25.91,89.9,2143.23,1.38,20000.0,0.29,bed_bath_table,PE
26.88,79.9,898.82,4.65,18000.0,0.34,christmas_supplies,RS
7.42,22.9,50.85,0.35,14000.0,0.32,small_appliances,SP
15.52,108.0,286.75,1.0,7632.0,0.14,watches_gifts,SP
17.61,152.0,1340.34,0.2,2805.0,0.12,health_beauty,RS
22.99,39.0,2674.1,0.15,2816.0,0.59,sports_leisure,AP
20.84,49.59,502.26,2.2,16128.0,0.42,unknown,MG
12.98,46.0,206.94,0.25,8000.0,0.28,diapers_and_hygiene,SP
20.78,99.9,817.2,2.45,6720.0,0.21,health_beauty,MG
18.55,95.0,483.66,0.25,990.0,0.2,health_beauty,RJ
16.92,34.99,238.33,0.6,2560.0,0.48,bed_bath_table,SP
16.7,64.9,333.27,1.45,20300.0,0.26,toys,RJ
9.34,38.4,3.28,0.95,14000.0,0.24,furniture_decor,SP
37.97,59.9,2109.09,1.75,32560.0,0.63,garden_tools,MA
13.02,51.9,205.37,1.1,12000.0,0.25,bed_bath_table,SP
14.1,46.9,337.66,0.3,2304.0,0.3,sports_leisure,SP
7.39,13.65,12.84,0.18,3630.0,0.54,electronics,SP
19.99,126.12,1011.59,0.1,4096.0,0.16,computers_accessories,MG
14.14,55.0,471.51,0.25,640.0,0.26,watches_gifts,SC
15.1,49.77,467.26,0.1,2112.0,0.3,unknown,SC
13.45,144.0,96.93,0.47,7866.0,0.09,perfumery,SP
7.39,15.9,20.67,0.2,1500.0,0.46,auto,SP
13.37,19.9,394.2,1.6,1800.0,0.67,toys,SP
25.63,29.99,1925.54,0.22,936.0,0.86,telephony,PA
13.92,79.9,284.17,1.0,10800.0,0.17,housewares,SP
36.57,177.99,1397.19,0.95,3445.0,0.2,housewares,MT
17.14,99.9,1452.63,0.35,600.0,0.17,bed_bath_table,BA
63.16,399.99,383.22,30.0,234000.0,0.16,furniture_decor,MG
19.54,49.99,937.25,0.8,2560.0,0.39,bed_bath_table,RS
17.55,349.65,827.98,0.2,2112.0,0.05,health_beauty,GO
11.15,60.0,18.37,1.05,27000.0,0.19,furniture_decor,SP
14.43,99.9,148.8,13.35,8000.0,0.14,bed_bath_table,MG
36.57,395.0,1172.92,0.3,17500.0,0.09,sports_leisure,SP
19.04,19.99,1320.17,0.15,2464.0,0.95,perfumery,RS
16.06,169.0,388.22,0.3,5625.0,0.1,health_beauty,SP
18.23,29.9,811.4,0.1,4500.0,0.61,home_appliances,RS
33.86,209.0,353.09,12.6,4000.0,0.16,sports_leisure,RJ
12.25,107.0,292.64,0.35,4913.0,0.11,sports_leisure,SP
13.76,157.0,291.37,0.35,2970.0,0.09,watches_gifts,SP
8.88,19.0,19.96,0.4,3927.0,0.47,auto,SP
32.61,79.9,327.98,1.15,21875.0,0.41,market_place,RJ
15.1,28.9,660.45,0.4,5120.0,0.52,health_beauty,GO
9.45,125.9,11.82,0.5,9486.0,0.08,sports_leisure,MG
17.23,179.49,865.51,0.5,3264.0,0.1,auto,DF
19.88,92.0,1053.29,2.0,10800.0,0.22,health_beauty,RS
21.62,140.0,99.07,0.85,36000.0,0.15,industry_commerce_and_business,SP
15.73,89.9,343.82,2.0,23625.0,0.18,kitchen_dining_laundry_garden_furniture,RJ
23.01,62.0,846.03,3.98,39401.0,0.37,housewares,PR
14.44,219.0,12.98,5.7,32000.0,0.07,home_confort,SP
12.08,89.0,15.9,1.1,4050.0,0.14,auto,RJ
24.55,43.9,2245.53,1.1,9504.0,0.56,furniture_decor,CE
20.41,330.0,625.53,0.4,2992.0,0.06,health_beauty,MG
7.78,12.5,1.19,0.15,832.0,0.62,telephony,SP
8.25,130.0,46.88,0.12,6750.0,0.06,sports_leisure,SP
24.01,103.97,306.28,9.75,37260.0,0.23,furniture_living_room,SP
17.14,99.87,977.27,0.21,1836.0,0.17,health_beauty,GO
9.76,178.9,51.11,0.45,2048.0,0.06,fixed_telephony,RS
9.27,31.49,67.17,0.2,4312.0,0.29,health_beauty,SP
19.13,178.99,505.51,0.29,1632.0,0.11,watches_gifts,RJ
19.76,269.0,467.2,0.35,2340.0,0.07,watches_gifts,MG
13.75,55.0,124.51,0.9,19200.0,0.25,watches_gifts,SP
20.19,420.0,924.24,1.4,8294.0,0.05,health_beauty,SP
22.2,159.9,347.16,3.98,23736.0,0.14,bed_bath_table,PR
27.79,58.0,810.05,1.55,16740.0,0.48,sports_leisure,RJ
34.45,19.9,1148.15,0.1,3312.0,1.73,electronics,ES
14.79,99.9,382.9,0.8,8712.0,0.15,fashion_shoes,SP
26.24,200.0,312.23,9.75,12600.0,0.13,bed_bath_table,RJ
8.72,25.0,17.96,0.2,1344.0,0.35,sports_leisure,SP
23.71,129.99,913.2,1.53,16224.0,0.18,baby,RS
22.07,599.0,695.12,0.5,4096.0,0.04,watches_gifts,SP
18.3,59.9,748.88,1.15,7942.0,0.31,housewares,SP
26.47,169.9,2053.6,0.44,4480.0,0.16,watches_gifts,PE
27.34,356.8,1076.13,3.29,28125.0,0.08,cool_stuff,ES
17.66,59.0,1018.93,1.65,19800.0,0.3,garden_tools,RS
35.05,179.0,1405.03,2.84,23920.0,0.2,housewares,MA
18.72,258.76,312.38,9.6,42075.0,0.07,furniture_decor,SP
18.7,59.9,312.85,1.45,13024.0,0.31,housewares,DF
20.54,69.99,1579.1,1.05,16008.0,0.29,toys,MT
14.1,14.99,484.7,0.1,1235.0,0.94,computers_accessories,MG
12.79,12.99,295.4,0.15,1024.0,0.98,health_beauty,SP
34.44,199.99,426.47,16.65,87696.0,0.17,office_furniture,SP
32.2,29.99,947.92,0.57,8112.0,1.07,watches_gifts,MG
14.76,63.9,244.85,1.75,9600.0,0.23,kitchen_dining_laundry_garden_furniture,SP
14.3,169.9,121.09,1.95,10098.0,0.08,bed_bath_table,SP
12.22,144.99,97.82,1.05,19008.0,0.08,cool_stuff,SP
16.84,56.99,1706.34,0.25,3360.0,0.3,perfumery,BA
17.72,66.89,467.63,0.73,3060.0,0.26,watches_gifts,SP
21.3,115.0,639.58,2.15,23625.0,0.18,sports_leisure,SC
15.48,58.0,335.72,1.05,14000.0,0.27,luggage_accessories,MG
13.1,78.0,26.92,3.3,28420.0,0.17,furniture_decor,SP
10.96,44.99,207.69,0.3,3000.0,0.24,sports_leisure,SP
13.71,49.9,299.13,0.6,4800.0,0.28,bed_bath_table,SP
13.37,38.5,132.61,1.4,5376.0,0.35,furniture_decor,SP
16.45,69.0,859.36,0.75,27000.0,0.24,small_appliances,RS
18.23,17.9,1100.15,0.25,4800.0,1.02,bed_bath_table,RS
18.23,49.9,778.21,0.1,1600.0,0.36,fashion_bags_accessories,GO
25.63,29.0,673.07,0.2,1792.0,0.88,cool_stuff,BA
26.92,54.99,2005.9,1.3,2800.0,0.49,health_beauty,PE
15.39,90.0,517.17,2.58,56644.0,0.17,bed_bath_table,MG
18.57,52.64,202.59,0.35,6580.0,0.35,bed_bath_table,SP
15.61,122.99,474.99,0.4,3600.0,0.13,unknown,SC
3.84,79.0,685.3,0.65,4998.0,0.05,perfumery,RJ
9.28,129.99,3.67,1.0,32400.0,0.07,fashion_bags_accessories,SP
15.1,27.3,750.44,0.3,352.0,0.55,fashion_bags_accessories,DF
16.61,59.9,340.08,1.05,6929.0,0.28,bed_bath_table,SP
7.78,27.7,91.16,0.1,6000.0,0.28,auto,SP
10.96,26.0,62.37,0.27,2240.0,0.42,bed_bath_table,SP
13.08,54.9,132.12,2.05,20000.0,0.24,bed_bath_table,SP
15.11,38.9,737.68,0.6,12000.0,0.39,consoles_games,ES
14.23,89.0,25.44,1.18,17172.0,0.16,health_beauty,SP
11.81,59.99,59.1,0.8,24000.0,0.2,baby,SP
26.63,269.9,1117.78,2.95,49248.0,0.1,sports_leisure,ES
22.24,200.0,818.83,9.75,12600.0,0.11,bed_bath_table,GO
34.15,45.0,1931.87,0.15,576.0,0.76,consoles_games,PB
13.03,64.0,307.93,1.15,4096.0,0.2,small_appliances,SP
35.71,49.9,2105.05,0.6,4913.0,0.72,furniture_decor,PA
23.07,69.9,235.07,1.2,5187.0,0.33,health_beauty,MG
17.15,139.0,595.62,0.31,1920.0,0.12,watches_gifts,DF
18.23,19.9,500.27,0.2,2058.0,0.92,electronics,SC
32.78,60.0,86.66,11.1,94900.0,0.55,signaling_and_security,SP
12.9,33.9,168.72,0.2,3600.0,0.38,garden_tools,SP
7.78,24.99,101.7,0.2,1080.0,0.31,telephony,SP
7.94,84.89,68.44,0.32,3458.0,0.09,computers_accessories,SP
18.0,143.0,1620.25,1.25,10920.0,0.13,perfumery,SP
15.46,634.4,103.54,1.78,18876.0,0.02,stationery,SP
7.39,18.99,14.04,0.05,627.0,0.39,telephony,SP
22.93,40.8,720.92,2.2,4096.0,0.56,costruction_tools_garden,RJ
13.08,29.5,4.42,1.87,7776.0,0.44,cool_stuff,SP
7.71,15.0,15.39,0.2,2160.0,0.51,housewares,DF
7.86,55.0,9.26,0.25,640.0,0.14,watches_gifts,SP
13.91,127.0,306.81,1.85,59500.0,0.11,bed_bath_table,SP
15.1,21.9,832.65,0.15,6000.0,0.69,electronics,ES
13.5,68.9,287.76,0.98,4992.0,0.2,health_beauty,SP
16.46,99.9,701.04,0.65,1750.0,0.16,furniture_decor,SP
17.51,110.0,412.88,8.05,56250.0,0.16,baby,SC
13.72,99.9,220.79,1.25,9000.0,0.14,bed_bath_table,SP
15.23,45.0,1021.71,0.2,5967.0,0.34,home_appliances,GO
18.21,349.9,408.31,0.9,13200.0,0.05,furniture_decor,SC
54.45,300.0,1099.79,0.8,3528.0,0.18,computers_accessories,SP
11.93,130.0,148.81,1.6,24000.0,0.09,housewares,SP
15.52,109.99,565.66,0.22,4080.0,0.14,telephony,MG
13.15,69.9,459.22,0.49,9600.0,0.19,cool_stuff,SP
15.3,79.0,347.6,0.25,2816.0,0.19,health_beauty,RS
7.78,19.9,7.75,0.25,2700.0,0.39,audio,SP
14.6,40.0,747.98,0.1,612.0,0.36,fashion_bags_accessories,RJ
18.02,85.0,1164.83,0.32,9261.0,0.21,computers_accessories,RJ
34.04,109.97,323.1,9.7,37260.0,0.31,furniture_living_room,SP
17.63,21.99,2363.47,0.1,1140.0,0.8,telephony,CE
65.21,109.0,2112.24,6.55,31920.0,0.6,stationery,PE
12.79,49.0,389.31,0.4,640.0,0.26,watches_gifts,SP
17.67,59.9,1083.83,1.65,19800.0,0.3,garden_tools,RS
25.39,179.9,2068.46,0.62,4600.0,0.14,computers_accessories,SP
21.7,149.94,132.37,13.35,70224.0,0.14,office_furniture,SP
27.47,339.0,2441.8,0.5,8694.0,0.08,health_beauty,PA
14.06,69.0,292.78,1.0,1792.0,0.2,housewares,SP
7.78,11.99,14.85,0.15,5054.0,0.65,electronics,SP
11.1,69.9,288.71,0.35,3696.0,0.16,furniture_decor,SP
20.59,689.89,690.03,1.5,9075.0,0.03,consoles_games,SP
9.6,119.9,9.59,4.2,101528.0,0.08,bed_bath_table,SP
15.91,99.9,443.07,0.5,3240.0,0.16,cool_stuff,SP
15.1,18.9,882.76,0.15,3240.0,0.8,electronics,RS
12.53,82.0,55.28,1.06,6120.0,0.15,health_beauty,SP
0.0,199.0,711.27,0.34,3510.0,0.0,watches_gifts,MG
15.1,22.5,445.46,0.4,4704.0,0.67,toys,SP
21.07,165.9,383.47,8.98,48960.0,0.13,toys,PR
8.88,32.0,93.01,2.4,18750.0,0.28,housewares,SP
18.89,113.1,796.05,0.21,2912.0,0.17,toys,MG
15.39,89.99,335.0,0.25,3960.0,0.17,health_beauty,PR
27.59,149.9,1769.52,0.53,4840.0,0.18,computers_accessories,RJ
8.11,29.9,146.97,0.25,1200.0,0.27,health_beauty,SP
79.55,259.9,889.94,22.35,125504.0,0.31,luggage_accessories,RS
12.61,68.0,535.63,0.16,3240.0,0.18,computers_accessories,SP
29.59,113.9,295.55,11.45,72900.0,0.26,bed_bath_table,SP
15.1,22.9,454.95,0.25,2700.0,0.66,audio,MG
37.04,29.99,2376.29,0.3,816.0,1.24,telephony,PA
11.72,99.4,42.74,1.63,11400.0,0.12,cool_stuff,SP
16.99,78.0,1115.67,0.45,12000.0,0.22,furniture_decor,BA
17.4,379.0,755.12,7.8,57400.0,0.05,sports_leisure,SP
18.23,34.99,541.9,0.2,1200.0,0.52,computers_accessories,MG
8.29,26.9,40.25,0.54,3648.0,0.31,electronics,SP
12.72,109.9,66.98,1.3,9000.0,0.12,bed_bath_table,SP
16.95,99.99,747.86,4.47,32736.0,0.17,cool_stuff,ES
13.01,599.99,13.91,0.66,4256.0,0.02,watches_gifts,SP
14.1,49.0,316.14,0.25,640.0,0.29,fashion_bags_accessories,PR
27.49,166.99,346.34,2.42,16530.0,0.16,cool_stuff,PR
15.35,84.99,350.32,0.6,8151.0,0.18,health_beauty,RJ
41.11,159.99,303.3,13.7,102375.0,0.26,bed_bath_table,SP
7.68,59.99,16.7,0.15,3744.0,0.13,computers_accessories,SP
16.25,69.99,925.39,0.5,4180.0,0.23,toys,RS
16.45,36.9,323.68,0.45,2160.0,0.45,auto,SP
17.52,395.65,593.21,0.3,2700.0,0.04,health_beauty,MG
7.39,19.9,94.82,0.15,4000.0,0.37,computers_accessories,SP
31.02,29.99,3142.68,0.2,4096.0,1.03,fashion_bags_accessories,MA
9.27,20.49,70.84,0.68,6300.0,0.45,food,SP
51.33,149.0,957.68,6.55,27000.0,0.34,bed_bath_table,MG
13.45,220.0,24.71,5.25,13824.0,0.06,music,SP
14.66,80.99,373.2,1.65,5148.0,0.18,health_beauty,SP
15.23,12.0,823.13,0.55,1584.0,1.27,health_beauty,GO
18.87,110.32,325.51,0.15,990.0,0.17,health_beauty,PR
15.24,69.99,561.05,0.18,600.0,0.22,consoles_games,SP
10.46,149.91,124.4,1.24,15504.0,0.07,computers_accessories,SP
23.64,110.0,929.53,2.2,40000.0,0.22,pet_shop,SC
12.24,76.11,119.28,0.85,3360.0,0.16,garden_tools,SP
18.69,206.11,464.51,0.56,5376.0,0.09,perfumery,MG
21.18,98.0,290.66,7.3,48000.0,0.22,unknown,RJ
11.92,59.9,252.9,0.35,8000.0,0.2,sports_leisure,SP
15.55,209.0,289.67,0.34,3510.0,0.07,watches_gifts,SP
9.27,27.89,50.43,0.38,704.0,0.33,unknown,SP
14.1,24.99,866.91,0.07,3888.0,0.56,fashion_bags_accessories,DF
20.98,69.9,706.52,2.6,15000.0,0.3,furniture_decor,MG
18.41,43.9,760.45,0.13,1760.0,0.42,sports_leisure,RJ
16.46,38.4,732.38,1.4,12000.0,0.43,furniture_decor,ES
14.76,144.9,737.52,0.5,8000.0,0.1,auto,ES
14.1,15.6,378.74,0.5,27000.0,0.9,furniture_decor,RJ
18.31,29.9,847.12,0.35,3500.0,0.61,books_general_interest,GO
11.15,54.9,38.35,1.7,7590.0,0.2,bed_bath_table,SP
15.38,89.9,608.51,1.38,20000.0,0.17,bed_bath_table,RJ
18.44,39.0,348.05,0.15,2048.0,0.47,home_appliances,MG
10.86,79.97,111.27,8.81,45968.0,0.14,sports_leisure,SP
37.21,199.6,58.44,0.5,101200.0,0.19,home_appliances,SP
15.58,69.0,365.68,0.35,640.0,0.23,fashion_bags_accessories,RJ
16.99,79.27,831.27,0.7,8280.0,0.21,sports_leisure,MG
11.45,119.9,402.28,0.5,3645.0,0.1,cool_stuff,SP
18.59,50.0,1420.15,6.6,39375.0,0.37,baby,BA
14.1,29.0,526.9,0.54,3648.0,0.49,electronics,MG
14.32,269.0,176.14,0.35,2340.0,0.05,watches_gifts,SP
39.52,144.5,703.72,3.5,30000.0,0.27,bed_bath_table,RJ
13.75,55.99,54.44,0.85,21450.0,0.25,bed_bath_table,SP
19.93,499.0,1429.17,0.19,9900.0,0.04,telephony,RS
7.39,14.5,21.22,0.08,627.0,0.51,telephony,SP
19.29,199.9,211.26,4.7,72928.0,0.1,bed_bath_table,SP
18.29,70.0,336.55,1.85,27000.0,0.26,furniture_decor,RJ
15.64,209.5,449.07,0.6,5865.0,0.08,computers_accessories,SC
8.72,53.9,44.68,0.55,8160.0,0.16,sports_leisure,SP
38.73,169.0,2253.41,7.55,34800.0,0.23,stationery,MA
18.45,49.99,853.7,0.25,3360.0,0.37,perfumery,GO
18.59,69.9,934.76,0.05,3200.0,0.27,auto,RS
17.94,99.0,362.86,6.15,34800.0,0.18,stationery,RJ
21.28,329.9,760.69,0.54,5616.0,0.06,perfumery,RS
13.97,54.99,324.97,0.85,9375.0,0.25,bed_bath_table,SP
15.14,55.0,838.15,0.15,352.0,0.28,watches_gifts,MS
11.65,109.9,368.25,0.5,4224.0,0.11,cool_stuff,RJ
15.1,49.99,498.44,0.25,836.0,0.3,telephony,RJ
11.15,74.9,57.33,1.5,12540.0,0.15,bed_bath_table,SP
7.51,35.49,35.47,0.2,4312.0,0.21,health_beauty,SP
18.87,89.9,1488.56,1.5,20000.0,0.21,toys,BA
17.74,75.99,31.3,2.58,56644.0,0.23,bed_bath_table,SP
16.25,69.9,364.22,0.6,15000.0,0.23,toys,RJ
21.62,378.0,543.68,0.46,2772.0,0.06,watches_gifts,MG
23.28,49.99,957.0,1.05,4800.0,0.47,bed_bath_table,BA
17.05,114.9,477.57,7.3,39882.0,0.15,baby,MG
15.1,49.9,395.28,0.22,3519.0,0.3,baby,MG
31.43,119.0,478.86,1.58,38610.0,0.26,bed_bath_table,MG
15.42,45.9,480.28,0.2,532.0,0.34,consoles_games,MG
23.14,79.98,17.42,7.46,125440.0,0.29,office_furniture,SP
87.01,263.99,637.08,5.7,125125.0,0.33,baby,SC
9.34,40.14,97.01,0.2,13650.0,0.23,home_appliances,SP
10.96,20.94,178.31,0.5,2380.0,0.52,unknown,SP
17.98,220.0,1125.08,3.5,23625.0,0.08,bed_bath_table,MT
9.33,110.0,13.33,0.35,4500.0,0.08,health_beauty,PR
139.18,535.04,1823.42,12.1,90000.0,0.26,garden_tools,BA
10.47,449.0,594.01,10.65,27104.0,0.02,garden_tools,MG
7.78,25.9,29.79,0.15,2816.0,0.3,sports_leisure,SP
9.44,39.9,79.09,0.5,2304.0,0.24,sports_leisure,SP
15.27,169.0,213.87,1.66,7875.0,0.09,health_beauty,SP
16.05,10.99,766.56,0.1,1040.0,1.46,fixed_telephony,RS
22.87,79.99,20.93,6.8,55332.0,0.29,furniture_decor,SP
13.71,28.5,49.4,1.25,31920.0,0.48,stationery,SP
14.87,59.9,141.79,1.3,8000.0,0.25,health_beauty,SC
25.63,35.79,2070.68,0.22,3315.0,0.72,health_beauty,PE
24.11,219.0,841.07,1.55,8118.0,0.11,sports_leisure,RS
14.1,10.5,452.94,0.15,8400.0,1.34,home_construction,SP
16.25,69.9,740.69,0.92,36036.0,0.23,sports_leisure,DF
16.11,45.9,142.82,1.2,25088.0,0.35,stationery,SP
19.26,79.99,107.15,2.8,27000.0,0.24,housewares,SP
23.68,156.99,384.94,5.33,56800.0,0.15,bed_bath_table,SC
7.78,29.0,52.83,0.25,352.0,0.27,watches_gifts,SP
22.06,14.9,1203.99,0.2,2700.0,1.48,audio,MT
14.52,14.5,137.18,0.15,3000.0,1.0,sports_leisure,PR
15.26,53.65,520.55,0.42,7392.0,0.28,cool_stuff,SP
16.79,16.99,856.72,0.2,2052.0,0.99,housewares,SC
17.84,84.44,476.66,2.15,15548.0,0.21,bed_bath_table,SP
29.66,199.9,2130.42,3.65,13500.0,0.15,sports_leisure,PE
23.49,699.99,1037.74,6.25,48000.0,0.03,toys,RS
9.17,59.9,10.51,1.0,15552.0,0.15,furniture_decor,SP
51.36,122.99,2353.77,0.4,3600.0,0.42,unknown,RO
14.1,44.9,846.86,0.12,720.0,0.31,health_beauty,SP
15.36,169.9,378.52,0.2,1936.0,0.09,watches_gifts,RJ
21.66,52.0,335.85,1.85,26208.0,0.42,electronics,RJ
23.58,110.0,502.21,2.2,40000.0,0.21,pet_shop,SP
11.88,54.49,290.92,0.25,1260.0,0.22,health_beauty,SP
17.97,98.99,806.91,0.4,4050.0,0.18,sports_leisure,SP
11.85,28.9,364.76,0.27,2240.0,0.41,bed_bath_table,SP
26.03,169.9,452.56,3.4,17472.0,0.15,furniture_decor,PR
17.99,105.9,553.91,0.84,11880.0,0.17,bed_bath_table,RJ
13.37,35.9,230.4,1.1,17576.0,0.37,sports_leisure,SP
24.97,250.0,434.3,2.35,36750.0,0.1,baby,SC
37.04,27.9,2071.23,0.05,2550.0,1.33,auto,PE
19.45,129.99,1327.17,0.38,8120.0,0.15,baby,RS
17.06,32.99,863.33,0.25,5130.0,0.52,auto,SP
21.44,135.0,772.14,1.85,12000.0,0.16,bed_bath_table,RS
17.88,89.9,588.94,1.38,20000.0,0.2,bed_bath_table,RJ
12.48,31.9,503.03,0.55,3570.0,0.39,health_beauty,SP
18.23,50.0,672.69,0.55,25000.0,0.36,baby,DF
22.1,89.99,355.77,2.1,45000.0,0.25,unknown,RJ
74.7,249.9,873.7,5.65,106580.0,0.3,cool_stuff,SP
37.37,329.9,602.51,13.3,84640.0,0.11,garden_tools,MG
16.12,145.0,378.4,0.25,2210.0,0.11,computers_accessories,SP
21.37,269.0,336.04,3.6,15660.0,0.08,musical_instruments,RJ
15.11,50.9,685.92,0.35,3344.0,0.3,housewares,SC
17.67,59.9,1033.18,1.5,19800.0,0.3,garden_tools,RS
8.86,228.0,16.53,0.25,3168.0,0.04,perfumery,SP
8.83,155.0,92.13,0.61,6480.0,0.06,computers_accessories,SP
17.67,59.9,334.88,1.2,3000.0,0.3,furniture_decor,PR
7.87,10.8,47.36,0.1,1872.0,0.73,home_appliances,SP
13.07,159.9,40.2,0.79,4256.0,0.08,health_beauty,RJ
7.39,10.0,96.34,0.25,4500.0,0.74,auto,SP
17.77,189.99,823.17,0.6,1904.0,0.09,toys,PR
20.76,359.9,658.42,2.6,7500.0,0.06,auto,RJ
18.38,39.99,298.06,0.35,3800.0,0.46,bed_bath_table,MG
7.39,12.25,13.63,0.18,3872.0,0.6,electronics,SP
18.29,148.0,746.15,1.01,13104.0,0.12,sports_leisure,ES
7.78,55.0,23.3,0.25,640.0,0.14,watches_gifts,SP
15.1,48.89,524.6,0.24,4522.0,0.31,health_beauty,PR
9.32,130.0,75.24,0.2,1872.0,0.07,home_appliances,SP
9.0,69.9,258.11,0.8,23625.0,0.13,bed_bath_table,SP
0.0,116.9,269.11,0.58,2288.0,0.0,watches_gifts,MG
39.6,329.0,647.41,9.15,8712.0,0.12,garden_tools,RJ
20.84,34.9,433.17,2.15,14250.0,0.6,housewares,RJ
9.71,113.85,87.28,1.05,6912.0,0.08,home_construction,SP
19.04,24.98,2356.79,0.35,4352.0,0.76,housewares,CE
12.79,47.59,358.54,0.3,3024.0,0.27,home_appliances,SP
18.23,28.7,336.2,0.2,352.0,0.64,fashion_bags_accessories,MG
14.16,58.9,472.34,0.45,38352.0,0.24,luggage_accessories,SP
31.83,725.0,318.67,6.08,64736.0,0.04,toys,MG
26.09,116.0,942.07,0.4,3240.0,0.22,sports_leisure,DF
17.29,64.9,898.42,0.8,13600.0,0.27,furniture_decor,ES
15.1,35.0,379.82,0.5,4600.0,0.43,toys,MG
7.78,44.95,15.49,0.25,5566.0,0.17,toys,SP
23.06,72.99,728.94,2.8,27000.0,0.32,housewares,GO
15.88,161.6,918.02,0.3,5967.0,0.1,home_appliances,DF
14.53,299.99,7.14,8.7,52000.0,0.05,furniture_living_room,MG
14.24,69.0,334.54,0.11,490.0,0.21,computers_accessories,RJ
41.51,688.0,2058.86,0.87,1960.0,0.06,watches_gifts,PE
11.52,129.9,47.47,1.5,15000.0,0.09,health_beauty,RJ
32.63,101.0,2642.7,0.4,2592.0,0.32,watches_gifts,RN
17.52,86.9,203.72,1.38,20000.0,0.2,bed_bath_table,SP
15.56,115.0,514.98,0.45,8000.0,0.14,books_general_interest,SP
18.33,154.9,428.89,1.7,38500.0,0.12,stationery,MG
8.82,39.4,57.47,1.55,6072.0,0.22,home_appliances,SP
23.81,94.9,734.67,0.62,7429.0,0.25,pet_shop,BA
16.11,46.4,843.52,0.18,2288.0,0.35,health_beauty,SP
26.44,229.0,341.65,11.7,49950.0,0.12,luggage_accessories,MG
23.12,77.0,797.84,5.2,49500.0,0.3,agro_industry_and_commerce,RS
15.1,8.33,239.68,0.5,15625.0,1.81,auto,SP
17.31,124.99,330.49,0.38,8120.0,0.14,baby,ES
23.61,147.0,555.37,2.15,5408.0,0.16,garden_tools,SP
20.5,459.9,1099.16,0.2,6000.0,0.04,health_beauty,RJ
17.9,93.5,466.99,1.65,18375.0,0.19,furniture_decor,SP
36.37,149.9,2072.07,0.53,4840.0,0.24,computers_accessories,SP
26.69,313.9,1642.46,0.49,5780.0,0.08,perfumery,RO
8.79,40.0,172.2,0.75,8400.0,0.22,fashion_male_clothing,SP
18.36,29.89,927.59,0.75,9464.0,0.61,toys,GO
14.52,45.9,334.57,0.6,1800.0,0.32,furniture_decor,PR
32.81,46.99,565.49,9.1,27000.0,0.7,housewares,SC
17.63,49.9,2085.5,0.32,4320.0,0.35,baby,PE
98.02,109.0,802.16,7.45,51712.0,0.9,sports_leisure,MS
16.14,99.9,1208.43,0.7,3528.0,0.16,luggage_accessories,MS
15.1,19.9,391.48,0.1,2816.0,0.76,computers_accessories,RS
7.78,34.5,18.8,0.05,7200.0,0.23,computers_accessories,SP
18.23,13.99,535.53,0.15,352.0,1.3,garden_tools,SP
25.54,170.0,1463.92,0.7,10080.0,0.15,telephony,SP
23.49,166.99,525.58,2.42,16530.0,0.14,cool_stuff,MG
19.32,36.9,403.44,0.65,4928.0,0.52,bed_bath_table,RS
7.39,12.9,14.92,0.15,2800.0,0.57,electronics,SP
18.28,878.0,545.99,2.7,54872.0,0.02,computers_accessories,SP
10.96,45.49,65.48,0.29,1232.0,0.24,electronics,SP
27.52,430.0,21.02,30.0,75000.0,0.06,office_furniture,SP
11.42,57.7,69.46,0.98,33005.0,0.2,health_beauty,SP
36.24,59.0,1285.43,5.5,37600.0,0.61,cine_photo,MG
18.45,49.9,495.35,0.2,9504.0,0.37,books_general_interest,SC
17.63,28.9,330.14,0.3,8000.0,0.61,housewares,RJ
16.88,159.77,474.37,0.45,3600.0,0.11,unknown,PR
34.94,36.9,1997.31,0.3,8000.0,0.95,toys,MA
15.23,15.99,338.78,0.25,8000.0,0.95,stationery,RJ
13.37,34.9,136.56,3.7,32384.0,0.38,housewares,SP
27.36,89.99,844.66,1.4,5544.0,0.3,health_beauty,MG
11.85,24.5,542.52,0.1,2304.0,0.48,consoles_games,SP
16.99,79.0,1124.08,0.12,2210.0,0.22,watches_gifts,MG
56.73,119.9,3162.01,0.3,2912.0,0.47,computers_accessories,RN
52.34,179.9,223.23,16.13,92925.0,0.29,office_furniture,SP
18.65,492.04,544.13,0.55,4368.0,0.04,watches_gifts,RJ
21.75,129.8,844.57,7.0,43400.0,0.17,toys,SP
9.17,59.89,34.71,0.85,1518.0,0.15,books_imported,SP
8.8,99.0,18.09,0.4,2772.0,0.09,watches_gifts,SP
12.9,110.0,551.84,0.19,4800.0,0.12,computers_accessories,SP
10.06,149.99,8.94,0.37,6615.0,0.07,toys,RJ
57.37,99.98,484.08,12.7,69300.0,0.57,office_furniture,RJ
0.0,199.0,2170.81,0.34,3510.0,0.0,watches_gifts,CE
16.32,79.9,327.86,0.6,10560.0,0.2,computers_accessories,RJ
58.14,175.9,352.23,16.13,92925.0,0.33,office_furniture,PR
47.54,119.0,203.77,15.7,92340.0,0.4,pet_shop,SP
13.85,69.9,307.01,0.85,16875.0,0.2,bed_bath_table,SP
14.01,59.9,91.79,0.43,4845.0,0.23,health_beauty,RJ
18.35,35.33,520.84,0.55,25920.0,0.52,food,RJ
16.62,122.9,667.81,1.8,4500.0,0.14,bed_bath_table,RJ
15.23,29.99,338.61,0.3,816.0,0.51,telephony,RJ
23.99,119.9,820.07,1.05,14820.0,0.2,toys,RJ
12.45,135.0,172.28,2.15,12000.0,0.09,bed_bath_table,SP
45.73,179.99,277.7,19.4,120960.0,0.25,office_furniture,SP
4.57,40.0,1146.45,0.28,3200.0,0.11,consoles_games,BA
18.32,31.98,769.09,0.35,3465.0,0.57,housewares,SP
15.1,20.0,598.08,0.3,4320.0,0.76,computers_accessories,SC
12.86,27.9,222.2,0.2,880.0,0.46,perfumery,SP
11.85,11.99,68.47,0.28,864.0,0.99,telephony,SP
21.67,169.0,410.23,2.15,22500.0,0.13,auto,SP
105.48,189.9,481.78,30.0,207270.0,0.56,sports_leisure,SP
12.97,89.99,528.29,0.25,3960.0,0.14,health_beauty,SP
12.9,80.0,335.41,0.7,20250.0,0.16,bed_bath_table,SP
16.11,26.69,442.47,0.57,8112.0,0.6,watches_gifts,SP
27.44,84.9,2305.11,0.75,9912.0,0.32,sports_leisure,SP
41.89,129.99,714.0,6.2,33852.0,0.32,housewares,MG
19.26,645.0,801.66,5.25,12167.0,0.03,sports_leisure,SC
4.07,19.9,402.81,0.25,7865.0,0.2,baby,RJ
10.22,12.17,9.91,0.75,4576.0,0.84,housewares,SP
21.27,169.99,143.21,3.35,49600.0,0.12,fashion_bags_accessories,MG
7.78,57.99,19.78,0.2,5712.0,0.13,pet_shop,SP
13.67,79.99,638.32,0.55,5040.0,0.17,perfumery,ES
19.28,199.9,597.0,0.3,1936.0,0.1,watches_gifts,PR
16.44,239.99,822.43,0.52,4048.0,0.07,computers_accessories,RS
7.39,25.0,9.54,0.5,8993.0,0.3,food,SP
46.27,259.0,414.64,10.15,53400.0,0.18,housewares,RS
16.11,44.9,393.97,0.6,6000.0,0.36,bed_bath_table,PR
37.36,95.0,1342.33,0.55,5700.0,0.39,watches_gifts,BA
25.02,75.0,2217.45,0.4,7500.0,0.33,signaling_and_security,RN
27.49,179.0,233.44,7.65,8000.0,0.15,garden_tools,MG
26.97,64.96,17.8,17.9,80388.0,0.42,housewares,SP
13.53,200.0,125.83,0.4,2816.0,0.07,watches_gifts,SC
13.47,32.9,647.34,0.1,2400.0,0.41,air_conditioning,SP
14.52,50.0,381.41,0.3,3520.0,0.29,health_beauty,ES
19.81,119.9,419.31,3.1,31200.0,0.16,stationery,SP
82.92,230.0,710.8,12.25,70875.0,0.36,furniture_decor,MS
7.78,45.0,20.07,0.2,352.0,0.17,watches_gifts,SP
45.38,199.0,555.38,5.38,40145.0,0.23,housewares,SP
15.1,49.0,727.3,0.25,352.0,0.31,fashion_bags_accessories,MG
12.49,199.0,51.78,1.95,27588.0,0.06,cool_stuff,RS
16.11,22.5,417.14,0.5,3910.0,0.72,toys,SP
27.19,127.26,457.52,2.1,16704.0,0.21,construction_tools_construction,SC
52.72,52.58,2213.72,0.9,7872.0,1.0,bed_bath_table,MA
13.4,54.9,471.65,0.5,33120.0,0.24,luggage_accessories,MG
34.32,149.9,492.79,6.51,89984.0,0.23,housewares,SP
15.23,15.9,896.01,0.25,3072.0,0.96,housewares,MS
17.62,52.99,514.98,0.9,27540.0,0.33,health_beauty,MG
56.92,119.0,802.34,18.15,102500.0,0.48,housewares,GO
14.1,37.0,329.9,0.4,12000.0,0.38,industry_commerce_and_business,SP
14.57,119.9,473.48,1.35,5544.0,0.12,health_beauty,SP
38.55,143.0,1792.54,1.25,10920.0,0.27,perfumery,RJ
9.27,36.49,49.0,0.2,3640.0,0.25,sports_leisure,SP
13.08,38.4,18.99,0.65,14000.0,0.34,furniture_decor,SP
18.0,449.99,13.25,12.9,45000.0,0.04,unknown,SP
59.32,1260.0,1249.55,9.65,57800.0,0.05,computers_accessories,SP
22.06,11.5,444.28,0.1,900.0,1.92,consoles_games,ES
22.67,23.99,2466.21,0.18,3672.0,0.94,telephony,RO
19.0,119.9,337.61,0.4,4400.0,0.16,toys,SP
11.03,59.99,121.4,0.37,4522.0,0.18,sports_leisure,SP
18.24,51.9,788.36,0.05,816.0,0.35,auto,SC
12.01,39.9,91.85,1.3,18750.0,0.3,furniture_decor,SP
60.53,66.99,2472.43,0.35,2964.0,0.9,health_beauty,MS
28.06,19.95,74.42,0.17,2156.0,1.41,auto,SP
17.93,39.9,345.64,1.94,12768.0,0.45,home_appliances_2,RJ
19.64,56.99,1291.39,1.1,2560.0,0.34,bed_bath_table,BA
15.23,29.99,365.72,0.45,3192.0,0.51,books_general_interest,RJ
19.83,84.9,1821.43,0.85,8712.0,0.23,fashion_shoes,BA
113.45,572.0,2167.14,15.35,88360.0,0.2,cool_stuff,PB
7.43,24.9,132.09,0.2,600.0,0.3,bed_bath_table,SP
7.52,37.0,51.34,0.4,10000.0,0.2,toys,SP
125.99,600.0,524.7,0.71,3458.0,0.21,watches_gifts,RJ
14.14,80.0,308.06,0.88,18000.0,0.18,bed_bath_table,SP
18.5,56.9,299.55,0.6,3000.0,0.32,sports_leisure,SP
12.97,120.0,250.97,0.15,2850.0,0.11,pet_shop,MG
15.1,24.9,500.18,0.52,8100.0,0.61,housewares,SP
9.34,28.0,86.41,0.5,10890.0,0.33,books_technical,SP
41.24,68.65,590.76,5.9,25025.0,0.6,housewares,SP
16.11,17.0,508.91,2.13,15000.0,0.95,housewares,MG
19.36,169.9,28.0,8.75,18375.0,0.11,housewares,SP
18.23,38.9,667.72,0.75,4800.0,0.47,bed_bath_table,DF
23.42,89.0,354.06,1.05,8000.0,0.26,small_appliances,RJ
15.1,29.9,307.54,0.4,4788.0,0.5,furniture_decor,SP
21.38,499.99,854.77,0.48,3240.0,0.04,watches_gifts,RS
40.9,1790.0,30.61,15.6,86526.0,0.02,sports_leisure,SP
16.35,53.99,822.8,0.65,6480.0,0.3,cine_photo,RS
42.14,655.0,2141.83,0.71,3458.0,0.06,watches_gifts,PB
9.62,9.9,143.35,0.3,880.0,0.97,furniture_decor,SP
7.78,28.9,34.51,0.2,2378.0,0.27,computers_accessories,MG
24.35,139.0,2216.0,0.35,1056.0,0.18,unknown,SP
39.43,119.0,11.44,18.15,102500.0,0.33,housewares,SP
23.66,105.0,1207.39,1.0,7632.0,0.22,watches_gifts,GO
23.08,40.0,771.56,1.35,12000.0,0.58,furniture_decor,RS
12.58,64.99,216.2,0.18,3094.0,0.19,baby,MG
8.65,69.99,9.24,0.45,1280.0,0.12,computers_accessories,SP
16.11,45.9,335.5,0.8,8000.0,0.35,bed_bath_table,PR
15.1,15.0,825.2,0.3,4500.0,1.01,auto,RS
14.45,120.0,25.78,2.35,18720.0,0.12,housewares,SP
23.77,139.0,460.99,1.45,8000.0,0.17,housewares,PR
21.12,89.9,650.47,1.38,20000.0,0.24,bed_bath_table,RJ
13.95,150.0,45.76,4.0,31500.0,0.09,furniture_decor,SP
15.1,29.9,866.68,0.3,15000.0,0.5,toys,RS
15.15,199.9,368.11,0.5,4284.0,0.08,watches_gifts,RJ
15.65,110.32,547.21,0.2,990.0,0.14,health_beauty,SC
17.37,89.9,272.32,1.47,16074.0,0.19,bed_bath_table,SP
7.78,23.99,26.0,0.1,4500.0,0.32,health_beauty,SP
16.0,79.9,131.79,16.25,37206.0,0.2,luggage_accessories,SP
7.52,37.0,16.62,0.1,1728.0,0.2,computers_accessories,SP
24.57,21.9,253.36,0.6,6272.0,1.12,auto,SP
20.0,225.0,852.71,8.95,31500.0,0.09,furniture_decor,RS
11.85,16.0,383.34,0.05,2420.0,0.74,sports_leisure,SP
15.67,66.3,574.74,0.9,7875.0,0.24,furniture_decor,RJ
18.23,26.9,423.11,0.2,15680.0,0.68,health_beauty,MG
9.16,58.9,193.41,3.02,4410.0,0.16,health_beauty,SP
23.57,99.9,732.83,2.5,12000.0,0.24,furniture_decor,MG
13.2,369.9,47.32,0.58,4641.0,0.04,perfumery,RJ
14.1,39.9,494.22,0.2,1875.0,0.35,unknown,SP
14.06,149.0,39.43,1.7,26250.0,0.09,toys,SP
16.96,74.9,890.58,0.18,2210.0,0.23,computers_accessories,RJ
7.78,19.9,29.33,0.15,1680.0,0.39,sports_leisure,SP
7.61,49.9,113.18,0.15,1600.0,0.15,fashion_bags_accessories,SP
26.5,130.0,539.85,7.4,57000.0,0.2,baby,MG
16.65,219.9,190.39,2.6,13984.0,0.08,bed_bath_table,SP
19.32,49.0,375.4,0.35,8349.0,0.39,baby,SP
12.43,134.9,142.32,1.55,11340.0,0.09,bed_bath_table,SP
17.6,47.49,550.08,1.17,5280.0,0.37,furniture_decor,PR
14.1,17.99,359.32,0.18,648.0,0.78,telephony,RJ
15.11,33.9,815.82,0.61,8190.0,0.45,costruction_tools_garden,RS
10.0,99.0,286.4,0.4,2772.0,0.1,watches_gifts,SP
18.34,26.9,1465.31,0.75,11250.0,0.68,sports_leisure,BA
21.6,114.9,1868.34,0.3,6992.0,0.19,luggage_accessories,CE
18.31,29.99,1002.21,0.73,8778.0,0.61,housewares,MG
19.84,249.0,790.25,0.39,2618.0,0.08,watches_gifts,MG
16.0,80.0,662.12,0.15,1200.0,0.2,telephony,RJ
11.77,54.9,303.46,0.85,2500.0,0.21,housewares,SP
11.85,41.99,207.81,0.45,2560.0,0.28,bed_bath_table,SP
26.96,239.9,1281.97,0.25,1596.0,0.11,health_beauty,RS
25.38,39.9,2539.64,0.8,3072.0,0.64,books_general_interest,PB
16.11,35.0,875.21,1.5,19760.0,0.46,home_appliances,MS
42.91,89.99,2036.11,1.9,15750.0,0.48,baby,PE
20.03,319.0,351.82,1.75,23452.0,0.06,pet_shop,SP
21.02,75.99,633.84,1.3,39375.0,0.28,bed_bath_table,RJ
10.06,129.95,78.2,9.95,59488.0,0.08,home_construction,SP
18.23,28.49,441.24,0.1,2550.0,0.64,auto,MG
22.03,219.9,367.04,4.03,13800.0,0.1,bed_bath_table,PR
18.17,79.99,407.39,0.25,3960.0,0.23,health_beauty,SC
17.99,59.9,908.81,0.7,45000.0,0.3,sports_leisure,MG
14.11,43.51,343.58,0.42,1120.0,0.32,toys,RJ
16.22,65.49,665.31,0.7,13950.0,0.25,furniture_decor,PR
27.23,129.9,900.69,4.55,8000.0,0.21,sports_leisure,RS
16.79,39.9,1327.19,0.22,2431.0,0.42,pet_shop,BA
21.26,59.9,842.41,7.0,32994.0,0.36,housewares,DF
18.73,144.99,119.85,8.7,45084.0,0.13,office_furniture,SP
37.92,89.0,739.26,9.0,19656.0,0.43,garden_tools,SP
11.72,99.95,17.61,1.95,13500.0,0.12,cine_photo,SP
18.14,205.0,346.66,2.9,12600.0,0.09,bed_bath_table,SP
15.1,13.9,944.13,0.25,4800.0,1.09,bed_bath_table,RS
18.81,139.99,411.91,4.8,56400.0,0.13,toys,MG
26.19,174.33,665.49,0.38,15428.0,0.15,luggage_accessories,MG
57.32,119.99,301.66,6.55,8000.0,0.48,computers_accessories,SP
13.78,59.99,569.49,0.95,17500.0,0.23,health_beauty,SP
23.46,99.0,464.12,7.0,38475.0,0.24,housewares,MG
12.43,99.99,71.98,1.7,19500.0,0.12,art,SP
22.5,349.99,2095.25,0.54,1536.0,0.06,watches_gifts,PE
14.37,89.0,505.89,0.95,640.0,0.16,watches_gifts,MG
12.9,79.9,190.06,1.1,12600.0,0.16,bed_bath_table,SP
21.19,99.9,345.2,0.95,13500.0,0.21,sports_leisure,MG
15.1,26.69,448.47,0.57,8112.0,0.57,watches_gifts,SP
17.22,138.0,815.52,4.87,56000.0,0.12,bed_bath_table,GO
16.24,69.0,377.48,0.75,27000.0,0.24,small_appliances,MG
19.56,330.0,836.0,2.65,20250.0,0.06,furniture_decor,RS
16.6,35.99,310.33,1.25,12000.0,0.46,bed_bath_table,RJ
47.89,329.0,1906.86,5.9,10976.0,0.15,auto,CE
16.79,20.3,1465.13,0.2,352.0,0.83,unknown,MT
14.29,44.5,250.12,2.6,26400.0,0.32,health_beauty,RJ
14.65,35.97,616.71,0.4,10764.0,0.41,bed_bath_table,DF
13.98,89.0,533.55,1.55,8960.0,0.16,bed_bath_table,SP
12.03,99.99,10.53,1.7,19500.0,0.12,art,SP
13.37,24.9,303.99,1.05,5500.0,0.54,furniture_decor,SP
12.79,28.99,408.17,0.55,2560.0,0.44,bed_bath_table,SP
22.62,90.0,744.65,1.5,22500.0,0.25,auto,SC
15.1,37.9,997.69,0.5,14616.0,0.4,construction_tools_safety,MG
58.42,250.0,485.75,13.65,70875.0,0.23,furniture_decor,RJ
22.85,147.0,232.71,5.6,41040.0,0.16,bed_bath_table,SP
38.41,100.9,875.48,0.95,6656.0,0.38,computers_accessories,RJ
16.11,44.99,928.38,0.81,1920.0,0.36,computers_accessories,RS
28.8,899.9,2210.08,16.2,49000.0,0.03,small_appliances,PB
15.56,69.9,56.74,0.85,18000.0,0.22,pet_shop,MG
17.03,119.88,865.54,2.0,25792.0,0.14,housewares,RS
17.67,59.9,322.76,1.85,32560.0,0.3,garden_tools,PR
15.1,34.9,765.42,0.2,8008.0,0.43,toys,RS
12.43,69.9,2.32,2.6,15000.0,0.18,furniture_decor,SP
17.88,89.9,602.18,1.82,21200.0,0.2,home_confort,RJ
12.0,289.0,362.12,0.2,960.0,0.04,computers_accessories,SP
18.43,78.0,952.65,1.25,3045.0,0.24,books_technical,RJ
25.38,34.99,2272.15,0.3,2964.0,0.72,health_beauty,RJ
40.37,149.0,353.97,6.55,8000.0,0.27,computers_accessories,RJ
24.7,49.9,855.98,7.05,22050.0,0.5,pet_shop,RS
13.86,119.9,180.56,1.5,4692.0,0.12,bed_bath_table,SP
9.99,44.0,1541.99,0.25,1056.0,0.23,stationery,MT
12.79,45.0,418.16,0.2,4096.0,0.28,construction_tools_lights,SP
14.1,16.0,822.75,0.05,2420.0,0.88,sports_leisure,GO
20.43,667.0,533.31,0.55,2808.0,0.03,watches_gifts,GO
12.48,22.9,537.08,0.15,2100.0,0.55,musical_instruments,SP
9.42,15.0,130.67,0.15,2800.0,0.63,electronics,SP
16.85,139.99,36.5,9.15,63700.0,0.12,office_furniture,SP
8.03,110.0,5.91,0.15,8000.0,0.07,health_beauty,SP
15.27,265.35,537.92,0.85,6750.0,0.06,computers_accessories,SP
7.74,68.34,11.26,0.18,6137.0,0.11,perfumery,SP
16.11,46.99,937.35,0.9,48000.0,0.34,furniture_decor,RS
18.51,89.99,355.81,0.3,6318.0,0.21,pet_shop,SP
13.37,49.9,302.23,1.75,32560.0,0.27,garden_tools,SP
28.89,99.99,312.73,6.05,8000.0,0.29,garden_tools,SP
11.85,18.99,147.98,0.3,2560.0,0.62,bed_bath_table,SP
18.23,139.99,534.92,0.62,9867.0,0.13,toys,PR
27.4,64.8,1580.93,1.1,15840.0,0.42,auto,BA
35.65,269.9,967.5,3.4,22724.0,0.13,bed_bath_table,RS
41.74,185.0,91.26,5.05,71456.0,0.23,agro_industry_and_commerce,SP
7.78,14.99,64.0,0.2,1600.0,0.52,auto,SP
18.41,43.9,421.39,0.53,11718.0,0.42,cool_stuff,SC
16.45,69.0,348.32,0.75,27000.0,0.24,small_appliances,PR
48.04,169.0,418.62,10.75,64449.0,0.28,furniture_bedroom,SP
15.1,49.9,804.03,0.2,1764.0,0.3,sports_leisure,GO
15.62,123.9,563.83,0.6,3712.0,0.13,cool_stuff,RJ
7.78,39.0,23.23,0.55,5625.0,0.2,housewares,SP
23.15,36.0,403.64,8.1,3069.0,0.64,sports_leisure,MG
9.41,84.99,22.33,0.55,5040.0,0.11,perfumery,SP
9.34,49.9,116.04,1.1,10500.0,0.19,housewares,SP
21.08,84.99,618.19,0.9,6732.0,0.25,health_beauty,MG
15.35,85.9,676.93,0.24,4950.0,0.18,computers_accessories,SC
29.45,149.9,834.28,1.6,28800.0,0.2,cool_stuff,MG
21.25,107.99,555.76,1.5,15000.0,0.2,bed_bath_table,RJ
50.36,250.0,1490.62,11.45,70875.0,0.2,furniture_decor,BA
27.55,159.9,821.64,3.5,40467.0,0.17,bed_bath_table,GO
39.16,229.99,2266.78,2.4,15750.0,0.17,cool_stuff,RN
19.27,199.0,401.49,0.25,3630.0,0.1,watches_gifts,SP
15.24,69.9,603.35,0.4,4620.0,0.22,furniture_decor,SP
15.17,59.99,647.27,0.18,1425.0,0.25,consoles_games,PR
25.84,80.0,1246.42,0.12,1235.0,0.32,telephony,DF
49.97,206.0,448.56,10.58,5760.0,0.24,electronics,MG
13.92,79.9,197.42,1.1,12600.0,0.17,bed_bath_table,SP
18.74,122.99,371.19,0.4,3600.0,0.15,unknown,RJ
16.11,39.9,388.07,0.6,3770.0,0.4,auto,RJ
7.69,18.0,28.77,0.3,3000.0,0.43,furniture_decor,SP
28.84,359.9,410.18,4.9,24300.0,0.08,bed_bath_table,RJ
21.03,77.4,911.73,1.6,15120.0,0.27,housewares,ES
19.08,79.98,62.26,7.46,125440.0,0.24,office_furniture,SP
22.35,89.9,140.04,0.95,11550.0,0.25,toys,SP
11.85,45.95,316.65,0.35,3800.0,0.26,bed_bath_table,SP
18.23,14.49,362.11,0.1,1020.0,1.26,electronics,PR
8.43,38.0,9.16,0.35,4332.0,0.22,food,SP
15.1,44.9,588.98,0.2,2040.0,0.34,auto,MG
12.83,55.0,153.51,0.25,352.0,0.23,watches_gifts,SP
13.08,69.9,17.55,2.6,15000.0,0.19,furniture_decor,SP
27.2,159.9,523.19,2.3,5280.0,0.17,health_beauty,SP
21.08,84.99,630.6,0.9,6732.0,0.25,health_beauty,MG
8.61,249.0,14.33,0.34,2288.0,0.04,watches_gifts,SP
12.79,24.9,318.93,0.3,850.0,0.51,housewares,SP
51.63,252.0,886.31,10.15,53400.0,0.2,housewares,MG
69.37,79.99,2206.68,10.07,91520.0,0.87,office_furniture,PB
11.73,58.99,23.05,0.2,3960.0,0.2,health_beauty,SP
15.49,122.9,321.28,1.8,4500.0,0.13,bed_bath_table,MG
12.89,32.89,248.07,0.36,4862.0,0.39,toys,SP
19.63,53.9,767.89,1.5,19800.0,0.36,garden_tools,GO
14.52,16.99,588.57,0.2,2052.0,0.86,housewares,SP
7.78,19.99,22.49,0.1,4500.0,0.39,health_beauty,SP
7.59,47.49,23.87,0.3,3332.0,0.16,health_beauty,SP
13.16,71.4,375.64,0.15,1936.0,0.18,computers_accessories,SP
8.27,19.9,44.09,0.15,1672.0,0.42,auto,SC
51.31,115.0,2176.82,0.58,2288.0,0.45,watches_gifts,RN
85.97,179.99,867.41,28.6,160433.0,0.48,furniture_decor,DF
2.88,69.9,81.2,0.66,9828.0,0.04,toys,SP
9.26,129.77,27.33,0.45,3600.0,0.07,unknown,SP
19.62,93.0,145.02,0.89,3276.0,0.21,costruction_tools_tools,MG
16.78,39.8,850.39,0.6,8008.0,0.42,health_beauty,RS
29.01,86.99,1985.39,4.27,39468.0,0.33,toys,PE
11.85,29.9,301.37,0.45,4200.0,0.4,baby,SP
27.23,72.62,2123.29,0.82,15288.0,0.38,sports_leisure,PE
19.07,139.0,231.3,0.28,3136.0,0.14,watches_gifts,RJ
7.78,59.9,13.55,0.45,15625.0,0.13,sports_leisure,SP
8.29,34.99,40.73,0.26,9120.0,0.24,baby,SP
16.57,53.9,820.05,1.3,12768.0,0.31,musical_instruments,GO
29.45,149.9,2227.47,2.0,21420.0,0.2,auto,PA
64.34,160.0,870.37,1.15,36000.0,0.4,baby,DF
13.21,110.32,31.97,0.15,990.0,0.12,health_beauty,SP
15.98,339.0,22.21,7.35,42000.0,0.05,musical_instruments,SP
17.33,108.0,919.5,1.0,7632.0,0.16,watches_gifts,GO
8.88,34.9,165.32,0.75,22725.0,0.25,stationery,SP
9.34,38.4,133.57,0.85,10000.0,0.24,furniture_decor,SP
8.29,24.99,2.79,0.6,2160.0,0.33,computers_accessories,SP
22.85,21.99,2329.27,0.36,704.0,1.04,health_beauty,RN
16.35,229.0,363.38,0.4,1156.0,0.07,computers_accessories,PR
18.23,24.95,891.38,0.5,4356.0,0.73,market_place,GO
8.72,54.9,111.95,0.4,3750.0,0.16,furniture_decor,SP
23.49,166.99,315.68,2.42,16530.0,0.14,cool_stuff,RJ
18.75,149.0,471.98,0.53,3705.0,0.13,watches_gifts,MG
33.83,1106.99,244.2,15.8,134292.0,0.03,baby,MG
22.06,24.9,806.74,0.18,1596.0,0.89,health_beauty,BA
51.48,139.65,1811.19,0.1,4500.0,0.37,health_beauty,PE
12.27,109.9,115.14,0.15,1680.0,0.11,toys,SP
14.72,139.0,482.8,0.4,5000.0,0.11,consoles_games,MG
18.48,169.9,96.24,5.8,32490.0,0.11,furniture_decor,SP
9.05,99.0,8.19,0.45,720.0,0.09,computers_accessories,SP
7.88,89.9,36.66,0.5,2040.0,0.09,toys,SP
17.78,20.9,1209.49,0.2,2378.0,0.85,computers_accessories,SE
16.41,111.9,364.39,2.15,23625.0,0.15,sports_leisure,SP
34.12,179.9,326.94,10.85,72600.0,0.19,office_furniture,SP
18.66,79.9,789.95,0.8,7424.0,0.23,home_construction,ES
18.93,119.0,765.01,0.35,1024.0,0.16,computers_accessories,MG
12.48,49.9,164.13,0.5,8736.0,0.25,sports_leisure,SC
14.44,36.99,208.03,1.2,6930.0,0.39,pet_shop,SP
21.62,492.75,86.45,9.9,44460.0,0.04,health_beauty,SP
9.51,109.0,23.87,0.46,4080.0,0.09,fixed_telephony,SP
18.23,28.0,393.09,0.25,4096.0,0.65,sports_leisure,RJ
12.84,25.9,457.32,0.25,1944.0,0.5,health_beauty,SP
7.87,14.49,62.0,0.1,5832.0,0.54,health_beauty,SP
16.74,78.0,362.24,1.8,20900.0,0.22,housewares,RJ
37.81,1200.0,1127.27,2.65,19344.0,0.03,computers,TO
14.84,74.99,111.81,1.81,37788.0,0.2,bed_bath_table,SP
17.26,59.9,679.77,1.1,7740.0,0.29,toys,RJ
18.3,149.9,728.38,1.55,16000.0,0.12,sports_leisure,SP
17.62,79.0,601.2,0.4,5808.0,0.22,furniture_decor,SP
12.95,148.9,96.01,7.47,62640.0,0.09,bed_bath_table,SP
16.26,89.9,320.58,1.38,20000.0,0.18,bed_bath_table,SP
26.73,270.0,426.74,4.0,20000.0,0.1,small_appliances,SP
31.23,1359.9,774.95,0.63,8704.0,0.02,health_beauty,MG
22.0,215.0,668.02,4.65,25160.0,0.1,cool_stuff,PR
15.49,55.0,479.24,0.38,2431.0,0.28,health_beauty,MG
51.89,199.0,1353.91,0.3,4940.0,0.26,watches_gifts,BA
7.39,24.9,17.33,0.15,1360.0,0.3,health_beauty,SP
20.98,69.9,542.19,2.2,1936.0,0.3,sports_leisure,MG
24.38,619.99,32.83,11.85,62500.0,0.04,computers,SP
13.66,45.0,302.24,0.2,2415.0,0.3,housewares,PR
10.67,265.0,14.53,0.7,2376.0,0.04,cool_stuff,SP
39.46,170.0,1108.32,0.7,10080.0,0.23,telephony,RJ
18.28,25.99,951.76,0.2,2457.0,0.7,sports_leisure,GO
12.76,180.0,482.19,0.18,8000.0,0.07,computers_accessories,SP
9.34,50.9,54.57,0.6,18576.0,0.18,fashion_bags_accessories,SP
10.07,189.0,27.82,0.6,4914.0,0.05,auto,SP
22.42,102.0,1403.86,0.31,2772.0,0.22,watches_gifts,BA
17.6,37.5,832.54,1.25,8640.0,0.47,furniture_decor,RJ
19.95,49.9,487.54,0.15,2816.0,0.4,sports_leisure,MG
27.56,176.99,429.58,2.42,16530.0,0.16,cool_stuff,MG
17.63,49.0,948.59,0.2,1936.0,0.36,cool_stuff,ES
15.1,45.95,648.01,0.35,3800.0,0.33,bed_bath_table,SC
15.55,95.0,823.0,0.35,640.0,0.16,watches_gifts,RS
25.68,189.9,1933.25,0.65,2160.0,0.14,food,AL
14.13,159.0,297.01,1.5,30576.0,0.09,bed_bath_table,SP
16.05,13.9,961.84,0.25,4800.0,1.16,bed_bath_table,RS
16.46,245.0,896.88,0.5,2430.0,0.07,watches_gifts,RS
19.32,48.9,794.02,0.73,3120.0,0.4,housewares,MG
16.02,325.0,503.12,0.4,2992.0,0.05,health_beauty,MG
12.38,149.9,60.43,1.7,7616.0,0.08,bed_bath_table,SP
23.01,99.0,353.94,3.85,20020.0,0.23,toys,SP
15.1,44.9,557.95,0.3,13600.0,0.34,bed_bath_table,GO
11.95,129.9,707.13,2.35,22050.0,0.09,furniture_decor,SP
7.78,39.9,20.16,0.2,2448.0,0.2,toys,SP
8.72,21.65,30.51,0.5,6600.0,0.4,housewares,SP
25.4,129.99,1606.94,1.4,15750.0,0.2,cool_stuff,MA
18.06,69.9,665.41,0.66,5766.0,0.26,bed_bath_table,RJ
17.94,52.0,503.14,1.85,26208.0,0.34,electronics,SP
22.93,34.3,811.66,1.1,1764.0,0.67,books_technical,ES
9.27,24.88,52.97,0.25,352.0,0.37,housewares,SP
15.64,126.99,287.26,0.4,3240.0,0.12,garden_tools,PR
11.85,34.5,554.73,0.25,9375.0,0.34,auto,SP
23.31,104.9,397.27,1.7,2800.0,0.22,housewares,RJ
55.1,120.0,2238.3,3.5,18900.0,0.46,health_beauty,PA
33.41,439.0,455.62,12.0,78000.0,0.08,health_beauty,SP
15.15,56.99,552.08,0.25,3360.0,0.27,perfumery,PR
14.27,76.9,418.33,2.15,30000.0,0.19,market_place,PR
19.32,36.6,791.78,0.45,13200.0,0.53,housewares,SP
27.48,199.9,367.26,2.7,11808.0,0.14,bed_bath_table,RJ
12.2,493.9,80.41,0.44,3952.0,0.02,perfumery,SP
59.16,499.0,183.0,23.2,142290.0,0.12,baby,SP
19.74,49.99,813.95,0.3,4096.0,0.4,housewares,GO
14.46,109.89,176.21,0.18,2210.0,0.13,computers_accessories,MG
16.96,99.9,951.91,1.55,4500.0,0.17,bed_bath_table,RS
15.1,49.0,934.01,0.25,1512.0,0.31,telephony,MS
15.56,29.9,594.65,0.3,1547.0,0.52,cool_stuff,RJ
24.84,39.9,2509.44,0.1,1440.0,0.62,telephony,MA
8.72,7.9,34.27,0.2,11475.0,1.1,stationery,SP
13.04,219.9,215.75,0.5,7084.0,0.06,perfumery,SP
8.27,39.0,71.33,0.43,4096.0,0.21,sports_leisure,SP
18.23,36.99,562.64,0.5,3000.0,0.49,bed_bath_table,MG
7.78,49.9,69.0,0.1,3136.0,0.16,fashion_bags_accessories,SP
27.14,119.9,1206.11,2.5,10416.0,0.23,health_beauty,PR
58.76,129.0,312.75,6.55,8000.0,0.46,computers_accessories,RJ
15.12,49.0,352.17,4.8,30492.0,0.31,housewares,PR
11.02,119.99,24.16,1.25,15750.0,0.09,cool_stuff,SP
15.93,168.99,314.68,0.48,22050.0,0.09,sports_leisure,RJ
15.16,59.0,270.18,0.3,640.0,0.26,watches_gifts,MG
16.63,169.99,837.08,0.1,4096.0,0.1,computers_accessories,SP
118.23,199.9,2048.51,10.85,72600.0,0.59,office_furniture,PE
15.17,58.9,502.19,1.27,18954.0,0.26,housewares,SP
32.49,79.0,246.14,7.0,36000.0,0.41,stationery,RJ
18.23,39.9,556.18,0.19,4050.0,0.46,housewares,SP
12.84,24.99,439.51,0.05,1156.0,0.51,auto,SP
16.08,189.99,380.01,4.34,2856.0,0.08,watches_gifts,MG
33.4,159.99,474.27,6.55,8000.0,0.21,computers_accessories,RJ
12.48,12.9,537.7,0.12,3360.0,0.97,electronics,SP
16.11,59.0,914.11,0.12,4096.0,0.27,furniture_decor,RS
13.32,93.9,170.35,0.4,2772.0,0.14,watches_gifts,SP
18.23,7.9,401.05,0.15,4256.0,2.31,health_beauty,RJ
9.67,107.8,91.57,0.95,8880.0,0.09,toys,SP
15.1,19.9,355.82,0.05,1280.0,0.76,fashion_bags_accessories,SP
12.3,129.9,83.33,1.7,26250.0,0.1,toys,SP
34.22,60.0,2104.77,0.6,6270.0,0.57,baby,PB
15.65,24.9,752.89,0.11,4356.0,0.63,books_technical,ES
53.55,219.97,326.32,16.65,87696.0,0.24,office_furniture,RJ
16.39,234.9,947.5,4.05,2431.0,0.07,health_beauty,MG
14.1,13.99,859.58,0.05,880.0,1.01,perfumery,RS
7.39,34.5,23.89,0.25,9375.0,0.21,auto,SP
15.51,58.2,937.82,0.15,1320.0,0.27,health_beauty,DF
40.37,149.0,333.96,6.55,8000.0,0.27,computers_accessories,RJ
25.61,109.9,639.84,1.75,27000.0,0.23,auto,SC
8.27,39.49,69.0,0.1,4368.0,0.21,health_beauty,SP
12.69,49.9,351.07,1.3,7680.0,0.25,furniture_decor,SP
27.08,77.0,2062.71,1.0,9720.0,0.35,furniture_decor,CE
15.23,39.0,839.06,0.1,1280.0,0.39,stationery,RS
24.91,59.9,2053.2,1.0,352.0,0.42,health_beauty,PE
13.32,139.9,355.46,1.6,27744.0,0.1,luggage_accessories,SP
36.98,209.99,147.74,17.05,93744.0,0.18,office_furniture,SP
16.67,59.9,337.62,1.75,2240.0,0.28,cool_stuff,RJ
14.4,197.0,76.48,0.8,4752.0,0.07,computers_accessories,MG
22.16,33.5,891.22,0.25,2288.0,0.66,sports_leisure,RJ
43.12,119.9,2037.9,1.53,16224.0,0.36,baby,PA
15.29,58.67,873.59,0.4,6050.0,0.26,bed_bath_table,DF
20.21,137.9,891.44,1.35,4374.0,0.15,health_beauty,MT
56.11,109.0,483.33,4.5,14688.0,0.52,party_supplies,SC
17.66,59.0,749.32,1.65,19800.0,0.3,garden_tools,RJ
16.41,299.99,223.74,1.7,4680.0,0.06,construction_tools_construction,SP
15.23,39.0,761.68,0.2,352.0,0.39,watches_gifts,ES
16.33,20.0,504.18,0.22,3315.0,0.82,health_beauty,SP
19.3,108.0,1548.59,1.0,7632.0,0.18,watches_gifts,MT
8.0,65.9,777.76,0.9,6050.0,0.12,furniture_decor,MS
23.13,79.0,593.97,7.7,34800.0,0.29,stationery,MG
36.69,85.0,94.52,1.7,70000.0,0.43,furniture_mattress_and_upholstery,SP
34.99,218.0,504.95,7.65,86000.0,0.16,bed_bath_table,SC
18.23,10.0,505.69,0.1,1920.0,1.82,consoles_games,SP
13.71,49.99,350.83,1.05,4800.0,0.27,bed_bath_table,SP
7.39,49.8,132.41,0.4,1587.0,0.15,cine_photo,SP
13.69,49.99,164.12,0.2,3584.0,0.27,baby,PR
17.6,39.9,1254.46,1.94,12768.0,0.44,home_appliances_2,MS
18.16,129.99,713.83,1.5,60000.0,0.14,cool_stuff,PR
17.67,49.0,656.01,1.65,19800.0,0.36,garden_tools,RJ
21.2,56.99,1935.58,0.35,5625.0,0.37,perfumery,AL
8.88,39.9,110.39,0.7,1920.0,0.22,housewares,SP
17.4,328.0,339.06,0.32,7497.0,0.05,perfumery,RJ
13.04,54.9,355.03,0.1,816.0,0.24,auto,SP
14.35,189.99,443.99,0.6,1904.0,0.08,toys,MG
8.72,57.9,17.67,0.6,2304.0,0.15,housewares,SP
7.78,39.9,8.24,0.3,6000.0,0.2,sports_leisure,SP
3.28,39.0,45.23,0.2,18150.0,0.08,furniture_decor,SP
23.24,52.9,871.18,2.3,23520.0,0.44,toys,MT
7.58,45.9,6.45,0.35,1824.0,0.16,perfumery,SP
13.51,69.9,300.58,0.95,7250.0,0.19,bed_bath_table,SP
15.38,89.99,537.19,0.1,4096.0,0.17,fashion_bags_accessories,SC
18.78,79.0,46.3,2.4,27000.0,0.24,bed_bath_table,SC
17.63,19.99,2352.03,0.4,8320.0,0.88,furniture_decor,CE
7.48,30.99,70.06,0.1,2550.0,0.24,auto,SP
12.74,56.99,300.08,0.85,18000.0,0.22,bed_bath_table,SP
19.5,75.0,662.74,2.98,3528.0,0.26,toys,SC
16.37,25.0,340.34,0.65,4840.0,0.66,office_furniture,SP
36.1,329.22,1521.83,0.6,2415.0,0.11,telephony,SP
16.11,36.9,503.27,0.5,3600.0,0.44,health_beauty,PR
16.95,99.99,903.32,1.2,15750.0,0.17,cool_stuff,MS
9.27,14.9,3.91,0.15,10560.0,0.62,health_beauty,SP
15.1,19.9,575.99,0.4,14985.0,0.76,furniture_decor,RJ
19.0,160.56,796.94,0.2,2704.0,0.12,watches_gifts,ES
41.95,169.9,723.64,5.3,16000.0,0.25,baby,MG
15.32,225.0,354.98,2.9,12600.0,0.07,bed_bath_table,RJ
7.39,69.9,17.83,0.15,2112.0,0.11,fashion_bags_accessories,SP
7.94,29.0,46.09,0.23,4928.0,0.27,sports_leisure,SP
15.1,30.1,567.84,0.15,3120.0,0.5,computers_accessories,GO
23.98,149.9,987.24,0.53,4840.0,0.16,computers_accessories,BA
17.66,58.9,655.96,0.57,5610.0,0.3,cool_stuff,MG
10.7,269.1,79.63,1.1,5940.0,0.04,construction_tools_construction,SP
11.89,39.99,303.04,0.35,3800.0,0.3,bed_bath_table,SP
17.63,49.99,1548.55,0.15,4096.0,0.35,toys,ES
10.96,9.9,84.92,0.2,850.0,1.11,sports_leisure,SP
15.64,75.51,122.9,2.7,7056.0,0.21,housewares,MG
17.88,89.9,312.16,1.5,20000.0,0.2,toys,MG
0.05,99.9,849.4,2.2,13248.0,0.0,housewares,DF
13.42,57.0,236.16,1.4,12600.0,0.24,bed_bath_table,SP
29.16,41.5,332.48,0.6,6000.0,0.7,furniture_decor,SP
27.05,87.0,525.56,1.45,19836.0,0.31,bed_bath_table,MG
10.96,9.9,98.46,0.2,850.0,1.11,sports_leisure,SP
21.89,199.9,839.34,2.6,11808.0,0.11,bed_bath_table,MG
12.79,10.99,292.83,0.1,48000.0,1.16,furniture_decor,SP
15.48,54.9,488.35,0.15,880.0,0.28,auto,MG
16.19,80.4,474.79,4.82,74664.0,0.2,auto,SP
16.79,31.9,885.35,0.25,2378.0,0.53,computers_accessories,GO
52.48,27.6,1536.31,0.55,6000.0,1.9,housewares,ES
38.68,179.9,1480.75,4.0,45500.0,0.22,furniture_decor,BA
15.18,35.0,325.09,0.85,10000.0,0.43,furniture_decor,PR
8.88,39.99,123.41,0.55,7744.0,0.22,sports_leisure,SP
13.37,29.9,218.38,2.0,27000.0,0.45,stationery,SP
18.23,46.9,594.89,0.8,2496.0,0.39,housewares,RJ
7.39,20.4,144.17,0.15,5625.0,0.36,auto,SP
19.53,48.9,670.79,0.6,3380.0,0.4,baby,PR
13.05,55.0,361.38,0.3,352.0,0.24,watches_gifts,SP
20.1,169.9,557.92,5.0,16000.0,0.12,baby,SP
9.77,108.0,36.17,1.0,7632.0,0.09,watches_gifts,RJ
13.65,89.99,301.72,1.35,6000.0,0.15,bed_bath_table,SP
14.35,45.0,828.65,0.1,528.0,0.32,telephony,RS
13.0,59.99,129.98,0.9,34650.0,0.22,baby,SP
15.11,49.99,878.23,0.75,5346.0,0.3,luggage_accessories,DF
15.11,26.7,488.52,1.15,2992.0,0.57,food_drink,SP
17.17,85.9,1464.99,0.55,3750.0,0.2,bed_bath_table,BA
62.89,122.99,2807.48,0.7,5700.0,0.51,health_beauty,SC
15.1,19.9,723.8,0.25,2560.0,0.76,bed_bath_table,RJ
7.78,39.9,25.83,0.23,1729.0,0.2,health_beauty,SP
18.23,36.15,901.06,0.48,4680.0,0.5,home_appliances,GO
16.79,18.9,850.22,0.18,3060.0,0.89,electronics,RJ
13.24,128.9,293.98,0.62,5865.0,0.1,audio,SP
16.6,31.8,839.42,3.45,28175.0,0.52,furniture_decor,RS
12.93,38.0,282.44,0.2,1428.0,0.34,toys,SP
8.62,65.5,10.15,1.02,8280.0,0.13,health_beauty,SP
7.78,29.99,94.44,0.3,5200.0,0.26,telephony,SP
8.29,29.99,19.74,0.48,8568.0,0.28,baby,SP
17.63,54.9,403.14,1.7,20000.0,0.32,bed_bath_table,SC
16.36,229.9,968.83,0.34,3510.0,0.07,watches_gifts,RS
15.1,15.0,271.7,0.34,352.0,1.01,telephony,RJ
13.67,110.0,31.57,3.5,18900.0,0.12,health_beauty,SP
17.8,55.83,330.04,1.2,3000.0,0.32,furniture_decor,SP
1.34,15.99,374.38,0.2,836.0,0.08,telephony,RJ
11.85,8.9,297.17,0.2,4433.0,1.33,computers_accessories,SP
22.98,149.99,364.91,0.35,6318.0,0.15,pet_shop,ES
14.43,72.0,386.62,0.55,3240.0,0.2,bed_bath_table,SP
15.1,21.9,717.91,0.22,1632.0,0.69,construction_tools_safety,PR
66.84,289.9,387.35,15.1,90944.0,0.23,office_furniture,RJ
14.1,7.0,346.91,0.1,2000.0,2.01,perfumery,RJ
14.13,59.9,36.88,7.0,32994.0,0.24,housewares,SP
11.79,110.0,28.64,1.05,9504.0,0.11,health_beauty,SP
27.29,79.99,855.86,1.5,8000.0,0.34,small_appliances,MG
14.37,89.0,492.21,0.2,352.0,0.16,audio,MG
19.32,49.9,1083.85,1.55,19800.0,0.39,garden_tools,RS
15.15,56.99,568.35,0.4,2178.0,0.27,perfumery,RJ
16.28,23.48,271.33,0.25,3861.0,0.69,computers_accessories,SP
17.97,151.9,286.19,4.34,2856.0,0.12,watches_gifts,SP
9.38,89.99,4.8,2.45,24320.0,0.1,housewares,SP
58.92,119.98,204.3,9.68,65142.0,0.49,office_furniture,MG
23.41,100.0,10.88,9.35,66550.0,0.23,signaling_and_security,SP
12.75,58.0,311.74,1.0,60000.0,0.22,bed_bath_table,SP
12.83,100.0,558.6,0.36,5130.0,0.13,computers_accessories,SP
8.82,27.9,62.88,0.3,3600.0,0.32,baby,SP
12.48,49.8,471.92,0.2,2912.0,0.25,unknown,MG
11.85,44.5,290.73,0.6,600.0,0.27,bed_bath_table,SP
16.74,69.99,858.66,1.05,15750.0,0.24,cool_stuff,RS
18.0,189.0,482.52,3.57,92800.0,0.1,air_conditioning,RJ
16.77,74.5,853.85,0.35,47628.0,0.22,baby,RS
19.31,146.9,260.95,2.25,7644.0,0.13,bed_bath_table,RJ
24.58,35.0,413.83,0.65,14000.0,0.7,furniture_decor,RJ
11.17,78.0,30.44,2.3,5760.0,0.14,health_beauty,SP
16.83,379.9,677.16,0.46,5472.0,0.04,perfumery,SP
17.73,289.9,765.45,0.42,5474.0,0.06,perfumery,SC
34.54,129.99,435.16,1.55,12000.0,0.27,bed_bath_table,PR
35.97,119.8,537.54,4.35,8000.0,0.3,sports_leisure,MG
52.49,540.0,2691.96,11.2,39375.0,0.1,home_appliances_2,AM
9.44,47.9,7.11,0.65,2240.0,0.2,baby,SC
9.44,89.99,80.22,0.25,3960.0,0.1,health_beauty,SP
27.15,59.9,1718.93,1.15,18480.0,0.45,garden_tools,BA
10.93,99.99,3.6,0.6,8000.0,0.11,toys,RJ
43.86,199.9,368.76,4.8,14112.0,0.22,health_beauty,SP
10.0,42.0,738.25,0.8,10500.0,0.24,furniture_decor,RJ
17.88,89.9,622.26,1.2,16625.0,0.2,housewares,PR
15.19,62.34,501.6,0.41,6120.0,0.24,sports_leisure,PR
32.12,209.9,1091.85,2.15,9240.0,0.15,sports_leisure,MT
7.78,74.31,92.57,0.2,880.0,0.1,electronics,SP
18.32,74.8,514.68,1.32,11470.0,0.24,bed_bath_table,MG
16.25,69.99,296.04,0.4,2352.0,0.23,toys,MG
35.61,109.0,344.18,8.5,30000.0,0.33,sports_leisure,PR
7.43,24.62,17.79,0.13,4352.0,0.3,housewares,SP
14.49,209.99,380.79,1.2,6400.0,0.07,pet_shop,SP
12.84,25.0,183.02,0.25,704.0,0.51,housewares,SP
14.86,109.99,124.08,0.95,2000.0,0.14,furniture_decor,SP
10.0,75.5,347.09,1.48,16240.0,0.13,bed_bath_table,RJ
7.78,49.0,39.1,0.2,352.0,0.16,watches_gifts,SP
16.83,55.0,1111.07,0.3,2156.0,0.31,watches_gifts,RS
16.79,27.9,915.24,0.3,2378.0,0.6,computers_accessories,PR
16.19,61.5,445.87,0.65,5175.0,0.26,office_furniture,SP
57.2,830.0,99.73,15.4,90000.0,0.07,musical_instruments,SP
8.58,189.0,14.35,0.2,2352.0,0.04,stationery,SP
9.74,39.99,86.56,0.35,6000.0,0.24,computers_accessories,RS
19.39,59.99,1036.35,0.7,4620.0,0.32,furniture_decor,ES
28.05,224.0,316.75,0.26,2652.0,0.12,watches_gifts,SP
21.12,89.9,563.29,1.38,20000.0,0.24,bed_bath_table,RJ
21.57,110.0,2273.54,0.1,4096.0,0.2,computers_accessories,MA
23.12,77.1,288.25,1.25,16660.0,0.3,luggage_accessories,RJ
18.8,889.0,337.42,2.85,4620.0,0.02,garden_tools,SC
16.19,61.9,810.92,0.65,6137.0,0.26,garden_tools,ES
9.91,148.0,356.02,0.12,2304.0,0.07,cool_stuff,PR
14.38,89.9,889.42,0.52,16900.0,0.16,baby,RS
9.34,45.9,34.41,0.8,8000.0,0.2,bed_bath_table,SP
14.1,13.65,347.22,0.2,2800.0,1.03,electronics,PR
27.73,106.8,490.67,1.23,31616.0,0.26,stationery,SP
17.67,59.9,681.64,1.65,19800.0,0.3,garden_tools,SC
7.49,89.99,13.9,0.3,12000.0,0.08,fashion_childrens_clothes,SP
16.11,47.49,926.45,0.18,10143.0,0.34,drinks,DF
30.32,580.27,2183.76,1.1,5600.0,0.05,computers_accessories,PA
33.35,1004.99,341.64,4.35,23166.0,0.03,consoles_games,RJ
16.21,64.99,399.38,3.58,28600.0,0.25,cool_stuff,RJ
12.76,59.99,83.69,0.8,24000.0,0.21,baby,SP
43.25,119.6,2025.76,2.16,15750.0,0.36,health_beauty,PB
15.27,55.0,346.87,0.25,640.0,0.28,watches_gifts,RJ
14.11,28.9,472.48,0.5,12000.0,0.49,furniture_decor,MG
12.2,99.49,493.31,0.55,5940.0,0.12,health_beauty,SP
18.26,144.99,386.34,1.05,19008.0,0.13,cool_stuff,RJ
14.52,46.86,689.08,0.22,6525.0,0.31,computers_accessories,RS
11.85,18.9,298.01,0.3,4800.0,0.63,bed_bath_table,SP
8.72,136.9,23.9,0.22,2415.0,0.06,stationery,SP
12.39,169.9,66.47,3.5,32190.0,0.07,stationery,SP
9.59,119.9,83.89,0.98,5700.0,0.08,sports_leisure,SP
8.72,17.99,14.55,0.15,1980.0,0.48,telephony,SP
15.76,489.0,88.75,0.55,3520.0,0.03,watches_gifts,SP
19.21,49.99,167.07,4.4,9200.0,0.38,drinks,SP
55.62,219.9,354.46,9.95,39375.0,0.25,sports_leisure,SP
14.1,21.9,343.37,0.15,6000.0,0.64,electronics,PR
18.79,220.0,511.76,1.05,10000.0,0.08,sports_leisure,RJ
16.75,79.99,823.23,0.42,5376.0,0.21,health_beauty,RS
15.1,23.7,483.9,0.25,2450.0,0.64,electronics,MG
15.19,61.0,327.72,0.43,5760.0,0.25,health_beauty,SP
9.09,29.9,15.02,0.5,13110.0,0.3,furniture_decor,DF
91.03,139.94,867.2,17.03,46056.0,0.65,furniture_decor,DF
1.84,125.9,495.7,1.8,4500.0,0.02,bed_bath_table,GO
8.58,59.99,21.11,0.75,1408.0,0.14,consoles_games,SP
13.56,128.0,256.67,0.6,7488.0,0.11,auto,SP
0.0,99.9,331.67,0.58,2288.0,0.0,watches_gifts,SP
20.54,150.0,347.56,2.44,20832.0,0.14,sports_leisure,SP
19.22,560.0,138.9,8.75,35301.0,0.03,computers,SP
17.06,49.9,658.81,0.2,3600.0,0.34,food_drink,PE
39.91,268.9,33.25,13.08,118895.0,0.15,cool_stuff,SP
13.11,229.9,126.38,4.0,43472.0,0.06,luggage_accessories,SP
29.44,47.88,717.82,0.42,1120.0,0.62,toys,RS
7.39,20.0,26.45,0.1,2560.0,0.37,bed_bath_table,SP
13.99,190.0,191.37,0.59,2574.0,0.07,cool_stuff,SP
12.86,129.9,39.99,2.0,24000.0,0.1,health_beauty,RJ
21.47,139.9,569.17,2.4,25296.0,0.15,housewares,SP
13.71,29.9,217.35,0.95,2852.0,0.46,computers_accessories,SP
12.9,109.9,567.58,0.19,3072.0,0.12,computers_accessories,SP
14.93,109.0,559.5,3.3,59280.0,0.14,sports_leisure,SP
23.78,139.9,434.35,1.22,18400.0,0.17,sports_leisure,SP
16.35,150.0,45.99,3.8,31500.0,0.11,home_construction,SP
23.51,91.9,1572.2,2.7,13254.0,0.26,furniture_living_room,BA
17.61,13.77,1445.79,0.12,1045.0,1.28,telephony,BA
18.31,29.9,494.69,0.25,1200.0,0.61,health_beauty,MG
15.25,21.9,364.72,0.1,1056.0,0.7,baby,SP
15.23,33.49,347.69,0.1,528.0,0.46,sports_leisure,RJ
17.63,45.9,2359.56,0.15,2816.0,0.38,sports_leisure,CE
13.78,159.9,293.93,0.25,4096.0,0.09,health_beauty,SP
18.65,78.0,480.34,0.25,640.0,0.24,watches_gifts,MG
22.97,67.8,1369.2,0.28,3276.0,0.34,health_beauty,MG
15.23,15.0,378.59,0.15,2800.0,1.01,auto,RJ
18.23,29.45,438.88,0.21,2625.0,0.62,costruction_tools_garden,SP
36.68,87.85,411.99,1.2,13720.0,0.42,furniture_decor,PR
15.75,92.5,864.54,0.38,2430.0,0.17,cool_stuff,SP
39.1,149.9,1946.21,0.53,4840.0,0.26,computers_accessories,MG
16.79,45.0,1595.03,0.05,4352.0,0.37,auto,BA
38.1,79.0,2064.43,6.35,31920.0,0.48,stationery,PI
8.72,56.99,26.25,0.25,3360.0,0.15,perfumery,SP
15.17,59.9,628.01,0.7,6647.0,0.25,sports_leisure,SC
20.63,199.0,1021.98,1.95,27588.0,0.1,cool_stuff,SP
13.79,109.95,278.16,0.5,7700.0,0.12,sports_leisure,MG
15.1,14.9,365.41,0.2,1584.0,1.01,fashion_bags_accessories,SP
13.49,129.99,571.24,1.5,15750.0,0.1,cool_stuff,SP
24.89,108.99,1942.48,0.65,5700.0,0.23,health_beauty,MG
37.26,200.0,227.81,10.7,64000.0,0.19,baby,SP
7.78,29.9,9.95,0.05,1188.0,0.26,telephony,SP
7.78,23.9,12.37,0.31,5040.0,0.33,sports_leisure,SP
12.79,10.0,179.44,0.16,2584.0,1.28,electronics,SP
23.03,79.9,1216.95,0.55,5390.0,0.29,furniture_decor,MG
12.13,89.9,161.97,0.31,2856.0,0.14,toys,SP
13.9,45.0,301.63,0.65,8736.0,0.31,bed_bath_table,SP
15.39,229.9,8.86,3.1,24500.0,0.07,furniture_decor,SP
5.51,173.99,91.83,0.6,7524.0,0.03,baby,SP
13.37,29.9,348.67,0.45,21504.0,0.45,stationery,MG
21.47,140.0,810.1,3.2,18000.0,0.15,bed_bath_table,SP
15.22,209.9,496.96,1.62,40590.0,0.07,bed_bath_table,SP
11.93,188.99,167.02,0.45,5632.0,0.06,perfumery,SP
17.67,59.9,389.16,1.8,32560.0,0.3,garden_tools,MG
16.86,59.9,1038.1,1.65,45000.0,0.28,sports_leisure,RJ
11.73,48.9,18.89,1.65,3600.0,0.24,cool_stuff,SP
15.53,59.9,116.05,16.25,37206.0,0.26,luggage_accessories,SP
13.37,42.1,158.74,0.6,3380.0,0.32,sports_leisure,PR
11.15,37.9,14.66,2.38,21164.0,0.29,auto,SP
14.43,34.9,197.45,0.2,5120.0,0.41,unknown,RS
11.12,72.9,585.93,0.5,352.0,0.15,health_beauty,MG
13.46,159.9,369.27,0.85,5616.0,0.08,garden_tools,SP
25.63,41.9,961.21,0.4,3705.0,0.61,bed_bath_table,MS
9.36,135.0,52.99,0.28,1425.0,0.07,telephony,SP
16.19,289.0,468.42,0.34,3780.0,0.06,perfumery,MG
18.35,110.0,349.49,1.94,21648.0,0.17,bed_bath_table,PR
18.23,42.0,622.74,0.18,2106.0,0.43,telephony,SC
12.49,142.0,64.88,2.1,23625.0,0.09,bed_bath_table,SP
17.78,34.9,829.13,0.8,9000.0,0.51,garden_tools,GO
35.69,79.9,428.74,4.45,18000.0,0.45,christmas_supplies,RJ
24.36,79.0,22.0,4.9,28512.0,0.31,housewares,SP
13.07,227.0,419.3,1.6,40000.0,0.06,sports_leisure,SP
78.82,83.9,15.09,7.4,72000.0,0.94,costruction_tools_garden,SP
17.6,39.9,897.86,1.3,10000.0,0.44,furniture_decor,ES
13.78,97.0,160.38,2.45,21120.0,0.14,home_appliances,SP
22.0,99.9,326.91,2.5,12000.0,0.22,furniture_decor,SP
15.1,45.0,835.56,0.4,3850.0,0.34,stationery,PR
7.39,15.99,3.58,0.25,8000.0,0.46,stationery,SP
13.08,59.9,400.33,0.2,2352.0,0.22,fashion_underwear_beach,SP
50.85,29.99,2162.76,0.35,4608.0,1.7,baby,RO
15.88,62.4,816.13,0.55,6000.0,0.25,garden_tools,SP
37.08,55.0,2157.94,0.25,640.0,0.67,watches_gifts,CE
62.87,119.99,2101.71,0.7,5700.0,0.52,health_beauty,SP
7.78,12.99,98.14,0.3,8750.0,0.6,furniture_decor,SP
17.8,124.17,1479.15,3.2,10350.0,0.14,construction_tools_lights,BA
15.01,180.0,922.07,0.2,1080.0,0.08,health_beauty,DF
15.1,39.99,356.94,0.05,884.0,0.38,fashion_bags_accessories,RJ
14.1,27.9,366.7,0.4,23552.0,0.5,unknown,RJ
18.2,135.0,648.52,2.25,23625.0,0.14,bed_bath_table,PR
7.39,19.99,90.2,0.15,1496.0,0.37,telephony,SP
26.94,57.02,938.78,1.52,14280.0,0.47,drinks,SP
76.04,330.0,562.48,6.98,113724.0,0.23,bed_bath_table,GO
14.55,114.9,340.33,0.79,22568.0,0.13,sports_leisure,SP
15.1,24.9,494.71,0.05,600.0,0.61,bed_bath_table,MG
2.99,45.0,459.87,1.0,12000.0,0.07,stationery,MG
21.77,369.0,457.97,0.65,4096.0,0.06,consoles_games,SP
13.67,79.99,563.47,0.25,3960.0,0.17,health_beauty,MG
18.0,131.99,1210.4,0.6,1620.0,0.14,telephony,RJ
11.85,12.9,368.43,0.25,960.0,0.92,computers_accessories,SP
14.1,27.9,371.07,0.15,1344.0,0.5,sports_leisure,SP
22.46,57.49,2115.8,0.95,1827.0,0.39,books_technical,PE
87.41,990.0,12.91,30.0,251625.0,0.09,health_beauty,SP
12.85,59.0,530.09,1.5,9114.0,0.22,baby,SP
7.78,38.4,14.73,0.65,14000.0,0.2,furniture_decor,SP
27.59,149.9,1808.64,0.53,4840.0,0.18,computers_accessories,RJ
14.11,15.9,338.69,1.0,12250.0,0.89,furniture_decor,RJ
101.85,639.9,609.35,10.0,147620.0,0.16,home_appliances_2,SP
13.72,99.9,116.74,1.05,14440.0,0.14,bed_bath_table,SP
12.05,209.9,487.33,0.8,7475.0,0.06,computers_accessories,SP
48.98,219.9,2145.26,3.25,12600.0,0.22,bed_bath_table,PI
23.62,160.0,2258.94,0.35,1547.0,0.15,computers_accessories,MA
9.86,149.99,19.27,0.5,16302.0,0.07,health_beauty,SP
31.5,89.77,878.58,1.98,16744.0,0.35,bed_bath_table,MG
10.61,149.9,261.37,0.53,4840.0,0.07,computers_accessories,AL
13.35,129.9,189.97,0.35,3380.0,0.1,watches_gifts,SP
21.0,215.0,305.41,4.65,25160.0,0.1,cool_stuff,RJ
17.76,189.0,842.37,0.25,5440.0,0.09,health_beauty,SP
59.94,495.0,2257.83,4.55,28620.0,0.12,costruction_tools_garden,PE
15.79,39.9,929.59,0.17,1920.0,0.4,computers_accessories,PI
13.08,69.9,6.88,2.6,15000.0,0.19,furniture_decor,SP
19.3,87.0,1075.63,0.3,900.0,0.22,books_general_interest,ES
7.71,47.65,135.99,1.11,3762.0,0.16,health_beauty,SP
16.21,190.23,381.71,0.15,2288.0,0.08,health_beauty,SP
7.78,29.99,29.17,0.1,627.0,0.26,telephony,SP
13.71,149.9,108.38,0.16,1920.0,0.09,watches_gifts,SP
68.17,1670.0,304.14,7.15,36000.0,0.04,garden_tools,RJ
24.11,102.62,258.16,10.5,50778.0,0.24,pet_shop,SP
19.98,487.0,973.08,3.3,16928.0,0.04,computers_accessories,SC
10.96,19.0,36.87,0.1,4032.0,0.58,perfumery,SP
7.78,49.9,6.28,0.2,1232.0,0.16,toys,SP
17.93,29.9,342.29,2.6,9000.0,0.6,sports_leisure,RJ
9.0,69.5,824.87,0.47,5130.0,0.13,pet_shop,BA
27.37,59.9,581.53,1.25,5760.0,0.46,bed_bath_table,MG
12.13,89.9,316.82,1.82,21200.0,0.14,home_confort,SP
17.69,139.99,65.67,3.5,26011.0,0.13,auto,SP
27.17,89.99,2295.22,0.25,3960.0,0.3,health_beauty,CE
15.25,154.19,567.1,6.2,10368.0,0.1,garden_tools,RS
15.17,59.9,384.6,0.1,8000.0,0.25,perfumery,SP
10.96,42.99,70.91,0.2,1232.0,0.26,toys,SP
2.24,59.9,334.36,1.75,32560.0,0.04,garden_tools,SP
18.79,219.9,505.11,0.34,3510.0,0.08,watches_gifts,RJ
11.85,20.9,136.94,0.5,8000.0,0.57,garden_tools,SP
34.15,28.9,1617.93,0.5,13475.0,1.18,furniture_decor,MT
7.78,40.0,30.84,0.7,6325.0,0.19,toys,SP
18.15,129.0,455.35,1.5,8349.0,0.14,furniture_decor,RS
61.47,169.9,2462.54,0.45,16000.0,0.36,luggage_accessories,RO
16.68,67.99,3181.63,0.9,10153.0,0.24,housewares,CE
11.15,59.9,15.52,5.2,48125.0,0.19,cool_stuff,SP
16.33,175.99,313.04,0.6,352.0,0.09,watches_gifts,MG
7.68,29.88,522.25,0.14,3024.0,0.26,computers_accessories,SP
23.63,149.9,656.34,1.8,7616.0,0.16,bed_bath_table,MG
15.23,27.99,741.96,0.3,816.0,0.54,telephony,ES
15.1,19.0,547.1,0.15,352.0,0.8,fashion_bags_accessories,MG
10.53,15.18,17.59,1.3,3458.0,0.69,home_construction,RJ
7.84,24.9,89.14,0.4,736.0,0.32,books_general_interest,SP
15.17,60.0,764.27,0.1,612.0,0.25,fashion_bags_accessories,RJ
15.0,129.9,298.22,1.9,352.0,0.12,bed_bath_table,SP
16.82,439.0,332.09,0.25,3328.0,0.04,fashion_bags_accessories,SP
18.94,319.0,763.17,0.9,3750.0,0.06,stationery,SP
15.71,137.0,331.9,0.95,9600.0,0.12,watches_gifts,ES
59.29,159.99,2344.14,9.75,72324.0,0.37,office_furniture,MA
23.62,149.0,484.6,5.85,34800.0,0.16,stationery,MG
19.58,55.0,957.79,0.95,3150.0,0.36,bed_bath_table,RJ
32.94,69.9,1957.9,2.6,15000.0,0.47,furniture_decor,CE
12.79,24.9,218.81,0.25,600.0,0.51,bed_bath_table,SP
20.47,799.0,351.34,0.5,6460.0,0.03,watches_gifts,PR
19.46,69.9,409.27,0.95,23625.0,0.28,bed_bath_table,PR
10.61,149.9,283.19,0.53,4840.0,0.07,computers_accessories,AL
15.1,49.95,1013.84,0.35,4275.0,0.3,bed_bath_table,RS
22.75,49.95,1172.32,0.35,4275.0,0.46,bed_bath_table,MT
25.19,22.5,293.55,0.4,26790.0,1.12,sports_leisure,RJ
41.69,101.62,494.93,11.65,36000.0,0.41,auto,SP
18.23,13.3,781.65,0.18,4862.0,1.37,electronics,ES
17.86,86.99,1077.69,1.5,23328.0,0.2,toys,GO
14.09,198.0,68.78,2.4,12000.0,0.07,health_beauty,SP
16.21,72.9,576.91,0.5,1105.0,0.22,sports_leisure,MG
8.88,47.9,8.6,0.72,5130.0,0.18,housewares,SP
10.96,26.0,60.85,0.5,1875.0,0.42,bed_bath_table,SP
26.88,179.99,527.86,7.65,8000.0,0.15,garden_tools,MG
11.15,60.9,16.06,1.54,8232.0,0.18,electronics,SP
27.34,148.0,724.28,1.62,24000.0,0.18,small_appliances_home_oven_and_coffee,MG
39.1,149.9,1680.06,0.53,4840.0,0.26,computers_accessories,MG
12.29,114.9,157.17,2.6,7616.0,0.11,bed_bath_table,SP
14.04,66.0,584.07,0.25,1056.0,0.21,stationery,SP
15.1,49.77,532.6,0.1,2112.0,0.3,unknown,MG
8.72,52.0,17.04,0.3,6760.0,0.17,tablets_printing_image,SP
70.12,129.0,2215.15,13.8,68450.0,0.54,small_appliances,PA
16.05,19.99,855.07,0.12,1296.0,0.8,telephony,RS
15.31,69.99,346.3,1.35,12000.0,0.22,furniture_decor,PR
21.26,109.9,707.07,3.3,45000.0,0.19,housewares,MG
14.17,165.0,288.51,0.92,6460.0,0.09,sports_leisure,SP
7.78,25.99,11.41,0.15,1152.0,0.3,telephony,SP
34.53,104.45,2603.27,0.15,12000.0,0.33,electronics,AP
8.44,169.0,77.54,0.42,5616.0,0.05,perfumery,SP
11.33,67.9,546.47,0.21,2926.0,0.17,computers_accessories,SP
27.53,140.89,1119.12,0.7,7866.0,0.2,construction_tools_safety,PR
18.91,95.0,1107.18,1.2,8748.0,0.2,housewares,RS
20.49,49.0,691.44,7.55,42875.0,0.42,furniture_decor,PR
38.81,137.9,470.33,0.92,7650.0,0.28,computers_accessories,SP
18.37,38.49,901.5,0.4,1760.0,0.48,sports_leisure,RS
29.24,564.99,1316.83,3.05,15625.0,0.05,auto,MT
19.8,89.98,23.71,7.48,66144.0,0.22,furniture_decor,SP
9.1,49.9,89.56,1.15,7500.0,0.18,health_beauty,SP
37.09,249.0,828.73,4.5,8208.0,0.15,auto,PR
22.13,189.9,2698.61,0.3,627.0,0.12,telephony,AM
16.32,39.9,399.03,0.65,2592.0,0.41,health_beauty,PR
23.35,110.0,442.38,1.95,8976.0,0.21,housewares,RJ
7.39,18.0,32.49,0.15,5984.0,0.41,sports_leisure,SP
12.79,42.1,410.45,2.47,13680.0,0.3,housewares,SP
19.93,197.9,2395.53,0.56,5376.0,0.1,perfumery,PA
16.62,168.0,619.82,0.4,2112.0,0.1,watches_gifts,RJ
20.56,85.0,105.11,2.4,9261.0,0.24,sports_leisure,SP
10.0,169.9,13.02,0.8,2310.0,0.06,stationery,SP
18.52,182.0,498.38,1.35,8424.0,0.1,sports_leisure,RJ
59.32,1260.0,1249.55,9.65,57800.0,0.05,computers_accessories,SP
23.57,762.0,822.35,0.6,968.0,0.03,watches_gifts,MG
8.72,19.9,23.6,0.1,627.0,0.44,telephony,SP
15.92,166.99,24.08,2.42,16530.0,0.1,cool_stuff,SP
63.98,528.9,2732.06,0.54,5760.0,0.12,health_beauty,RN
26.13,579.8,416.43,7.3,34272.0,0.04,housewares,SP
37.65,262.0,299.22,3.12,77168.0,0.14,bed_bath_table,SP
25.25,58.9,442.89,7.0,32994.0,0.43,housewares,MG
39.15,559.9,491.6,10.05,15680.0,0.07,air_conditioning,SP
15.1,24.9,399.69,7.85,26910.0,0.61,toys,SC
11.9,98.9,66.21,0.98,18375.0,0.12,furniture_decor,SP
19.39,27.9,221.05,0.65,8000.0,0.7,health_beauty,MG
20.8,229.9,403.91,5.45,5292.0,0.09,perfumery,SP
15.1,35.9,551.39,0.2,1344.0,0.42,tablets_printing_image,MG
15.15,199.9,456.34,0.5,4284.0,0.08,watches_gifts,RJ
18.3,27.9,909.22,0.15,2873.0,0.66,food,RS
3.67,159.0,602.68,4.1,5408.0,0.02,construction_tools_construction,SP
38.63,189.9,1460.1,9.65,8000.0,0.2,electronics,BA
17.95,100.0,708.76,1.1,6750.0,0.18,baby,SP
38.0,65.0,2185.05,1.75,9216.0,0.58,food_drink,MA
18.59,69.99,395.94,0.2,6318.0,0.27,pet_shop,SP
7.78,29.99,17.12,0.2,1760.0,0.26,stationery,SP
11.37,49.9,145.23,1.15,13824.0,0.23,cool_stuff,SP
29.68,126.99,68.19,6.15,55680.0,0.23,health_beauty,SP
14.26,72.9,517.44,0.4,6840.0,0.2,health_beauty,SP
23.28,79.99,2323.24,0.25,3960.0,0.29,health_beauty,RN
12.45,49.9,308.0,0.4,3432.0,0.25,cool_stuff,SP
15.58,99.9,709.53,0.25,1936.0,0.16,watches_gifts,GO
18.23,12.9,687.18,0.18,4862.0,1.41,electronics,ES
37.97,49.0,2111.74,1.5,19800.0,0.78,garden_tools,MA
24.01,79.9,784.3,8.5,50625.0,0.3,baby,SC
8.27,29.9,81.3,0.28,7125.0,0.28,sports_leisure,SP
14.1,7.45,857.38,1.2,8000.0,1.89,health_beauty,RS
21.15,35.0,2361.94,0.48,2880.0,0.6,books_general_interest,MA
15.1,27.9,540.98,0.3,3600.0,0.54,baby,MG
12.73,175.0,209.81,6.66,2431.0,0.07,audio,SP
23.1,74.06,781.27,1.25,8400.0,0.31,small_appliances,SP
7.78,17.9,62.66,0.1,627.0,0.44,fashion_bags_accessories,SP
11.85,29.99,54.92,0.3,816.0,0.4,telephony,SP
16.71,105.9,338.89,1.21,12600.0,0.16,sports_leisure,SP
17.67,59.9,945.81,1.85,32560.0,0.3,garden_tools,ES
19.46,69.9,477.14,3.01,46080.0,0.28,toys,RJ
24.84,39.99,2612.94,0.55,8736.0,0.62,sports_leisure,MA
15.1,7.0,298.92,0.2,2800.0,2.16,perfumery,RJ
20.52,146.99,361.62,2.42,16530.0,0.14,cool_stuff,RJ
7.87,32.49,1.68,0.6,6300.0,0.24,food,SP
13.3,106.0,6.53,2.8,16480.0,0.12,furniture_decor,SP
16.81,53.5,1309.78,0.6,23625.0,0.31,toys,MT
27.5,90.9,75.95,7.1,65600.0,0.3,baby,SP
8.51,179.99,53.14,0.28,3528.0,0.05,watches_gifts,SP
14.69,237.99,490.71,1.8,8855.0,0.06,home_confort,SP
11.24,89.99,21.91,0.25,3960.0,0.12,health_beauty,SP
12.48,23.8,219.4,0.28,11040.0,0.52,sports_leisure,MG
20.94,64.9,529.06,1.75,36000.0,0.32,bed_bath_table,MG
15.3,79.0,516.22,0.3,2520.0,0.19,computers_accessories,RJ
18.47,52.51,744.2,0.15,4080.0,0.35,sports_leisure,RS
19.4,185.0,849.06,0.28,1989.0,0.1,electronics,RS
15.79,14.9,934.61,0.1,1104.0,1.06,furniture_decor,GO
11.74,44.55,325.71,0.6,5500.0,0.26,furniture_decor,SP
18.23,29.0,473.68,0.08,5130.0,0.63,health_beauty,SC
38.04,193.25,2514.45,0.3,5967.0,0.2,home_appliances,PA
16.12,195.9,549.36,0.4,3024.0,0.08,cool_stuff,SC
23.89,105.0,960.24,1.0,7632.0,0.23,watches_gifts,GO
7.78,24.99,31.25,0.25,816.0,0.31,telephony,SP
15.45,98.9,484.61,0.95,8000.0,0.16,furniture_decor,MG
18.02,109.9,557.53,2.0,23625.0,0.16,bed_bath_table,GO
35.7,379.98,440.21,20.9,96000.0,0.09,pet_shop,SP
13.93,129.9,220.28,1.55,4374.0,0.11,health_beauty,SP
17.63,19.74,2362.11,0.08,5916.0,0.89,computers_accessories,CE
18.07,72.0,1445.57,0.25,6000.0,0.25,home_appliances,BA
18.23,37.0,535.94,1.02,6300.0,0.49,bed_bath_table,MG
21.78,557.0,1127.04,0.42,2376.0,0.04,watches_gifts,GO
16.15,55.9,595.12,0.65,6137.0,0.29,garden_tools,SC
34.73,124.9,858.43,5.7,3900.0,0.28,electronics,DF
12.16,94.9,141.57,0.6,2040.0,0.13,toys,SP
19.13,84.99,2132.98,0.6,8151.0,0.22,health_beauty,PE
7.39,17.49,12.05,0.05,1188.0,0.42,telephony,SP
13.29,255.0,282.98,0.5,3276.0,0.05,watches_gifts,SP
13.43,110.32,127.82,0.15,990.0,0.12,health_beauty,SP
16.05,13.99,859.93,0.1,600.0,1.15,health_beauty,SP
36.86,119.94,2460.1,7.51,85436.0,0.31,office_furniture,PA
27.68,89.0,2601.47,0.1,1000.0,0.31,fashion_bags_accessories,MA
67.7,46.8,24.49,0.78,3328.0,1.45,housewares,SP
7.46,28.56,40.37,0.25,2560.0,0.26,auto,SP
14.48,208.9,87.52,2.05,5000.0,0.07,watches_gifts,SP
25.35,68.65,67.94,5.9,25025.0,0.37,housewares,MG
8.72,56.99,24.46,0.4,2178.0,0.15,perfumery,SP
8.65,69.99,18.27,0.45,1280.0,0.12,computers_accessories,SP
53.83,243.37,2109.67,0.33,7581.0,0.22,perfumery,MA
43.19,110.99,2068.63,1.7,19500.0,0.39,art,PI
17.16,44.9,719.36,0.35,1540.0,0.38,perfumery,ES
0.0,99.9,217.74,0.58,2288.0,0.0,watches_gifts,SP
15.98,258.0,474.28,0.3,2457.0,0.06,fashion_bags_accessories,RJ
12.69,25.6,54.75,0.44,4480.0,0.5,toys,SP
9.13,54.9,43.1,0.8,6720.0,0.17,health_beauty,SP
11.85,8.0,108.05,0.2,616.0,1.48,housewares,SP
15.1,44.9,507.25,0.4,600.0,0.34,bed_bath_table,PR
17.34,58.99,1459.62,0.2,3960.0,0.29,health_beauty,BA
40.63,79.9,1059.11,4.5,18000.0,0.51,christmas_supplies,BA
21.32,117.99,441.62,2.55,20475.0,0.18,bed_bath_table,PR
42.59,79.9,2708.48,0.1,2816.0,0.53,computers_accessories,PE
18.59,69.99,668.86,0.1,11592.0,0.27,consoles_games,RJ
12.79,44.0,451.74,0.25,640.0,0.29,watches_gifts,SP
22.39,65.9,1457.87,0.45,12834.0,0.34,musical_instruments,BA
23.68,829.0,841.47,0.23,2112.0,0.03,watches_gifts,GO
13.38,114.9,350.41,2.4,12600.0,0.12,furniture_decor,SP
17.23,219.0,1145.89,3.0,15840.0,0.08,sports_leisure,RJ
12.39,169.0,10.43,0.65,2415.0,0.07,stationery,SP
40.56,699.99,361.22,13.6,62400.0,0.06,housewares,RJ
17.0,176.9,661.08,0.76,6006.0,0.1,computers_accessories,ES
15.61,122.99,599.77,0.4,3600.0,0.13,unknown,SC
16.71,143.8,98.49,5.95,46475.0,0.12,auto,SP
78.93,499.9,9.08,30.0,202500.0,0.16,baby,MG
23.43,229.8,393.24,6.0,23760.0,0.1,industry_commerce_and_business,SP
23.08,108.0,2193.41,1.0,7632.0,0.21,watches_gifts,CE
19.12,148.9,220.29,7.47,62640.0,0.13,bed_bath_table,SP
16.0,129.0,382.93,0.4,1547.0,0.12,computers_accessories,SP
58.88,114.35,340.62,3.65,48070.0,0.52,home_appliances,SC
15.1,49.0,707.61,0.25,640.0,0.31,watches_gifts,RS
14.1,25.0,805.38,0.5,5632.0,0.56,housewares,GO
20.06,124.9,454.1,0.7,3234.0,0.16,health_beauty,MG
15.36,229.9,854.65,0.18,4256.0,0.07,health_beauty,SP
22.74,115.0,821.83,0.38,3808.0,0.2,watches_gifts,MG
27.13,118.99,227.24,2.25,10648.0,0.23,housewares,MG
15.1,19.9,751.82,0.15,4680.0,0.76,electronics,RS
18.93,99.0,879.21,1.6,7700.0,0.19,sports_leisure,SP
12.86,27.99,53.55,0.45,1890.0,0.46,computers_accessories,SP
14.1,13.99,900.59,0.05,880.0,1.01,perfumery,MS
35.67,48.0,2278.7,0.75,4032.0,0.74,housewares,SP
14.58,69.9,519.56,1.2,21000.0,0.21,home_appliances,SP
15.35,84.99,485.67,0.6,8151.0,0.18,health_beauty,SC
15.43,299.0,348.17,0.15,1932.0,0.05,sports_leisure,PR
19.08,139.9,607.61,0.05,8000.0,0.14,sports_leisure,SP
15.1,26.4,614.66,0.85,5280.0,0.57,housewares,MG
15.38,89.9,321.89,0.42,6076.0,0.17,housewares,MG
7.78,18.3,15.21,0.18,1152.0,0.42,telephony,SP
13.92,139.9,533.11,2.97,5880.0,0.1,sports_leisure,SP
25.34,28.0,48.04,0.5,10890.0,0.9,books_technical,SP
15.1,49.0,365.23,0.25,1512.0,0.31,telephony,RJ
21.16,95.0,908.67,10.3,56700.0,0.22,housewares,RS
6.58,72.9,276.38,0.75,4800.0,0.09,bed_bath_table,SP
22.97,55.5,471.63,1.35,5040.0,0.41,auto,MG
18.24,19.9,492.56,0.3,2028.0,0.92,bed_bath_table,MG
15.1,35.0,889.94,0.3,2560.0,0.43,bed_bath_table,ES
16.43,96.0,933.15,0.65,1960.0,0.17,sports_leisure,MG
34.95,226.95,637.79,7.22,48373.0,0.15,auto,MG
15.36,195.0,21.41,10.82,75600.0,0.08,housewares,SP
3.02,11.24,387.35,0.4,42135.0,0.27,furniture_decor,SP
15.38,89.99,396.08,0.25,3960.0,0.17,health_beauty,PR
17.87,309.9,765.45,0.45,3724.0,0.06,perfumery,SC
7.71,8.9,141.09,0.25,5336.0,0.87,books_general_interest,SP
19.04,27.9,1336.37,0.2,2340.0,0.68,computers_accessories,RS
8.27,54.5,81.42,0.15,2400.0,0.15,construction_tools_construction,SP
9.61,179.9,7.68,0.5,2205.0,0.05,stationery,SP
26.9,84.99,343.75,2.2,10580.0,0.32,health_beauty,RJ
14.1,19.9,524.78,0.25,8645.0,0.71,housewares,MG
10.96,34.99,384.39,0.1,836.0,0.31,audio,SP
17.67,59.9,835.53,1.23,18252.0,0.3,housewares,ES
10.96,29.5,242.74,0.35,15075.0,0.37,sports_leisure,SC
15.4,78.0,203.55,1.45,16170.0,0.2,luggage_accessories,MG
15.1,13.33,269.22,0.33,3168.0,1.13,sports_leisure,PR
26.25,89.99,511.22,6.05,8000.0,0.29,garden_tools,MG
16.11,39.97,760.51,0.8,4500.0,0.4,health_beauty,PR
13.86,119.9,138.56,1.5,7616.0,0.12,bed_bath_table,SP
13.43,124.44,26.7,1.3,10648.0,0.11,housewares,SP
16.07,53.9,578.35,1.5,19800.0,0.3,garden_tools,RJ
15.56,14.9,682.9,0.8,11552.0,1.04,garden_tools,MG
78.83,259.0,295.58,17.3,17576.0,0.3,garden_tools,SP
16.26,116.99,1445.76,13.39,71064.0,0.14,office_furniture,BA
42.35,70.0,396.51,18.25,90750.0,0.6,furniture_decor,SP
15.31,88.0,850.47,0.21,2926.0,0.17,computers_accessories,MG
15.04,125.0,381.94,0.2,1056.0,0.12,watches_gifts,RJ
17.63,49.99,2143.07,1.6,17500.0,0.35,health_beauty,PE
12.64,119.9,131.12,2.6,7616.0,0.1,bed_bath_table,SP
14.1,29.99,378.4,0.6,12960.0,0.47,consoles_games,RJ
18.23,9.9,789.66,0.1,2457.0,1.84,housewares,ES
13.0,49.0,133.03,0.28,1600.0,0.26,computers_accessories,SP
34.57,195.0,1473.88,9.65,57600.0,0.18,auto,RS
18.16,129.9,721.84,1.4,36000.0,0.14,baby,RS
206.45,262.5,1833.72,25.85,147098.0,0.79,housewares,PI
12.43,49.9,54.83,7.05,22050.0,0.25,pet_shop,SP
17.67,59.9,392.63,1.85,32560.0,0.3,garden_tools,PR
13.15,116.11,347.94,0.92,15680.0,0.11,furniture_decor,SP
13.01,50.0,465.63,0.1,612.0,0.26,fashion_bags_accessories,SP
21.53,69.9,547.36,1.1,8000.0,0.31,construction_tools_construction,MG
13.62,72.0,223.79,0.15,2912.0,0.19,computers_accessories,PR
13.39,104.9,296.33,0.31,2772.0,0.13,watches_gifts,SP
23.06,36.99,626.1,1.2,6930.0,0.62,pet_shop,MG
13.08,29.5,112.09,1.87,7776.0,0.44,cool_stuff,SP
25.49,133.9,1952.14,1.2,4275.0,0.19,books_general_interest,PI
15.79,14.9,724.65,0.1,1104.0,1.06,furniture_decor,SC
18.33,65.0,709.55,0.08,5888.0,0.28,perfumery,PR
15.79,49.0,694.39,0.35,8349.0,0.32,furniture_decor,RJ
13.79,109.9,432.06,1.8,9900.0,0.12,health_beauty,SP
17.73,65.0,2169.76,0.49,3648.0,0.27,sports_leisure,PE
12.98,45.0,178.23,0.36,7220.0,0.29,health_beauty,MG
27.38,129.9,1814.05,1.7,14400.0,0.21,perfumery,BA
22.26,47.64,793.25,0.55,6375.0,0.47,perfumery,RJ
19.39,59.9,575.78,0.6,6156.0,0.32,housewares,MG
15.1,29.9,1108.28,0.2,1200.0,0.5,health_beauty,RS
37.3,56.0,2076.47,0.3,640.0,0.67,watches_gifts,PE
20.21,39.9,895.71,0.65,26250.0,0.51,perfumery,GO
20.81,116.99,357.4,13.39,71064.0,0.18,office_furniture,SP
13.08,69.9,10.47,2.6,15000.0,0.19,furniture_decor,SP
21.62,473.0,61.44,7.35,18480.0,0.05,home_appliances_2,RJ
16.79,28.9,878.93,0.11,1920.0,0.58,electronics,RJ
15.72,119.5,345.44,0.56,4199.0,0.13,perfumery,PR
25.04,74.9,43.84,12.7,75000.0,0.33,garden_tools,SP
15.23,44.0,496.15,0.47,6498.0,0.35,sports_leisure,SP
24.88,503.34,81.06,9.9,44460.0,0.05,health_beauty,SP
17.88,89.9,547.76,1.6,11352.0,0.2,bed_bath_table,MG
8.03,110.32,94.97,0.15,990.0,0.07,health_beauty,SP
18.34,34.49,304.1,0.2,1840.0,0.53,sports_leisure,RJ
59.63,69.0,1492.41,7.22,41200.0,0.86,industry_commerce_and_business,TO
17.78,289.0,201.14,0.5,3040.0,0.06,perfumery,SP
17.67,59.9,525.59,1.5,19800.0,0.3,garden_tools,PR
34.55,299.99,931.56,1.58,33635.0,0.12,toys,BA
11.51,69.99,80.78,1.7,19500.0,0.16,art,SP
14.67,126.99,35.44,3.25,9856.0,0.12,garden_tools,SP
11.85,49.9,211.5,0.3,2240.0,0.24,toys,SP
32.05,49.0,2150.03,0.2,352.0,0.65,watches_gifts,PE
21.92,119.9,357.87,6.3,33750.0,0.18,sports_leisure,SP
15.98,42.0,94.77,1.8,7406.0,0.38,housewares,SP
13.69,81.9,535.81,0.1,3887.0,0.17,computers_accessories,SP
17.7,64.9,837.02,4.3,14664.0,0.27,auto,MG
15.72,151.0,499.16,0.2,2805.0,0.1,health_beauty,RJ
18.14,649.9,169.16,1.55,20000.0,0.03,cool_stuff,RJ
12.49,141.31,286.81,0.48,4845.0,0.09,perfumery,SP
13.65,89.9,471.34,1.9,15625.0,0.15,sports_leisure,SP
12.46,104.9,76.79,1.7,2800.0,0.12,housewares,SP
19.32,39.99,415.63,0.8,8960.0,0.48,bed_bath_table,PR
34.72,79.9,10.08,17.1,102144.0,0.44,bed_bath_table,SP
17.67,59.9,441.74,7.0,32994.0,0.3,housewares,MG
12.83,69.99,295.36,0.5,2268.0,0.18,toys,SP
7.29,34.9,503.32,0.15,2880.0,0.21,fashion_bags_accessories,SP
8.88,26.9,48.82,0.6,2912.0,0.33,auto,SP
15.23,48.9,466.39,0.35,2464.0,0.31,art,SC
11.35,199.9,5.5,1.25,2304.0,0.06,health_beauty,SP
18.23,29.0,414.51,0.45,1350.0,0.63,books_general_interest,MG
7.39,40.0,103.25,0.28,3200.0,0.18,consoles_games,SP
15.2,64.99,564.39,0.5,4140.0,0.23,baby,GO
11.73,74.99,102.26,3.4,23100.0,0.16,sports_leisure,SP
16.81,80.0,356.34,1.4,24000.0,0.21,pet_shop,RJ
18.23,27.9,383.27,0.3,2550.0,0.65,auto,PR
22.74,125.0,909.14,2.72,60200.0,0.18,cool_stuff,RJ
16.05,135.0,498.13,0.5,4410.0,0.12,perfumery,SP
38.94,199.0,2389.87,1.65,33810.0,0.2,cool_stuff,MT
15.23,39.99,310.77,0.1,627.0,0.38,dvds_blu_ray,RJ
20.0,108.9,1353.33,1.7,14350.0,0.18,sports_leisure,BA
19.21,89.0,804.28,1.18,17172.0,0.22,health_beauty,ES
10.96,16.77,546.22,0.13,2352.0,0.65,baby,SP
26.9,349.99,1.58,12.6,75200.0,0.08,baby,RJ
14.59,60.0,237.79,0.28,2700.0,0.24,fixed_telephony,RJ
17.9,92.99,722.32,2.1,14720.0,0.19,cool_stuff,GO
7.39,47.49,19.89,0.4,2200.0,0.16,sports_leisure,SP
11.86,50.9,124.0,0.25,2340.0,0.23,health_beauty,SP
21.71,509.0,1470.66,0.45,10580.0,0.04,watches_gifts,BA
12.52,146.0,251.44,0.44,4480.0,0.09,watches_gifts,SP
11.85,24.5,606.45,0.15,2304.0,0.48,consoles_games,SP
27.14,151.9,656.83,4.34,2856.0,0.18,watches_gifts,RJ
18.43,239.9,289.38,2.74,13440.0,0.08,housewares,SP
15.37,38.0,326.91,0.45,7800.0,0.4,housewares,SP
16.83,279.0,353.22,0.35,6400.0,0.06,health_beauty,SP
15.56,45.0,204.55,5.35,35475.0,0.35,sports_leisure,SP
29.79,59.99,558.74,0.55,7935.0,0.5,bed_bath_table,MG
18.71,649.0,496.96,3.52,33696.0,0.03,small_appliances,PR
7.39,53.79,41.88,1.11,3762.0,0.14,health_beauty,SP
18.71,64.99,2369.33,0.35,2964.0,0.29,health_beauty,SP
7.95,29.9,53.56,0.1,4500.0,0.27,home_appliances,SP
21.19,49.0,2227.73,3.0,8349.0,0.43,furniture_decor,PE
15.02,181.01,845.79,0.1,4096.0,0.08,computers_accessories,SP
15.11,44.9,346.3,0.65,6650.0,0.34,furniture_decor,RJ
14.1,12.9,362.46,0.28,864.0,1.09,telephony,PR
19.27,199.0,900.38,4.62,13800.0,0.1,bed_bath_table,ES
14.1,49.99,845.15,0.3,2560.0,0.28,construction_tools_lights,RS
12.79,49.9,96.95,0.1,1600.0,0.26,fashion_bags_accessories,SP
16.96,73.9,666.26,1.55,78960.0,0.23,cool_stuff,RJ
15.11,49.99,876.23,0.6,2205.0,0.3,toys,DF
41.29,129.0,363.11,9.1,21294.0,0.32,garden_tools,MG
9.43,18.9,1478.66,0.15,4680.0,0.5,electronics,MT
66.28,209.99,866.94,16.8,87696.0,0.32,office_furniture,RS
13.74,88.9,112.66,0.21,1836.0,0.16,health_beauty,MG
22.06,84.9,404.37,6.05,56250.0,0.26,furniture_decor,MG
0.0,69.9,500.81,2.6,15000.0,0.0,furniture_decor,MG
20.32,249.9,128.66,3.15,23322.0,0.08,bed_bath_table,SP
78.77,249.9,1103.87,5.65,106580.0,0.32,cool_stuff,RJ
19.04,30.0,2350.8,0.2,1344.0,0.64,electronics,CE
15.38,65.0,62.52,0.85,19200.0,0.24,baby,RJ
19.21,189.99,425.76,0.18,2340.0,0.1,watches_gifts,MG
21.05,79.9,800.29,1.84,8784.0,0.26,electronics,RS
19.38,26.4,257.82,0.55,3500.0,0.73,bed_bath_table,MG
15.1,16.97,1144.6,0.15,2160.0,0.89,telephony,GO
31.69,99.8,33.55,11.25,48000.0,0.32,housewares,SP
15.73,139.9,261.69,10.22,2299.0,0.11,cool_stuff,RJ
16.05,27.9,833.12,0.2,2688.0,0.57,perfumery,RS
8.88,69.99,103.37,0.8,15750.0,0.13,baby,SP
67.56,149.0,2838.28,1.5,26411.0,0.45,furniture_decor,PA
17.39,135.0,1407.15,0.45,5967.0,0.13,home_appliances,MT
9.41,84.94,155.52,0.7,15876.0,0.11,sports_leisure,SP
21.93,229.9,776.45,2.9,26264.0,0.1,small_appliances,SP
54.65,129.0,320.64,6.55,8000.0,0.42,computers_accessories,RJ
16.17,59.0,698.18,0.75,16000.0,0.27,pet_shop,SP
16.05,135.0,401.57,0.35,1547.0,0.12,computers_accessories,SP
18.36,379.9,1022.85,0.46,5472.0,0.05,perfumery,RJ
18.97,155.0,336.09,0.3,1080.0,0.12,telephony,RJ
9.65,119.0,35.22,2.44,40590.0,0.08,toys,SP
16.6,119.9,720.84,1.5,9000.0,0.14,bed_bath_table,SC
29.51,159.0,1804.3,5.85,34800.0,0.19,stationery,PE
13.23,46.9,160.92,0.5,4050.0,0.28,cool_stuff,SP
15.67,274.99,509.02,0.35,1920.0,0.06,telephony,SP
7.39,12.5,10.81,0.1,7168.0,0.59,furniture_decor,SP
29.62,97.9,2435.23,1.2,7875.0,0.3,furniture_decor,AP
14.1,23.8,344.8,0.28,11040.0,0.59,sports_leisure,RJ
13.15,101.08,307.4,0.19,3328.0,0.13,computers_accessories,SP
7.84,36.9,46.6,0.33,5760.0,0.21,sports_leisure,SP
16.39,59.99,550.75,0.52,9280.0,0.27,sports_leisure,SC
8.52,179.4,32.96,0.38,3648.0,0.05,health_beauty,SP
13.7,96.99,242.58,0.9,6650.0,0.14,computers_accessories,SP
45.11,179.9,3145.51,0.85,5616.0,0.25,garden_tools,RR
49.44,309.99,196.45,13.8,58174.0,0.16,furniture_living_room,RJ
11.85,25.9,65.9,0.15,2816.0,0.46,sports_leisure,SP
7.78,74.9,2.94,0.2,2898.0,0.1,health_beauty,SP
16.06,51.9,849.81,0.12,2430.0,0.31,health_beauty,SP
15.1,42.99,499.65,0.1,4032.0,0.35,auto,SP
6.45,59.9,299.56,0.5,23625.0,0.11,furniture_decor,SP
18.73,136.94,30.4,8.22,45968.0,0.14,office_furniture,SP
7.9,22.9,69.92,0.2,6048.0,0.34,construction_tools_construction,SP
15.1,42.99,387.7,0.05,4032.0,0.35,auto,SP
20.77,97.9,592.53,2.22,11220.0,0.21,health_beauty,MG
86.66,399.9,137.54,30.0,252000.0,0.22,housewares,SP
7.78,29.0,93.74,0.2,352.0,0.27,watches_gifts,SP
31.36,98.0,3166.49,0.32,9261.0,0.32,computers_accessories,RN
7.78,69.99,13.08,0.1,1056.0,0.11,health_beauty,SP
45.27,115.97,351.28,9.75,37260.0,0.39,furniture_living_room,GO
13.72,99.9,97.85,1.35,16416.0,0.14,bed_bath_table,SP
10.93,77.99,261.32,1.81,37788.0,0.14,bed_bath_table,RJ
11.85,29.98,298.38,0.25,1547.0,0.4,telephony,SP
20.99,49.9,435.48,1.5,19800.0,0.42,garden_tools,SP
17.84,689.0,293.06,0.71,3458.0,0.03,watches_gifts,SP
11.37,49.99,163.81,0.7,8640.0,0.23,food,SP
12.35,18.99,91.06,0.15,2500.0,0.65,sports_leisure,RJ
15.86,79.9,104.13,2.55,31500.0,0.2,furniture_decor,SP
24.61,49.9,415.3,1.55,19800.0,0.49,garden_tools,SP
12.48,49.99,317.32,0.1,2772.0,0.25,computers_accessories,PR
15.11,37.9,899.12,0.55,18576.0,0.4,fashion_bags_accessories,MS
18.2,153.0,279.93,2.4,23625.0,0.12,bed_bath_table,SP
23.39,115.0,128.04,2.25,6600.0,0.2,fashion_bags_accessories,SP
11.74,26.9,146.29,0.95,2852.0,0.44,computers_accessories,SP
34.15,27.99,2121.88,0.3,816.0,1.22,telephony,RN
15.56,12.99,300.22,2.8,12800.0,1.2,furniture_decor,MG
22.45,58.5,975.14,0.12,1064.0,0.38,telephony,RS
25.63,16.9,906.76,0.2,560.0,1.52,dvds_blu_ray,RJ
16.6,119.9,482.07,0.29,4560.0,0.14,sports_leisure,RS
8.74,82.49,17.82,0.33,4800.0,0.11,food,SP
11.85,17.33,79.78,0.21,2080.0,0.68,sports_leisure,SP
8.88,64.9,80.74,0.85,6300.0,0.14,toys,SP
10.99,54.9,199.7,0.6,5400.0,0.2,sports_leisure,SP
2.31,59.9,416.7,0.7,5880.0,0.04,furniture_decor,PR
11.7,156.0,77.11,0.2,1960.0,0.08,pet_shop,SP
17.95,99.9,807.39,1.35,16416.0,0.18,bed_bath_table,ES
14.1,18.89,341.9,0.36,4284.0,0.75,sports_leisure,SP
20.0,285.0,1745.19,0.82,68172.0,0.07,sports_leisure,MA
25.95,1599.99,592.15,0.5,6555.0,0.02,watches_gifts,PR
16.05,39.0,965.37,0.25,352.0,0.41,watches_gifts,RS
13.07,69.36,145.9,1.4,27000.0,0.19,housewares,SP
8.3,150.0,59.91,0.3,704.0,0.06,unknown,SP
8.72,42.99,21.99,0.35,3192.0,0.2,industry_commerce_and_business,SP
20.19,99.9,883.51,1.0,13500.0,0.2,sports_leisure,DF
11.62,105.0,341.44,1.0,7632.0,0.11,watches_gifts,MG
7.87,45.0,120.22,0.18,1936.0,0.18,auto,SP
12.84,24.99,255.54,0.15,2058.0,0.51,telephony,SP
9.12,109.99,91.2,20.45,42875.0,0.08,pet_shop,SP
11.15,57.49,85.36,0.95,1827.0,0.19,books_technical,SP
10.96,30.9,349.88,0.3,18954.0,0.36,stationery,MG
17.6,49.9,503.51,1.5,19800.0,0.35,garden_tools,PR
9.07,190.0,51.44,4.85,18750.0,0.05,sports_leisure,SP
36.78,159.9,258.91,13.6,62400.0,0.23,fashion_bags_accessories,SC
19.46,69.9,706.95,0.65,10320.0,0.28,housewares,SP
34.57,109.9,894.37,0.18,2210.0,0.32,computers_accessories,GO
10.96,10.99,16.64,0.1,1040.0,1.0,fixed_telephony,SP
19.95,146.0,1931.36,0.8,11466.0,0.14,sports_leisure,BA
18.9,189.9,835.06,1.3,6138.0,0.1,furniture_decor,SP
12.79,17.99,193.7,0.15,8000.0,0.71,toys,MG
36.15,118.9,1933.58,0.85,34320.0,0.3,luggage_accessories,CE
14.28,99.9,110.36,0.55,4692.0,0.14,furniture_decor,SP
38.49,179.99,2149.44,0.31,2112.0,0.21,watches_gifts,CE
14.51,199.0,339.85,0.4,5040.0,0.07,stationery,MG
15.8,149.9,601.38,2.05,8800.0,0.1,health_beauty,DF
12.69,45.0,38.39,5.7,33930.0,0.28,toys,SP
10.03,238.9,16.59,0.55,2464.0,0.04,perfumery,SP
27.41,159.0,395.21,2.5,6048.0,0.17,auto,MG
7.46,27.9,58.32,0.05,2550.0,0.27,auto,SP
22.16,64.99,203.37,0.15,1680.0,0.34,toys,GO
19.82,89.9,949.9,1.4,10000.0,0.22,health_beauty,ES
20.06,116.9,849.93,1.8,56000.0,0.17,christmas_supplies,ES
32.28,159.9,2456.96,0.4,1584.0,0.2,toys,RO
13.64,89.0,490.38,1.45,50875.0,0.15,stationery,SP
16.11,39.9,442.72,0.4,7200.0,0.4,unknown,RJ
13.61,599.9,126.33,0.7,3600.0,0.02,watches_gifts,RJ
7.85,83.8,15.72,0.15,2816.0,0.09,health_beauty,SP
11.99,70.0,282.56,0.33,1683.0,0.17,fixed_telephony,SP
15.59,119.9,915.33,0.2,714.0,0.13,consoles_games,GO
13.63,149.8,211.77,1.7,6072.0,0.09,furniture_decor,SP
17.67,59.9,333.63,1.5,19800.0,0.3,garden_tools,PR
17.66,58.99,437.17,0.2,3960.0,0.3,health_beauty,RJ
17.74,69.3,547.23,1.6,7200.0,0.26,health_beauty,MG
24.84,29.9,2840.18,0.7,4352.0,0.83,sports_leisure,CE
15.25,53.0,737.99,0.25,7680.0,0.29,sports_leisure,ES
14.11,49.99,472.29,0.7,5000.0,0.28,furniture_decor,MG
22.06,32.0,1079.27,0.1,2288.0,0.69,fashion_bags_accessories,BA
24.84,34.76,2172.87,0.6,800.0,0.72,bed_bath_table,RN
22.06,49.0,1147.51,0.15,624.0,0.45,computers_accessories,BA
11.78,82.0,6.75,0.85,8192.0,0.14,toys,SP
27.73,142.9,1052.55,6.7,40000.0,0.19,pet_shop,MG
14.52,23.89,467.23,0.1,2175.0,0.61,health_beauty,PR
23.21,58.9,1025.81,4.12,19712.0,0.39,auto,ES
15.1,39.95,497.29,0.18,2295.0,0.38,computers_accessories,MG
15.35,84.99,884.11,0.6,8151.0,0.18,health_beauty,DF
7.39,49.0,119.62,0.25,640.0,0.15,fashion_bags_accessories,SP
19.38,119.99,2369.97,0.7,16200.0,0.16,fashion_bags_accessories,CE
20.02,349.9,923.94,0.52,4608.0,0.06,perfumery,RJ
16.79,24.0,1246.87,0.35,17600.0,0.7,health_beauty,RS
11.85,15.99,140.31,0.15,836.0,0.74,telephony,SP
19.03,69.99,2365.2,0.4,2205.0,0.27,toys,CE
12.13,89.9,315.5,1.38,20000.0,0.14,bed_bath_table,SP
11.62,105.0,465.64,1.0,7632.0,0.11,watches_gifts,SP
15.1,12.98,476.46,0.28,864.0,1.16,telephony,SC
9.34,45.9,60.81,0.8,8000.0,0.2,bed_bath_table,SP
51.34,119.9,2042.64,0.49,4590.0,0.43,health_beauty,RN
7.78,23.99,96.95,0.1,4500.0,0.32,health_beauty,SP
14.1,29.9,691.52,0.5,588.0,0.47,books_general_interest,PR
14.1,31.9,508.5,0.2,2378.0,0.44,computers_accessories,SP
15.1,29.99,826.43,0.18,1326.0,0.5,telephony,RS
25.68,56.99,1969.38,0.35,5625.0,0.45,perfumery,CE
7.78,18.0,15.83,0.4,3927.0,0.43,auto,SP
7.78,13.99,20.93,0.05,880.0,0.56,perfumery,SP
10.96,16.79,60.99,3.8,7605.0,0.65,auto,SP
15.1,44.9,365.72,0.2,4125.0,0.34,art,RS
16.79,18.9,872.91,0.15,1632.0,0.89,electronics,RJ
21.8,527.9,442.04,0.59,6240.0,0.04,health_beauty,SP
20.14,129.0,468.35,1.5,8349.0,0.16,furniture_decor,MG
19.53,119.99,2159.42,0.21,1344.0,0.16,electronics,PE
20.58,90.0,866.6,1.85,19872.0,0.23,health_beauty,SP
29.67,89.99,1571.15,4.5,41250.0,0.33,furniture_decor,BA
15.63,125.99,600.44,0.9,21875.0,0.12,pet_shop,RJ
14.07,69.9,524.35,0.7,2880.0,0.2,housewares,SP
51.33,149.0,722.31,6.65,38475.0,0.34,construction_tools_construction,PR
9.44,99.0,74.53,0.28,5544.0,0.1,tablets_printing_image,SP
18.52,84.9,651.27,0.9,4096.0,0.22,sports_leisure,RJ
11.79,99.9,146.42,1.05,14440.0,0.12,bed_bath_table,SP
8.65,254.9,92.09,0.36,3042.0,0.03,watches_gifts,SP
18.31,29.99,947.81,0.35,4608.0,0.61,baby,RS
11.54,74.9,85.56,1.8,8736.0,0.15,sports_leisure,SP
70.92,124.99,474.87,2.56,44880.0,0.57,bed_bath_table,MG
27.96,139.9,343.08,2.85,31616.0,0.2,stationery,RJ
16.11,39.9,405.03,0.75,22725.0,0.4,stationery,SC
66.07,1369.9,418.03,3.77,19136.0,0.05,auto,SP
14.6,119.9,51.2,3.4,11907.0,0.12,office_furniture,SP
16.5,44.9,340.27,0.55,8448.0,0.37,furniture_decor,RJ
16.11,34.99,502.09,1.2,4784.0,0.46,food_drink,MG
15.1,34.99,613.31,0.45,2560.0,0.43,bed_bath_table,MG
29.5,139.0,380.04,7.65,8000.0,0.21,garden_tools,MG
13.35,173.9,501.26,0.42,5632.0,0.08,computers_accessories,SP
39.53,179.9,1963.75,0.72,4800.0,0.22,computers_accessories,MG
26.93,56.0,2211.93,0.65,15625.0,0.48,furniture_decor,CE
16.18,59.9,548.72,1.0,5000.0,0.27,bed_bath_table,MG
53.04,98.9,2390.8,2.28,33075.0,0.54,stationery,PA
22.73,64.9,1313.68,1.25,6750.0,0.35,bed_bath_table,PI
12.8,65.9,297.4,0.68,25200.0,0.19,bed_bath_table,SP
8.72,39.9,23.9,0.14,1680.0,0.22,computers_accessories,SP
16.6,36.9,319.53,0.45,2160.0,0.45,auto,SP
10.01,259.0,93.43,0.54,5681.0,0.04,perfumery,SP
11.5,68.64,110.95,0.8,9672.0,0.17,furniture_decor,SP
26.19,129.9,1547.29,0.1,1920.0,0.2,fashion_bags_accessories,RS
21.47,480.65,292.59,0.67,6720.0,0.04,health_beauty,MG
19.85,94.9,641.54,0.62,7429.0,0.21,pet_shop,RJ
34.85,154.98,404.13,2.08,16744.0,0.22,housewares,RS
17.63,13.65,2474.04,0.15,2800.0,1.29,electronics,PA
15.26,72.5,567.22,0.65,23625.0,0.21,toys,GO
16.47,119.99,292.22,2.7,17640.0,0.14,bed_bath_table,SP
42.95,516.49,924.96,6.5,18000.0,0.08,computers_accessories,RS
14.44,189.9,94.97,4.5,49280.0,0.08,sports_leisure,PR
7.81,78.0,33.4,0.25,640.0,0.1,watches_gifts,SP
12.61,164.9,25.77,1.45,5184.0,0.08,health_beauty,RJ
18.43,165.0,2467.83,0.32,2415.0,0.11,stationery,PA
27.34,149.0,433.09,2.4,9720.0,0.18,health_beauty,RS
12.63,89.9,144.27,0.4,3200.0,0.14,health_beauty,RJ
13.85,69.9,302.24,0.8,23625.0,0.2,bed_bath_table,SP
15.11,19.99,389.85,0.3,27000.0,0.76,pet_shop,RJ
23.64,119.85,572.71,1.05,6912.0,0.2,home_construction,RJ
23.43,89.9,297.88,1.18,11025.0,0.26,bed_bath_table,PR
13.39,150.0,247.72,0.8,42000.0,0.09,electronics,SP
13.44,59.9,247.76,1.4,5120.0,0.22,health_beauty,SP
37.79,157.0,2214.1,0.4,3024.0,0.24,cool_stuff,PA
17.02,467.0,345.36,0.75,27000.0,0.04,health_beauty,PR
16.39,59.9,368.21,0.75,8349.0,0.27,furniture_decor,SP
8.98,33.0,84.81,1.0,15625.0,0.27,housewares,SP
9.44,47.49,51.91,0.18,10143.0,0.2,drinks,SP
7.63,29.9,9.75,0.1,1560.0,0.26,pet_shop,RJ
11.74,39.99,100.3,1.5,18750.0,0.29,furniture_decor,SP
18.29,57.99,688.8,0.32,7866.0,0.32,toys,RJ
10.94,199.0,451.0,2.6,18656.0,0.06,office_furniture,SP
38.52,35.0,1964.68,0.85,10000.0,1.1,furniture_decor,CE
9.53,120.0,42.69,0.15,4500.0,0.08,home_appliances,SP
17.63,19.9,2128.68,0.05,1188.0,0.89,telephony,PE
59.73,259.9,322.35,26.7,150880.0,0.23,pet_shop,SP
7.78,32.97,140.29,0.26,2850.0,0.24,telephony,SP
32.28,135.9,748.31,5.7,3900.0,0.24,electronics,ES
56.81,79.99,2494.12,11.88,81000.0,0.71,office_furniture,PA
16.79,39.99,739.3,0.47,3960.0,0.42,perfumery,RJ
7.39,59.9,94.39,0.5,6760.0,0.12,furniture_decor,SP
35.13,189.9,1553.27,0.45,561.0,0.18,telephony,PA
19.59,36.9,1469.09,1.4,5850.0,0.53,auto,BA
21.15,45.9,2318.66,0.15,2816.0,0.46,sports_leisure,RN
28.81,205.0,1147.41,9.75,12600.0,0.14,bed_bath_table,BA
15.35,84.9,484.74,0.73,37324.0,0.18,stationery,MG
18.89,234.0,867.24,1.6,40000.0,0.08,sports_leisure,RJ
7.7,62.7,70.38,0.16,1440.0,0.12,perfumery,SP
14.76,299.9,157.49,0.25,1728.0,0.05,watches_gifts,SP
18.44,49.0,278.19,0.28,1600.0,0.38,computers_accessories,MG
15.56,115.0,711.91,1.4,56000.0,0.14,furniture_decor,MG
14.22,69.9,65.12,1.65,27000.0,0.2,auto,MG
7.78,49.9,9.67,0.4,15000.0,0.16,stationery,SP
7.87,15.9,71.46,0.2,2944.0,0.5,bed_bath_table,SP
15.79,26.99,1456.13,0.05,627.0,0.58,telephony,BA
7.39,50.0,27.71,0.75,4096.0,0.15,housewares,SP
12.19,99.9,152.26,1.05,14440.0,0.12,bed_bath_table,SP
8.76,215.0,4.38,9.75,12600.0,0.04,bed_bath_table,SP
34.49,98.99,1196.99,0.4,4050.0,0.35,sports_leisure,SC
16.46,99.9,367.86,0.75,4375.0,0.16,sports_leisure,PR
21.12,95.0,1279.32,0.22,1768.0,0.22,health_beauty,BA
10.94,79.99,463.55,0.25,3960.0,0.14,health_beauty,MG
16.26,89.9,219.19,1.38,20000.0,0.18,bed_bath_table,SP
18.34,108.99,349.45,3.3,35100.0,0.17,bed_bath_table,RJ
15.1,27.9,539.46,0.05,2550.0,0.54,auto,SC
19.04,42.9,1085.68,0.75,15400.0,0.44,baby,DF
12.54,34.0,7.53,3.58,8316.0,0.37,health_beauty,SP
12.69,29.9,225.14,0.3,5616.0,0.42,bed_bath_table,SP
12.75,59.0,525.59,0.7,7260.0,0.22,furniture_decor,SP
15.1,36.0,546.01,0.3,2560.0,0.42,bed_bath_table,MG
8.34,114.9,299.01,1.3,9000.0,0.07,bed_bath_table,SP
14.1,31.9,730.89,0.7,2944.0,0.44,furniture_decor,ES
21.71,445.9,1224.83,0.99,11250.0,0.05,computers_accessories,MG
14.1,29.97,455.92,0.35,19200.0,0.47,bed_bath_table,SP
14.1,31.9,488.85,0.2,2378.0,0.44,computers_accessories,SP
8.06,35.0,896.82,0.45,3536.0,0.23,watches_gifts,SC
8.64,44.99,153.86,0.29,7942.0,0.19,garden_tools,SP
21.28,89.9,13.61,19.3,60750.0,0.24,pet_shop,SP
12.31,157.49,65.73,6.85,85527.0,0.08,health_beauty,SP
58.23,249.9,436.18,6.2,32760.0,0.23,furniture_decor,RS
11.85,22.0,259.21,0.37,1350.0,0.54,books_technical,SP
11.76,79.9,4.59,1.5,20000.0,0.15,toys,SP
13.58,146.99,16.63,2.35,10240.0,0.09,cool_stuff,SP
14.1,29.99,359.03,0.3,816.0,0.47,telephony,RJ
13.35,109.9,297.15,0.84,11880.0,0.12,bed_bath_table,SP
15.1,35.18,204.11,0.2,8000.0,0.43,fashion_bags_accessories,PR
15.38,89.0,897.78,0.6,12320.0,0.17,stationery,DF
14.08,46.99,469.19,1.2,8096.0,0.3,housewares,MG
20.6,79.97,95.71,8.81,45968.0,0.26,sports_leisure,SP
11.42,56.9,10.12,1.85,23625.0,0.2,kitchen_dining_laundry_garden_furniture,SP
14.13,47.99,92.03,7.85,54000.0,0.29,housewares,SP
57.92,179.0,475.2,9.85,34200.0,0.32,stationery,PR
17.84,84.9,900.38,1.75,11352.0,0.21,bed_bath_table,ES
18.26,144.97,307.18,0.92,7650.0,0.13,computers_accessories,RJ
7.42,22.35,26.33,0.25,5508.0,0.33,electronics,SP
17.67,59.9,577.26,1.5,19800.0,0.3,garden_tools,RJ
18.0,329.0,698.44,12.2,7623.0,0.06,garden_tools,RJ
15.16,59.0,988.56,0.3,1944.0,0.26,health_beauty,RS
12.79,29.99,123.48,0.15,1904.0,0.43,telephony,SP
14.87,99.9,323.1,0.3,4845.0,0.15,toys,PR
10.15,119.9,41.17,0.43,3570.0,0.08,health_beauty,RJ
19.04,208.0,830.56,4.85,18000.0,0.09,furniture_decor,RS
16.05,14.0,802.56,2.15,26208.0,1.15,home_confort,ES
17.87,136.9,380.14,4.0,5967.0,0.13,home_appliances,SP
13.63,170.0,163.44,0.34,2992.0,0.08,watches_gifts,SP
22.06,15.12,893.11,0.15,3240.0,1.46,electronics,RJ
21.43,139.99,1298.26,0.9,8000.0,0.15,fixed_telephony,BA
22.14,29.9,828.58,1.02,4080.0,0.74,health_beauty,MG
16.45,37.5,342.88,0.75,1827.0,0.44,books_technical,RJ
17.6,49.9,634.36,1.75,32560.0,0.35,garden_tools,RJ
17.6,49.9,753.75,1.65,19800.0,0.35,garden_tools,MG
11.85,43.99,78.7,7.1,56129.0,0.27,furniture_decor,SP
13.63,86.9,310.87,1.02,19890.0,0.16,bed_bath_table,SP
10.2,31.5,10.43,0.2,6875.0,0.32,health_beauty,SP
15.89,84.0,50.75,4.1,31500.0,0.19,furniture_decor,SP
16.99,79.0,1070.59,0.25,2816.0,0.22,health_beauty,MG
7.78,12.9,83.18,0.1,1188.0,0.6,telephony,SP
16.11,39.9,686.22,0.45,6125.0,0.4,sports_leisure,RJ
19.54,119.99,715.9,0.8,8910.0,0.16,cool_stuff,GO
34.7,238.9,864.47,7.22,48373.0,0.14,auto,DF
20.38,170.0,193.62,0.7,10080.0,0.12,telephony,SE
15.84,155.0,883.02,0.61,6480.0,0.1,computers_accessories,RS
17.95,99.9,581.38,1.23,19950.0,0.18,bed_bath_table,RJ
7.39,14.99,115.52,0.15,2058.0,0.49,electronics,SP
22.61,229.04,274.52,7.62,52094.0,0.1,auto,SP
15.42,95.0,822.04,0.35,640.0,0.16,watches_gifts,GO
9.28,239.99,121.15,2.4,15750.0,0.04,cool_stuff,SP
28.99,83.9,982.58,1.45,16170.0,0.35,luggage_accessories,RS
16.89,199.9,333.27,2.45,11808.0,0.08,bed_bath_table,SP
14.6,58.0,468.04,0.38,3120.0,0.25,market_place,MG
12.98,44.99,326.56,0.2,3328.0,0.29,perfumery,SP
13.43,110.32,199.74,0.15,990.0,0.12,health_beauty,SP
17.52,182.0,486.12,2.07,54340.0,0.1,bed_bath_table,MG
11.92,59.9,135.64,0.35,8000.0,0.2,sports_leisure,SP
16.79,29.5,801.7,0.35,15075.0,0.57,sports_leisure,RJ
7.78,13.99,39.23,0.05,880.0,0.56,perfumery,SP
25.51,99.9,1344.48,1.05,14440.0,0.26,bed_bath_table,MT
8.47,69.0,24.85,0.8,6720.0,0.12,health_beauty,RJ
25.63,38.9,2237.34,0.1,1584.0,0.66,health_beauty,PE
23.71,459.99,373.25,2.65,10335.0,0.05,housewares,SP
13.14,144.41,527.04,0.14,4312.0,0.09,computers_accessories,SP
13.46,159.9,280.37,0.9,9600.0,0.08,audio,SP
7.39,22.99,18.7,0.1,836.0,0.32,telephony,SP
15.61,122.99,549.46,0.4,3600.0,0.13,unknown,PR
11.73,21.15,11.73,1.3,5760.0,0.56,housewares,SP
14.45,204.0,297.09,0.34,3510.0,0.07,watches_gifts,SP
37.54,229.99,44.15,24.6,121940.0,0.16,furniture_decor,SP
13.91,78.0,506.05,1.25,3080.0,0.18,books_general_interest,SP
9.34,59.0,29.92,0.6,1440.0,0.16,sports_leisure,SP
15.33,32.9,745.54,0.35,1320.0,0.47,sports_leisure,ES
17.81,79.9,530.82,1.18,2990.0,0.22,watches_gifts,SP
18.23,13.95,16.32,0.2,4096.0,1.31,computers_accessories,SP
16.5,105.9,584.12,1.55,4500.0,0.16,bed_bath_table,RJ
16.78,163.99,301.66,1.8,21000.0,0.1,bed_bath_table,SP
20.46,139.0,290.11,2.35,10800.0,0.15,sports_leisure,MG
12.69,80.0,560.13,0.2,2873.0,0.16,computers_accessories,SP
8.1,120.0,4.55,1.65,16000.0,0.07,furniture_decor,SP
31.69,135.0,412.26,9.0,19656.0,0.24,garden_tools,RJ
16.62,62.0,896.39,0.4,18000.0,0.27,computers_accessories,MS
24.91,86.0,289.88,10.55,63000.0,0.29,auto,SP
8.78,95.0,17.17,0.12,33825.0,0.09,computers_accessories,RS
13.13,119.0,97.64,2.01,21735.0,0.11,construction_tools_construction,SP
16.35,84.99,975.26,0.6,8151.0,0.19,health_beauty,GO
12.24,294.9,5.31,1.28,40320.0,0.04,stationery,SP
19.28,199.99,630.46,2.05,15625.0,0.1,auto,MG
17.87,301.0,782.85,1.05,27000.0,0.06,musical_instruments,PR
17.67,59.9,644.26,1.85,32560.0,0.3,garden_tools,RJ
50.49,250.0,366.72,12.25,70875.0,0.2,furniture_decor,RJ
7.39,66.89,53.48,0.53,10143.0,0.11,cool_stuff,SP
23.44,41.52,1089.71,0.5,4640.0,0.56,small_appliances,RJ
13.37,50.0,360.8,6.85,40800.0,0.27,baby,SP
11.85,29.9,236.67,0.1,1936.0,0.4,telephony,SP
20.43,45.0,509.14,3.9,17784.0,0.45,furniture_decor,MG
22.39,64.99,840.87,0.15,1680.0,0.34,toys,ES
17.63,29.9,1341.89,0.2,1875.0,0.59,consoles_games,RS
29.2,154.99,2277.01,0.95,5700.0,0.19,health_beauty,SP
7.39,16.99,32.71,0.3,1725.0,0.44,computers_accessories,SP
7.97,93.0,189.77,7.55,28800.0,0.09,bed_bath_table,MG
14.09,139.9,11.37,2.08,13524.0,0.1,sports_leisure,PR
15.11,49.9,919.33,1.1,10500.0,0.3,housewares,RS
16.11,38.4,517.78,0.95,14000.0,0.42,furniture_decor,MG
17.67,59.9,578.98,1.75,32560.0,0.3,garden_tools,MG
13.55,75.0,278.64,0.52,2880.0,0.18,computers_accessories,RS
19.32,48.9,419.34,0.55,3380.0,0.4,baby,RJ
10.03,348.8,83.76,0.36,3042.0,0.03,watches_gifts,MG
14.92,169.9,198.6,1.78,25088.0,0.09,auto,MG
26.52,379.99,250.32,5.45,21000.0,0.07,housewares,SP
17.94,99.0,218.67,1.55,20944.0,0.18,bed_bath_table,PR
16.86,299.9,345.22,1.57,1944.0,0.06,electronics,RJ
9.71,57.5,48.04,1.2,25920.0,0.17,furniture_decor,SP
75.56,230.0,716.4,11.45,70875.0,0.33,furniture_decor,PR
19.41,219.0,1008.65,0.35,2340.0,0.09,watches_gifts,RS
16.81,79.9,879.21,0.8,35100.0,0.21,toys,SP
7.78,12.99,25.21,0.1,1920.0,0.6,fashion_bags_accessories,SP
16.79,16.9,909.29,0.15,3648.0,0.99,electronics,MG
18.37,38.9,341.65,0.25,2520.0,0.47,computers_accessories,SP
15.1,49.0,404.3,0.28,1600.0,0.31,computers_accessories,PR
32.15,159.99,432.19,10.7,64000.0,0.2,baby,SP
16.44,115.0,319.88,2.55,20475.0,0.14,bed_bath_table,SP
23.0,59.9,826.37,9.28,19712.0,0.38,auto,RJ
19.84,38.4,833.41,0.65,14000.0,0.52,furniture_decor,RS
26.16,279.9,1422.79,4.0,40000.0,0.09,stationery,BA
16.4,110.0,256.85,4.1,9072.0,0.15,sports_leisure,SP
8.63,122.99,36.54,0.4,3600.0,0.07,unknown,SP
15.11,29.9,336.49,0.3,5616.0,0.5,bed_bath_table,RJ
36.76,179.0,427.19,16.0,95760.0,0.2,furniture_decor,SP
14.52,110.0,352.95,0.3,2112.0,0.13,toys,PR
19.68,226.18,397.52,0.2,2023.0,0.09,construction_tools_safety,SC
15.7,69.9,306.8,1.2,6400.0,0.22,bed_bath_table,RJ
20.98,69.9,374.88,2.5,2420.0,0.3,sports_leisure,MG
21.02,75.0,891.08,2.5,14400.0,0.28,furniture_decor,RS
20.64,98.99,380.28,1.2,6160.0,0.21,health_beauty,ES
81.03,329.9,1732.25,9.85,80262.0,0.25,auto,SE
17.09,22.25,830.15,0.65,4096.0,0.77,housewares,MG
16.61,59.9,323.4,0.85,8000.0,0.28,housewares,RJ
7.6,37.5,835.19,1.25,8640.0,0.2,furniture_decor,RJ
13.47,25.52,237.82,0.2,2378.0,0.53,computers_accessories,MG
39.78,39.0,601.7,1.05,15625.0,1.02,furniture_decor,SC
13.08,29.5,48.43,1.87,7776.0,0.44,cool_stuff,SP
14.1,44.9,352.96,0.35,4096.0,0.31,health_beauty,SP
15.32,79.9,744.79,2.2,4725.0,0.19,perfumery,ES
9.01,249.49,66.08,0.27,1056.0,0.04,perfumery,SP
25.95,158.0,370.98,2.9,12600.0,0.16,bed_bath_table,RJ
20.7,207.9,1390.37,1.4,14625.0,0.1,furniture_decor,BA
12.34,188.99,6.96,0.97,22977.0,0.06,toys,SP
15.65,128.89,518.81,0.58,2288.0,0.12,watches_gifts,GO
28.14,99.9,402.19,2.8,6450.0,0.28,furniture_decor,SP
8.35,105.0,427.25,1.0,7632.0,0.08,watches_gifts,ES
25.38,109.9,301.95,1.35,20944.0,0.23,furniture_living_room,SP
15.23,29.99,891.36,0.2,4096.0,0.51,fashion_bags_accessories,SP
15.65,224.0,493.54,0.62,4864.0,0.07,perfumery,SP
33.03,326.16,851.77,5.3,27360.0,0.1,health_beauty,RS
19.44,67.1,731.71,0.75,3125.0,0.29,bed_bath_table,RJ
21.35,53.9,690.72,1.65,19800.0,0.4,garden_tools,RJ
22.98,26.18,786.18,1.4,27716.0,0.88,housewares,GO
12.69,29.9,274.52,0.6,5544.0,0.42,computers_accessories,SP
7.39,24.9,16.98,0.15,1360.0,0.3,health_beauty,SP
19.04,29.99,2097.64,0.15,1904.0,0.64,telephony,PE
21.19,55.0,2359.83,0.15,352.0,0.38,watches_gifts,MA
12.69,38.4,154.98,0.85,10000.0,0.33,furniture_decor,SP
14.33,132.9,74.64,2.3,46640.0,0.11,cool_stuff,RJ
14.12,42.0,409.92,1.7,4160.0,0.34,electronics,SP
7.39,59.99,84.2,12.05,57200.0,0.12,housewares,SP
12.85,199.99,0.98,5.1,40508.0,0.06,cool_stuff,RJ
15.24,19.9,358.83,0.2,6000.0,0.77,sports_leisure,RJ
14.23,69.0,471.96,0.11,490.0,0.21,computers_accessories,SP
19.46,39.0,393.78,0.7,15750.0,0.5,bed_bath_table,PR
15.79,49.9,604.8,0.6,7500.0,0.32,stationery,GO
15.29,58.46,329.76,1.65,13800.0,0.26,garden_tools,RJ
35.0,429.98,1301.86,12.2,73036.0,0.08,auto,RS
18.88,103.0,99.05,0.7,1276.0,0.18,books_imported,SP
16.11,47.49,501.42,0.18,10143.0,0.34,drinks,PR
25.19,29.9,888.16,2.0,27000.0,0.84,stationery,RS
15.34,34.9,347.79,0.2,2340.0,0.44,computers_accessories,RJ
19.36,169.9,8.19,8.6,55125.0,0.11,housewares,SP
15.52,110.0,485.8,2.15,2560.0,0.14,bed_bath_table,RJ
27.59,149.0,2104.06,1.5,5616.0,0.18,sports_leisure,PI
23.28,17.75,731.55,0.8,2200.0,1.31,furniture_decor,RJ
15.42,94.9,415.2,0.75,9912.0,0.16,sports_leisure,AL
28.29,315.0,351.91,4.95,26880.0,0.09,bed_bath_table,PR
18.2,89.9,907.52,0.5,7200.0,0.2,pet_shop,SC
16.7,105.0,323.25,1.0,7632.0,0.16,watches_gifts,MG
21.5,59.97,469.88,6.65,40000.0,0.36,bed_bath_table,SP
19.23,193.5,375.41,0.2,8000.0,0.1,perfumery,GO
22.31,85.5,1491.32,1.37,8736.0,0.26,garden_tools,BA
15.18,59.9,895.56,0.55,7072.0,0.25,furniture_decor,RS
14.5,28.9,416.27,0.2,2378.0,0.5,computers_accessories,MG
10.13,116.5,99.92,0.65,7168.0,0.09,auto,RS
15.46,184.9,459.2,3.3,47328.0,0.08,housewares,PR
18.04,113.57,917.9,0.84,11880.0,0.16,bed_bath_table,RS
12.84,24.99,126.69,0.3,816.0,0.51,telephony,SP
13.38,50.9,238.47,1.7,58938.0,0.26,pet_shop,SP
16.7,279.0,1056.98,0.2,5625.0,0.06,health_beauty,PR
16.34,83.36,890.0,0.6,28000.0,0.2,bed_bath_table,ES
7.81,78.0,8.71,0.25,640.0,0.1,watches_gifts,SP
25.63,19.9,664.01,0.2,560.0,1.29,dvds_blu_ray,SP
23.22,183.75,1061.28,0.5,5967.0,0.13,home_appliances,BA
26.02,167.99,411.13,2.1,48125.0,0.16,bed_bath_table,PR
21.19,99.9,263.8,2.1,13500.0,0.21,sports_leisure,RJ
10.96,22.0,387.64,0.2,8000.0,0.5,pet_shop,SP
15.1,34.49,783.27,0.25,5096.0,0.44,sports_leisure,RS
80.56,189.99,19.72,11.85,28416.0,0.42,kitchen_dining_laundry_garden_furniture,SP
34.42,29.99,590.17,0.35,2560.0,1.15,bed_bath_table,RJ
26.89,19.36,2113.36,0.7,36000.0,1.39,housewares,PE
21.75,129.8,835.43,7.0,43400.0,0.17,toys,SP
27.13,84.99,2111.87,0.6,8151.0,0.32,health_beauty,PE
14.1,13.2,365.16,0.2,2800.0,1.07,electronics,PR
15.45,99.99,506.67,0.45,8000.0,0.16,books_general_interest,SP
10.96,13.9,280.77,0.25,4800.0,0.79,bed_bath_table,SP
16.24,86.9,311.51,1.38,20000.0,0.19,bed_bath_table,SP
20.18,119.9,182.52,4.4,8000.0,0.17,sports_leisure,SP
9.56,284.9,108.76,0.27,3240.0,0.03,sports_leisure,SP
6.08,89.9,948.96,1.38,20000.0,0.07,bed_bath_table,RS
8.98,32.49,17.57,0.55,2852.0,0.28,books_general_interest,SP
17.3,149.99,361.62,1.05,21164.0,0.12,cool_stuff,PR
29.35,1004.99,530.49,4.35,23166.0,0.03,consoles_games,MG
19.32,49.9,895.8,0.65,15625.0,0.39,stationery,RS
28.75,49.9,2104.22,1.65,19800.0,0.58,garden_tools,PE
68.3,499.0,551.2,16.4,95000.0,0.14,construction_tools_construction,SP
8.29,13.65,19.99,0.2,2800.0,0.61,electronics,SP
13.5,16.9,105.1,0.45,4375.0,0.8,cool_stuff,PR
19.45,69.0,558.22,0.9,12432.0,0.28,bed_bath_table,RJ
7.43,24.9,89.78,0.15,1360.0,0.3,health_beauty,SP
60.82,229.9,699.52,10.2,39375.0,0.26,sports_leisure,RJ
16.39,89.9,412.35,0.5,2040.0,0.18,toys,PR
17.77,74.99,713.52,1.4,5040.0,0.24,housewares,RJ
15.1,23.99,864.89,0.1,4500.0,0.63,health_beauty,MS
8.03,110.32,95.58,0.15,990.0,0.07,health_beauty,SP
14.1,34.99,484.33,0.15,836.0,0.4,telephony,MG
15.98,109.9,413.01,1.07,4374.0,0.14,bed_bath_table,SP
19.01,130.0,476.92,0.5,3276.0,0.15,watches_gifts,RJ
22.2,107.9,429.61,1.5,10800.0,0.21,bed_bath_table,PR
20.85,51.69,567.91,1.2,21672.0,0.4,sports_leisure,SP
35.57,399.9,139.72,16.0,94192.0,0.09,unknown,SP
23.56,176.99,347.54,2.42,16530.0,0.13,cool_stuff,RJ
54.59,119.0,370.99,6.55,8000.0,0.46,computers_accessories,SP
10.08,109.8,71.36,1.02,6845.0,0.09,toys,SP
13.71,34.9,169.71,0.34,2976.0,0.39,baby,SP
29.58,389.0,157.75,3.45,80000.0,0.08,sports_leisure,SP
12.72,54.9,92.89,5.7,33930.0,0.23,toys,SP
21.52,22.99,540.57,0.52,4872.0,0.94,bed_bath_table,MG
18.9,114.46,495.5,0.31,2112.0,0.16,watches_gifts,MG
9.51,99.98,18.35,0.7,9030.0,0.1,toys,SP
12.81,229.99,11.68,2.2,15750.0,0.06,cool_stuff,SP
40.0,69.9,902.6,13.0,28800.0,0.57,housewares,SC
10.96,14.9,35.86,0.1,8000.0,0.74,telephony,SP
27.2,108.99,2455.82,2.05,3045.0,0.25,books_technical,PA
16.97,76.25,894.95,0.18,2210.0,0.22,computers_accessories,RJ
17.99,105.9,355.7,1.23,19950.0,0.17,bed_bath_table,MG
13.08,29.5,89.9,1.87,7776.0,0.44,cool_stuff,SP
14.1,21.9,358.63,0.15,6000.0,0.64,electronics,RJ
30.15,25.0,2658.02,0.1,880.0,1.21,agro_industry_and_commerce,CE
23.19,98.99,1671.55,0.4,4050.0,0.23,sports_leisure,MA
35.67,49.8,2258.34,0.85,9100.0,0.72,stationery,RN
28.69,365.0,798.69,3.4,21978.0,0.08,cool_stuff,SP
96.61,599.0,1336.63,10.9,60000.0,0.16,home_confort,TO
11.85,32.4,201.74,0.1,672.0,0.37,computers_accessories,SP
17.67,59.9,453.01,1.55,19800.0,0.3,garden_tools,PR
14.1,15.5,834.15,0.3,3125.0,0.91,cool_stuff,RS
12.79,49.9,143.43,0.1,816.0,0.26,auto,MG
15.79,45.6,663.03,0.2,3600.0,0.35,luggage_accessories,RJ
23.04,45.0,968.84,0.2,2310.0,0.51,housewares,GO
18.38,39.9,582.16,0.5,3000.0,0.46,bed_bath_table,RJ
18.85,182.99,880.02,0.39,3960.0,0.1,perfumery,RJ
15.53,109.9,471.03,0.8,36784.0,0.14,luggage_accessories,SP
18.78,129.0,453.86,0.7,3952.0,0.15,perfumery,RJ
14.11,19.9,510.45,0.23,22932.0,0.71,health_beauty,MG
27.06,74.99,2283.65,0.7,8400.0,0.36,bed_bath_table,CE
12.69,48.9,408.62,0.9,2400.0,0.26,bed_bath_table,SP
37.85,126.99,2298.93,3.25,9856.0,0.3,garden_tools,RN
9.01,37.5,23.84,0.7,11520.0,0.24,housewares,SP
22.06,49.9,1030.69,0.7,3468.0,0.44,stationery,RS
12.79,14.49,472.55,0.3,5832.0,0.88,health_beauty,SP
11.85,8.9,295.15,0.6,850.0,1.33,furniture_decor,SP
18.23,24.9,846.65,0.22,3240.0,0.73,health_beauty,SP
19.61,549.9,528.55,1.1,10400.0,0.04,toys,MG
19.94,99.9,1058.44,1.25,5544.0,0.2,health_beauty,MG
11.85,29.99,158.16,0.35,816.0,0.4,telephony,SP
42.52,59.9,368.73,1.95,7224.0,0.71,furniture_decor,SP
84.57,165.0,437.18,14.35,125000.0,0.51,housewares,MG
13.71,49.9,495.67,0.6,17340.0,0.28,furniture_decor,SP
8.72,56.99,14.83,0.35,3960.0,0.15,perfumery,SP
14.15,56.99,882.29,0.25,3360.0,0.25,perfumery,DF
16.02,135.9,361.93,1.5,30000.0,0.12,stationery,MG
11.85,17.9,302.87,0.25,4800.0,0.66,bed_bath_table,SP
7.88,89.99,69.82,0.25,3960.0,0.09,health_beauty,SP
62.11,195.9,619.21,8.92,48600.0,0.32,bed_bath_table,SC
11.73,64.99,94.45,1.6,15625.0,0.18,housewares,SP
34.15,37.9,701.59,0.18,945.0,0.9,health_beauty,GO
65.62,198.5,2380.39,6.7,31360.0,0.33,furniture_decor,PA
7.47,29.9,66.27,0.21,4114.0,0.25,luggage_accessories,SP
7.39,51.45,3.43,0.3,6400.0,0.14,sports_leisure,SP
12.91,35.0,264.74,0.2,2520.0,0.37,sports_leisure,SP
14.1,30.0,822.97,0.25,2592.0,0.47,market_place,GO
9.34,57.9,22.75,0.7,2304.0,0.16,housewares,SP
12.44,133.74,306.64,0.55,3200.0,0.09,computers_accessories,SP
13.61,38.9,242.55,0.3,2520.0,0.35,computers_accessories,MG
16.34,227.0,899.98,2.33,14190.0,0.07,bed_bath_table,ES
26.49,558.9,178.88,1.4,15625.0,0.05,unknown,SC
15.1,29.99,587.5,0.22,1326.0,0.5,telephony,SC
9.34,12.99,6.53,0.9,8000.0,0.72,furniture_decor,SP
13.72,99.9,528.31,2.44,40590.0,0.14,toys,SP
12.69,169.9,289.89,0.58,2288.0,0.08,watches_gifts,SP
19.53,120.0,924.32,0.35,13200.0,0.16,furniture_decor,RJ
21.15,99.99,1515.6,0.63,5148.0,0.21,health_beauty,BA
10.7,269.0,56.41,0.3,2592.0,0.04,computers_accessories,SP
34.27,104.9,445.61,5.25,18000.0,0.33,housewares,RJ
27.59,159.9,1653.36,2.38,13068.0,0.17,garden_tools,BA
12.79,29.99,314.73,0.55,2560.0,0.43,bed_bath_table,SP
15.1,23.79,575.54,0.25,2016.0,0.64,unknown,RS
17.72,66.9,906.73,1.23,5184.0,0.26,health_beauty,ES
50.85,45.0,1614.54,0.65,4913.0,1.13,furniture_decor,PI
17.92,95.0,731.3,5.9,56980.0,0.19,stationery,ES
34.68,186.96,324.12,12.33,56430.0,0.18,furniture_decor,RJ
20.96,80.0,951.88,1.85,19872.0,0.26,health_beauty,ES
22.28,49.9,1536.1,0.35,12500.0,0.45,bed_bath_table,BA
18.76,349.99,199.34,2.03,25920.0,0.05,toys,MG
119.99,299.95,259.77,15.2,104728.0,0.4,pet_shop,SP
15.11,32.99,498.82,0.95,14000.0,0.46,furniture_decor,MG
18.23,17.9,462.7,0.2,2250.0,1.02,bed_bath_table,SP
23.43,89.9,679.78,1.25,5544.0,0.26,health_beauty,SP
7.78,49.0,13.8,0.25,352.0,0.16,fashion_bags_accessories,SP
16.11,43.0,474.5,0.7,8820.0,0.38,sports_leisure,SC
51.85,449.0,965.71,8.16,61200.0,0.12,housewares,GO
18.29,26.85,544.67,0.2,2100.0,0.68,housewares,MG
8.16,129.0,91.94,0.15,3744.0,0.06,computers_accessories,SP
7.78,44.99,34.81,1.85,5780.0,0.17,cool_stuff,SP
11.85,19.9,483.4,0.3,3003.0,0.6,food,SP
17.94,196.0,919.62,0.85,4560.0,0.09,furniture_decor,RJ
19.84,29.5,886.02,1.87,7776.0,0.67,cool_stuff,DF
16.16,56.97,688.89,0.75,2880.0,0.28,food,RJ
16.79,25.0,1128.08,0.35,3360.0,0.67,toys,MS
31.79,148.5,813.6,5.25,32400.0,0.21,furniture_decor,RJ
35.78,65.9,2352.21,1.0,48000.0,0.54,musical_instruments,PI
21.89,199.5,419.96,2.5,9856.0,0.11,health_beauty,MG
13.62,169.0,304.23,0.65,1848.0,0.08,health_beauty,SP
15.91,119.9,207.98,5.8,4096.0,0.13,toys,PR
16.66,136.99,796.5,9.72,46852.0,0.12,office_furniture,RS
94.97,518.18,944.61,13.6,57344.0,0.18,housewares,MG
11.15,34.9,65.03,0.82,5376.0,0.32,costruction_tools_tools,SP
19.65,58.0,809.21,1.55,16740.0,0.34,sports_leisure,RJ
13.71,699.99,37.43,0.76,3990.0,0.02,watches_gifts,SP
19.32,35.0,435.18,0.95,14000.0,0.55,furniture_decor,SC
65.89,129.0,920.58,6.55,8000.0,0.51,computers_accessories,MS
20.22,139.9,1024.85,1.17,20160.0,0.14,toys,RS
12.79,47.9,290.61,0.28,2856.0,0.27,sports_leisure,SP
18.52,142.99,1225.1,0.5,2415.0,0.13,telephony,MA
11.85,17.9,343.43,0.3,9600.0,0.66,furniture_decor,SP
19.75,112.0,690.75,1.45,7488.0,0.18,sports_leisure,RJ
28.39,89.98,329.58,12.7,69300.0,0.32,office_furniture,RJ
13.74,88.0,172.16,0.21,2652.0,0.16,computers_accessories,SP
19.04,29.98,2121.76,0.25,1547.0,0.64,telephony,PE
11.73,33.0,110.99,1.45,9792.0,0.36,garden_tools,SP
18.37,213.0,2467.89,1.0,7500.0,0.09,baby,PA
18.37,39.0,1003.09,0.25,352.0,0.47,watches_gifts,RS
18.68,204.0,604.82,0.34,3510.0,0.09,watches_gifts,SC
13.51,69.9,397.43,3.85,20539.0,0.19,auto,SP
15.42,183.99,422.17,0.3,4096.0,0.08,computers_accessories,SP
15.43,96.0,495.57,0.7,27000.0,0.16,cool_stuff,MG
12.11,129.99,10.83,1.6,15750.0,0.09,cool_stuff,SP
10.4,109.0,50.62,7.55,34800.0,0.1,stationery,SP
14.44,27.9,105.05,2.0,13718.0,0.52,drinks,SP
23.08,839.0,14.24,7.15,4352.0,0.03,cool_stuff,SP
26.52,521.9,1456.59,1.34,12096.0,0.05,construction_tools_safety,BA
16.01,179.9,541.97,4.34,2856.0,0.09,watches_gifts,RJ
21.15,24.99,2325.27,0.1,528.0,0.85,watches_gifts,RN
18.23,5.9,1112.97,0.35,4400.0,3.09,housewares,RS
19.8,79.5,1179.11,1.6,21114.0,0.25,housewares,BA
22.63,492.0,582.47,0.76,3990.0,0.05,watches_gifts,RJ
19.98,69.9,884.24,2.6,15000.0,0.29,furniture_decor,DF
13.78,59.99,125.41,1.45,13500.0,0.23,bed_bath_table,SP
59.68,79.9,2070.26,1.82,20944.0,0.75,bed_bath_table,PE
28.4,69.98,365.59,10.5,69642.0,0.41,office_furniture,SP
7.78,60.0,4.59,0.3,880.0,0.13,art,SP
17.92,30.0,918.53,0.25,8000.0,0.6,computers_accessories,SP
18.63,37.99,341.44,1.25,8192.0,0.49,furniture_decor,RJ
17.6,49.7,536.87,1.7,10500.0,0.35,furniture_decor,MG
19.53,79.9,498.68,0.9,3168.0,0.24,bed_bath_table,MG
15.61,64.99,1683.76,0.35,2964.0,0.24,health_beauty,GO
8.79,96.0,287.56,0.4,2772.0,0.09,watches_gifts,SP
23.16,799.0,1113.68,0.5,1936.0,0.03,watches_gifts,BA
11.15,58.99,100.21,0.2,3960.0,0.19,health_beauty,SP
8.4,16.99,89.33,0.3,352.0,0.49,electronics,SP
12.61,158.0,347.63,0.3,2016.0,0.08,sports_leisure,SP
17.94,599.0,427.39,0.55,5440.0,0.03,watches_gifts,RJ
17.18,67.0,393.45,0.3,4200.0,0.26,computers_accessories,ES
17.63,49.9,2347.71,0.3,2240.0,0.35,toys,CE
8.27,48.3,29.75,0.15,352.0,0.17,unknown,SP
13.74,153.9,243.4,0.53,3705.0,0.09,watches_gifts,SP
21.43,85.0,321.95,3.1,32760.0,0.25,housewares,PR
17.06,329.99,615.66,0.84,8232.0,0.05,health_beauty,MG
178.11,1190.0,1961.52,17.95,107500.0,0.15,home_appliances,CE
15.1,14.99,794.4,0.9,24300.0,1.01,auto,GO
22.41,99.99,848.42,0.2,600.0,0.22,consoles_games,ES
15.59,69.99,814.2,0.65,7680.0,0.22,sports_leisure,GO
34.39,84.9,1831.57,0.32,3458.0,0.4,computers_accessories,BA
17.92,35.99,1712.25,1.1,7200.0,0.5,bed_bath_table,MT
23.19,180.0,1346.76,0.38,1989.0,0.13,cool_stuff,BA
0.0,122.99,1196.92,0.4,3600.0,0.0,unknown,MT
15.23,29.98,753.54,0.22,1326.0,0.51,telephony,ES
8.27,69.9,66.46,0.1,4096.0,0.12,auto,SP
7.58,45.9,6.97,0.13,704.0,0.16,perfumery,SP
15.1,27.9,1185.99,0.35,4608.0,0.54,baby,RS
12.43,69.9,124.28,2.6,15000.0,0.18,furniture_decor,SP
42.09,159.0,783.68,5.15,24840.0,0.26,furniture_living_room,DF
23.71,129.9,706.7,0.9,21280.0,0.18,bed_bath_table,SC
18.44,124.9,1362.63,0.73,16555.0,0.15,luggage_accessories,BA
24.26,199.0,882.25,3.5,2900.0,0.12,books_technical,SP
7.39,22.8,18.23,0.25,2450.0,0.32,electronics,SP
21.46,137.9,399.29,2.5,5796.0,0.16,garden_tools,SC
22.93,50.0,425.9,6.45,36750.0,0.46,furniture_decor,RJ
18.36,69.0,528.58,0.25,1680.0,0.27,consoles_games,RS
18.23,39.99,467.96,0.35,816.0,0.46,telephony,PR
15.21,159.9,371.33,1.3,31713.0,0.1,sports_leisure,SP
16.05,39.9,887.6,0.23,2310.0,0.4,computers_accessories,SP
13.08,75.0,23.68,2.6,15000.0,0.17,furniture_decor,SP
12.86,104.9,601.55,0.5,12000.0,0.12,consoles_games,SP
76.92,649.9,2211.4,4.9,12673.0,0.12,garden_tools,RN
12.96,89.18,92.79,0.75,18375.0,0.14,housewares,SP
18.36,235.0,1483.64,0.25,1760.0,0.08,sports_leisure,BA
15.18,59.9,820.82,0.68,5922.0,0.25,computers_accessories,GO
13.71,12.84,440.99,0.24,2400.0,1.07,housewares,SP
23.35,109.9,460.75,1.35,16416.0,0.21,bed_bath_table,RJ
24.57,28.9,29.29,0.3,8000.0,0.85,housewares,SP
21.15,19.99,1936.44,0.1,4500.0,1.06,health_beauty,AL
17.65,129.99,181.99,1.6,15750.0,0.14,cool_stuff,MG
23.57,109.9,460.58,1.65,3080.0,0.21,bed_bath_table,RJ
18.61,105.0,703.7,2.65,27000.0,0.18,furniture_decor,GO
16.01,179.9,342.59,0.5,12000.0,0.09,perfumery,SP
17.92,49.9,1251.56,0.6,4913.0,0.36,furniture_decor,BA
15.45,100.0,481.58,1.65,27600.0,0.15,housewares,MG
13.62,85.5,323.69,1.05,252402.0,0.16,bed_bath_table,SP
20.92,402.35,224.06,10.55,16200.0,0.05,health_beauty,RJ
11.85,22.9,286.78,0.3,4800.0,0.52,bed_bath_table,SP
13.93,129.99,346.19,1.6,15750.0,0.11,cool_stuff,SP
27.21,109.99,96.42,14.95,81620.0,0.25,baby,SP
21.25,118.5,58.58,7.55,34800.0,0.18,stationery,SP
15.71,179.9,83.13,0.72,4800.0,0.09,computers_accessories,PE
19.34,69.9,129.92,0.1,1280.0,0.28,fashion_bags_accessories,SP
20.05,79.9,350.71,1.84,8784.0,0.25,electronics,RJ
7.39,36.0,19.53,0.4,1445.0,0.2,health_beauty,SP
16.46,99.99,395.97,0.6,8000.0,0.16,toys,SP
26.54,292.9,2038.31,0.45,6358.0,0.09,perfumery,CE
22.41,99.9,481.86,1.3,7680.0,0.22,computers_accessories,MG
11.85,29.9,306.85,0.4,9000.0,0.4,furniture_decor,SP
107.12,229.99,362.6,12.45,48608.0,0.47,office_furniture,MG
83.54,389.0,1824.45,3.45,80000.0,0.22,sports_leisure,TO
19.93,99.0,914.25,1.6,7700.0,0.2,sports_leisure,SP
7.39,59.0,17.31,0.25,640.0,0.12,fashion_bags_accessories,SP
13.15,69.9,286.0,0.12,6080.0,0.19,health_beauty,SP
16.61,51.15,847.97,0.3,8000.0,0.32,consoles_games,RS
17.64,49.0,572.15,1.55,19800.0,0.36,garden_tools,MG
36.91,199.97,151.37,16.65,87696.0,0.18,office_furniture,SP
16.35,150.0,8.66,4.0,31500.0,0.11,furniture_decor,SP
43.08,149.99,2330.12,0.95,2464.0,0.29,auto,RS
17.87,89.0,357.55,7.0,36000.0,0.2,stationery,RJ
11.85,24.9,309.68,0.35,4800.0,0.48,bed_bath_table,SP
15.1,18.99,777.33,0.2,1760.0,0.8,sports_leisure,RS
29.49,420.0,1949.82,9.9,60000.0,0.07,housewares,AL
18.98,246.9,386.98,3.3,24276.0,0.08,housewares,RJ
21.08,620.1,536.85,1.37,16008.0,0.03,home_construction,SC
42.49,215.0,510.87,5.3,31500.0,0.2,furniture_decor,MG
14.52,13.9,600.4,0.25,4800.0,1.04,bed_bath_table,RJ
13.57,79.0,180.45,6.05,31920.0,0.17,stationery,SP
15.1,29.99,596.42,0.5,4624.0,0.5,bed_bath_table,RJ
16.11,48.9,498.04,0.6,3380.0,0.33,baby,SC
17.14,216.0,318.28,2.4,23625.0,0.08,bed_bath_table,SP
14.46,53.2,307.01,0.65,2560.0,0.27,bed_bath_table,SP
8.63,149.0,92.83,0.17,1840.0,0.06,telephony,PR
12.43,74.9,19.66,1.4,29785.0,0.17,bed_bath_table,SP
9.52,29.49,5.71,0.85,6358.0,0.32,drinks,SP
14.1,15.36,495.22,0.6,1400.0,0.92,unknown,MG
7.78,49.9,17.76,0.15,1600.0,0.16,fashion_bags_accessories,SP
9.27,39.9,49.19,0.4,4368.0,0.23,health_beauty,RJ
0.0,110.0,412.33,0.58,2288.0,0.0,watches_gifts,MG
21.89,149.9,629.4,3.35,8400.0,0.15,food,PE
15.1,34.3,785.88,0.25,640.0,0.44,fashion_bags_accessories,ES
20.13,45.9,207.29,7.65,15625.0,0.44,furniture_decor,SP
21.17,75.0,255.33,1.8,31500.0,0.28,furniture_decor,SP
18.23,19.99,775.21,0.1,528.0,0.91,computers_accessories,RS
95.78,257.19,681.91,30.0,208624.0,0.37,home_appliances_2,SP
17.6,44.9,405.69,1.15,18480.0,0.39,garden_tools,RJ
17.64,199.0,828.66,1.7,27588.0,0.09,cool_stuff,SP
22.06,12.9,873.38,0.1,1632.0,1.71,electronics,RJ
60.49,29.99,2517.94,0.3,16992.0,2.02,baby,PE
15.77,146.0,625.47,0.44,4480.0,0.11,watches_gifts,SC
16.6,249.9,542.97,3.3,16928.0,0.07,computers_accessories,SP
29.53,42.99,1521.39,0.8,12500.0,0.69,pet_shop,BA
16.25,69.9,761.44,0.8,23625.0,0.23,bed_bath_table,MG
17.54,399.0,157.77,0.6,3888.0,0.04,consoles_games,MG
25.03,319.0,453.3,1.38,34040.0,0.08,luggage_accessories,SP
17.49,36.99,309.55,0.55,3000.0,0.47,bed_bath_table,SP
17.02,325.0,812.42,0.4,2992.0,0.05,health_beauty,MG
9.49,105.0,18.17,0.6,2704.0,0.09,computers_accessories,SP
14.08,213.9,387.21,2.07,54340.0,0.07,bed_bath_table,MG
28.82,49.0,2234.19,1.75,32560.0,0.59,garden_tools,CE
18.45,528.0,431.62,0.5,2112.0,0.04,watches_gifts,SP
51.56,119.5,2132.44,0.2,4410.0,0.43,computers_accessories,BA
8.73,75.9,138.04,1.6,4664.0,0.12,furniture_decor,SP
14.14,211.05,293.63,0.1,3328.0,0.07,telephony,SP
18.21,89.9,492.04,1.25,13500.0,0.2,sports_leisure,SC
19.18,418.0,494.36,0.88,14700.0,0.05,health_beauty,SC
22.77,789.0,577.99,2.0,11960.0,0.03,cool_stuff,MG
15.1,9.9,545.38,0.2,850.0,1.52,sports_leisure,MG
19.81,89.0,783.25,0.85,15750.0,0.22,sports_leisure,DF
7.64,58.0,14.53,0.2,352.0,0.13,watches_gifts,SP
7.82,79.99,16.2,0.2,3744.0,0.1,computers_accessories,SP
7.39,18.9,21.07,0.1,627.0,0.39,telephony,SP
17.06,18.75,777.28,0.8,2200.0,0.91,furniture_decor,MS
7.78,18.8,12.82,0.3,3780.0,0.41,housewares,SP
24.38,1375.65,247.34,0.58,8160.0,0.02,health_beauty,MG
17.67,59.9,386.25,1.55,19800.0,0.3,garden_tools,MG
16.99,59.9,724.32,0.65,2240.0,0.28,baby,RJ
36.37,149.9,2020.58,0.53,4840.0,0.24,computers_accessories,SP
8.45,29.3,13.59,0.2,1056.0,0.29,stationery,SP
22.38,63.9,1095.08,0.32,7360.0,0.35,computers_accessories,SC
11.85,29.9,297.15,0.45,4200.0,0.4,baby,SP
13.73,198.0,400.78,1.3,17940.0,0.07,costruction_tools_garden,SP
21.22,104.53,260.44,1.45,9720.0,0.2,garden_tools,SP
15.1,29.45,440.08,0.24,2205.0,0.51,costruction_tools_garden,SP
70.07,949.9,973.1,2.53,22770.0,0.07,computers_accessories,MT
24.54,139.9,21.02,17.55,68620.0,0.18,luggage_accessories,SP
15.46,99.99,248.32,1.75,15000.0,0.16,bed_bath_table,SP
19.91,43.9,343.54,0.6,3780.0,0.45,furniture_decor,SP
15.1,29.9,504.22,0.3,1200.0,0.5,health_beauty,PR
41.95,169.9,256.58,5.3,16000.0,0.25,baby,PR
17.66,58.99,904.3,0.2,3960.0,0.3,health_beauty,GO
18.0,205.0,670.86,0.6,1500.0,0.09,health_beauty,RJ
17.13,79.99,670.27,0.7,16640.0,0.21,toys,RJ
8.02,109.9,139.96,0.15,12000.0,0.07,electronics,SP
14.58,39.0,501.01,1.2,11880.0,0.37,housewares,SP
18.06,174.9,1079.34,1.3,9600.0,0.1,sports_leisure,ES
18.37,38.99,490.72,0.2,352.0,0.47,health_beauty,PR
15.1,16.9,839.0,0.15,1188.0,0.89,telephony,MG
29.38,49.0,2459.2,0.4,8349.0,0.6,furniture_decor,PE
11.5,68.9,9.03,1.04,25256.0,0.17,housewares,SP
8.1,120.0,85.74,0.15,10648.0,0.07,auto,SP
14.38,89.9,495.7,0.8,25200.0,0.16,small_appliances,MG
13.95,53.0,304.75,0.65,2560.0,0.26,bed_bath_table,SP
59.55,53.9,836.75,1.7,19200.0,1.1,bed_bath_table,RS
12.83,69.9,180.14,0.8,23625.0,0.18,bed_bath_table,SP
17.93,97.0,421.41,1.5,11466.0,0.18,sports_leisure,MG
17.62,52.9,549.22,1.35,23625.0,0.33,bed_bath_table,MG
19.95,42.2,554.45,6.55,32400.0,0.47,toys,PR
15.56,32.89,491.52,1.7,2880.0,0.47,sports_leisure,RJ
35.74,59.9,2137.84,0.6,352.0,0.6,fashion_male_clothing,MA
18.31,59.9,350.59,5.85,14664.0,0.31,auto,SP
15.23,68.9,834.76,0.5,9600.0,0.22,home_construction,GO
9.74,36.9,3.22,0.2,8000.0,0.26,computers_accessories,RS
18.3,59.9,317.65,0.55,6000.0,0.31,health_beauty,PR
13.05,55.0,137.92,0.3,4096.0,0.24,construction_tools_construction,SP
16.79,14.9,897.05,0.12,1728.0,1.13,electronics,MG
12.69,19.8,390.03,0.8,3072.0,0.64,costruction_tools_garden,SP
52.69,210.0,1510.87,9.45,28050.0,0.25,sports_leisure,TO
15.85,59.0,935.83,0.3,1936.0,0.27,cool_stuff,RJ
20.86,66.0,2132.21,1.0,104652.0,0.32,auto,PE
15.8,97.9,228.56,2.22,11220.0,0.16,health_beauty,SP
15.16,59.0,988.56,0.3,1944.0,0.26,health_beauty,RS
22.77,64.99,836.05,0.45,1280.0,0.35,computers_accessories,RS
14.11,17.82,483.84,0.58,1320.0,0.79,health_beauty,SP
23.13,89.89,1609.42,0.35,3654.0,0.26,computers_accessories,RS
7.78,34.9,16.95,0.22,2400.0,0.22,baby,SP
16.21,65.0,604.44,0.6,4416.0,0.25,food_drink,PR
7.4,19.49,188.34,0.12,6300.0,0.38,health_beauty,SP
38.1,79.0,2199.26,6.05,31920.0,0.48,stationery,PB
19.85,249.9,292.6,0.21,3672.0,0.08,watches_gifts,MG
24.94,64.98,2373.54,0.3,6900.0,0.38,toys,CE
34.38,120.0,107.32,6.4,27720.0,0.29,industry_commerce_and_business,SP
17.95,95.0,2151.4,0.35,640.0,0.19,watches_gifts,PE
45.09,89.99,303.89,6.05,8000.0,0.5,garden_tools,SP
10.6,135.0,917.55,0.95,9600.0,0.08,watches_gifts,DF
14.43,110.0,386.62,1.15,10240.0,0.13,bed_bath_table,SP
14.52,29.9,394.26,0.5,12000.0,0.49,fashion_bags_accessories,RJ
46.11,230.0,263.64,24.4,112500.0,0.2,furniture_living_room,MG
10.72,17.9,8.53,0.55,4800.0,0.6,housewares,SP
19.15,149.9,554.26,4.34,2856.0,0.13,watches_gifts,RJ
17.99,179.0,82.8,6.4,17600.0,0.1,furniture_decor,SP
27.89,160.0,2468.38,1.4,13932.0,0.17,housewares,RO
88.05,79.98,2002.04,7.46,125440.0,1.1,office_furniture,MA
13.4,53.9,430.16,1.55,19800.0,0.25,garden_tools,SP
16.86,59.9,1341.62,0.25,2592.0,0.28,fashion_sport,BA
14.77,146.11,376.54,0.4,3696.0,0.1,health_beauty,SP
2.54,26.99,301.95,0.3,2560.0,0.09,bed_bath_table,SP
10.8,105.0,327.32,1.0,7632.0,0.1,watches_gifts,SP
8.16,129.99,12.83,2.84,5472.0,0.06,pc_gamer,SP
42.58,259.99,799.38,5.58,62040.0,0.16,cool_stuff,RS
38.4,87.0,2684.8,2.65,10890.0,0.44,bed_bath_table,PA
8.11,19.89,15.79,0.15,3240.0,0.41,electronics,DF
11.25,32.99,14.41,1.0,9900.0,0.34,signaling_and_security,SP
7.39,16.97,48.62,0.1,1188.0,0.44,telephony,SP
17.6,42.0,425.14,0.2,3861.0,0.42,computers_accessories,MG
25.66,117.3,473.11,4.11,44890.0,0.22,auto,MG
17.02,325.0,514.1,0.4,2992.0,0.05,health_beauty,MG
11.52,130.0,20.74,0.8,3808.0,0.09,cool_stuff,SP
16.19,79.9,123.7,1.65,40467.0,0.2,bed_bath_table,SP
13.43,124.9,22.96,2.7,25168.0,0.11,unknown,SP
7.39,10.0,25.33,0.16,2584.0,0.74,electronics,SP
18.61,103.99,821.54,4.0,20339.0,0.18,garden_tools,GO
21.92,422.0,716.59,5.9,15000.0,0.05,bed_bath_table,MG
11.85,25.59,104.26,0.6,2464.0,0.46,garden_tools,SP
8.11,20.3,102.78,0.2,640.0,0.4,fashion_bags_accessories,SP
15.1,26.33,364.94,0.16,1728.0,0.57,sports_leisure,MG
61.47,199.98,877.42,17.15,84912.0,0.31,office_furniture,ES
47.92,199.0,2382.45,2.0,27588.0,0.24,cool_stuff,BA
18.34,161.99,14.65,5.0,44200.0,0.11,sports_leisure,SP
18.55,185.99,334.84,1.9,6240.0,0.1,health_beauty,RJ
18.53,61.4,353.74,0.21,2652.0,0.3,computers_accessories,SP
15.14,55.13,283.12,0.15,352.0,0.28,sports_leisure,PR
9.59,120.0,8.2,1.0,1760.0,0.08,watches_gifts,SP
24.45,938.9,423.0,0.33,2496.0,0.03,watches_gifts,PR
8.11,29.9,168.4,0.25,1200.0,0.27,health_beauty,SP
13.58,79.9,135.63,0.15,8750.0,0.17,fashion_underwear_beach,SP
15.3,78.99,269.76,0.44,8160.0,0.19,small_appliances,SP
17.6,34.6,568.03,1.6,17576.0,0.51,sports_leisure,RS
10.96,11.2,97.31,0.5,6144.0,0.98,sports_leisure,SP
23.91,488.99,397.21,2.65,10335.0,0.05,housewares,SP
9.47,159.99,47.29,0.62,4608.0,0.06,auto,SP
16.18,59.99,189.73,0.8,2560.0,0.27,auto,SP
15.25,69.9,334.48,0.5,13200.0,0.22,sports_leisure,SP
13.93,129.99,161.01,1.4,15750.0,0.11,cool_stuff,SP
16.0,177.99,555.02,0.22,4913.0,0.09,computers_accessories,SC
26.49,159.9,109.92,10.15,42300.0,0.17,furniture_decor,MG
12.13,89.9,221.4,1.38,20000.0,0.14,bed_bath_table,SP
19.04,24.0,823.32,0.15,560.0,0.79,dvds_blu_ray,SP
14.06,149.0,290.83,1.6,6804.0,0.09,sports_leisure,SP
22.96,177.9,682.77,0.2,1408.0,0.13,computers_accessories,SP
11.74,28.9,87.43,0.7,2576.0,0.41,sports_leisure,SP
23.41,119.0,487.51,1.35,8349.0,0.2,furniture_decor,RS
18.59,124.99,58.55,8.68,107136.0,0.15,office_furniture,SP
15.52,109.9,532.69,0.4,2772.0,0.14,watches_gifts,RJ
38.08,112.0,1516.96,10.9,19656.0,0.34,construction_tools_construction,RS
29.28,158.9,820.79,8.98,48960.0,0.18,toys,MG
16.8,149.0,662.98,0.52,5577.0,0.11,computers_accessories,SP
15.22,66.98,446.18,0.35,352.0,0.23,watches_gifts,SP
15.15,56.99,434.39,0.25,3360.0,0.27,perfumery,PR
14.42,199.99,435.26,2.1,15750.0,0.07,cool_stuff,SP
23.3,139.99,2094.51,0.7,11616.0,0.17,toys,PI
15.79,16.99,1460.15,0.2,1045.0,0.93,fixed_telephony,BA
22.74,47.9,1125.08,0.3,21000.0,0.48,toys,MT
11.71,64.9,42.74,1.2,21528.0,0.18,housewares,RJ
12.5,129.0,318.77,1.4,8424.0,0.1,sports_leisure,SP
12.75,59.0,525.59,0.7,7260.0,0.22,furniture_decor,SP
0.01,99.9,335.53,0.7,15876.0,0.0,sports_leisure,RJ
12.72,53.9,360.23,0.35,13920.0,0.24,health_beauty,SP
15.42,96.0,776.44,0.9,5400.0,0.16,bed_bath_table,RJ
43.39,299.0,343.22,2.95,8349.0,0.14,furniture_decor,SP
20.96,149.9,194.51,18.05,20808.0,0.14,furniture_decor,RJ
13.75,104.9,218.85,1.3,9000.0,0.13,bed_bath_table,SP
21.02,75.0,446.53,4.9,28512.0,0.28,housewares,SC
17.85,59.9,1106.64,0.12,2430.0,0.3,health_beauty,RJ
19.36,180.0,793.82,0.2,1080.0,0.11,health_beauty,MG
8.03,110.0,33.06,0.5,3276.0,0.07,watches_gifts,SP
20.08,682.98,14.52,6.1,36000.0,0.03,perfumery,SP
7.78,69.9,5.05,0.7,8000.0,0.11,perfumery,SP
15.1,9.9,538.03,0.2,850.0,1.52,sports_leisure,MG
17.28,120.0,1114.15,0.4,2100.0,0.14,garden_tools,MG
12.48,51.0,42.6,1.35,8400.0,0.24,food_drink,SP
18.46,189.0,257.09,0.5,2880.0,0.1,health_beauty,RJ
16.42,93.6,530.32,0.9,4320.0,0.18,sports_leisure,SP
22.58,299.0,376.51,3.0,8349.0,0.08,furniture_decor,SC
11.85,25.9,111.22,0.15,2816.0,0.46,sports_leisure,SP
14.1,16.97,898.82,0.15,1188.0,0.83,telephony,MS
9.94,45.33,98.05,0.25,352.0,0.22,sports_leisure,SP
16.05,119.99,775.03,0.8,8910.0,0.13,cool_stuff,SC
15.1,27.9,482.64,0.3,3808.0,0.54,pet_shop,MG
17.88,65.0,1278.25,1.03,4080.0,0.28,sports_leisure,DF
18.43,89.99,873.82,1.2,15750.0,0.2,cool_stuff,DF
16.05,34.9,662.88,0.4,352.0,0.46,fixed_telephony,GO
16.11,45.0,909.59,0.55,13125.0,0.36,cds_dvds_musicals,RS
9.09,9.5,51.61,0.22,9672.0,0.96,signaling_and_security,SP
7.78,48.99,11.85,0.15,1140.0,0.16,telephony,SP
16.32,99.0,344.66,1.65,39100.0,0.16,cool_stuff,SP
7.71,35.9,37.01,0.7,5400.0,0.22,pet_shop,SP
16.52,108.0,337.32,1.0,7632.0,0.15,watches_gifts,MG
12.4,99.9,134.05,1.35,3312.0,0.12,bed_bath_table,SP
12.89,64.8,282.21,0.52,15840.0,0.2,auto,SP
16.81,79.99,369.27,2.5,20000.0,0.21,computers_accessories,RJ
24.9,32.99,2223.08,1.55,1600.0,0.76,computers_accessories,PB
18.23,39.7,218.47,0.41,8976.0,0.46,small_appliances,SC
19.07,139.0,259.76,0.5,3276.0,0.14,watches_gifts,RJ
11.85,24.0,205.81,0.05,1800.0,0.49,cool_stuff,SP
17.14,13.77,2134.82,0.12,1045.0,1.25,telephony,PE
16.86,44.9,728.78,0.6,6000.0,0.38,bed_bath_table,RJ
18.23,29.99,990.79,0.16,9072.0,0.61,unknown,RS
13.37,116.89,77.16,3.9,10260.0,0.11,garden_tools,SP
12.05,78.0,233.2,0.3,2520.0,0.15,health_beauty,SP
18.69,115.0,610.55,1.2,20700.0,0.16,furniture_decor,GO
9.94,47.49,53.78,0.18,10143.0,0.21,drinks,SP
16.81,167.9,112.68,2.71,8381.0,0.1,costruction_tools_tools,SP
21.12,89.9,776.74,1.38,20000.0,0.24,bed_bath_table,ES
28.82,89.99,470.17,6.98,45084.0,0.32,office_furniture,MG
22.06,49.99,801.25,1.45,3200.0,0.44,construction_tools_construction,RJ
15.79,29.0,1512.14,0.25,640.0,0.54,watches_gifts,BA
44.48,89.9,2542.52,0.7,8000.0,0.5,computers_accessories,BA
18.05,271.99,124.91,6.6,48125.0,0.07,bed_bath_table,SP
16.95,72.0,646.63,0.15,2912.0,0.24,computers_accessories,MG
18.33,108.0,915.71,0.74,3458.0,0.17,perfumery,DF
41.36,196.0,320.36,11.02,62720.0,0.21,furniture_decor,SP
18.12,123.9,357.46,3.2,7040.0,0.15,furniture_decor,RJ
20.89,430.0,549.06,0.5,748.0,0.05,auto,SC
13.37,41.8,55.65,1.24,19040.0,0.32,toys,SP
13.34,18.9,130.95,0.2,660.0,0.71,health_beauty,MG
22.13,59.9,1062.83,0.37,5120.0,0.37,health_beauty,RS
22.34,89.7,794.01,0.51,5130.0,0.25,pet_shop,PR
16.16,56.99,593.23,0.85,18000.0,0.28,bed_bath_table,RJ
19.38,119.9,1220.72,0.48,4160.0,0.16,food_drink,RJ
16.16,56.99,666.16,0.88,18000.0,0.28,bed_bath_table,DF
17.63,21.99,2371.21,0.3,8800.0,0.8,market_place,PA
16.19,60.99,928.61,0.25,352.0,0.26,computers_accessories,MG
21.78,99.9,328.11,2.5,12000.0,0.22,furniture_decor,SP
13.65,89.9,343.17,2.0,23625.0,0.15,bed_bath_table,SP
19.5,48.99,578.91,0.6,2560.0,0.4,bed_bath_table,MG
12.69,48.9,478.41,0.8,52500.0,0.26,stationery,SP
16.61,59.9,322.51,1.05,6929.0,0.28,bed_bath_table,SP
17.17,219.99,331.13,2.05,15750.0,0.08,cool_stuff,SP
17.45,145.0,676.01,8.95,25650.0,0.12,housewares,SC
12.81,200.0,2115.55,1.75,12800.0,0.06,market_place,PB
11.85,27.9,509.68,0.3,2550.0,0.42,auto,SP
45.12,149.0,585.9,6.55,8000.0,0.3,computers_accessories,ES
14.52,34.9,337.52,0.8,9000.0,0.42,garden_tools,RJ
9.76,134.9,22.64,0.37,4416.0,0.07,perfumery,SP
20.83,110.99,1208.37,0.7,5700.0,0.19,health_beauty,PE
24.91,80.0,1834.84,0.85,19200.0,0.31,baby,PE
24.82,29.99,2321.99,0.3,816.0,0.83,telephony,CE
15.5,107.0,511.07,0.35,4913.0,0.14,sports_leisure,RJ
15.79,20.89,936.0,0.1,1232.0,0.76,telephony,RJ
18.64,198.0,813.48,1.2,4752.0,0.09,furniture_decor,ES
23.29,194.99,1344.67,0.55,5632.0,0.12,perfumery,BA
17.02,82.9,907.57,0.22,3094.0,0.2,computers_accessories,MG
15.23,26.9,367.52,0.54,3648.0,0.57,electronics,RJ
12.48,34.9,216.94,0.5,7500.0,0.36,sports_leisure,MG
15.44,49.0,328.76,0.25,352.0,0.32,watches_gifts,PR
12.69,49.99,294.36,0.9,11286.0,0.25,bed_bath_table,SP
17.88,65.0,1344.53,1.03,4080.0,0.28,sports_leisure,ES
32.31,139.9,361.97,5.7,3900.0,0.23,electronics,RJ
15.45,100.0,638.13,0.36,5130.0,0.15,computers_accessories,SC
47.41,51.45,921.74,3.0,31820.0,0.92,baby,RJ
18.14,49.0,343.11,1.25,5200.0,0.37,pet_shop,SP
36.64,139.99,867.11,9.72,46852.0,0.26,office_furniture,RS
20.36,198.0,333.75,0.9,12250.0,0.1,auto,SP
15.38,89.9,729.89,1.38,20000.0,0.17,bed_bath_table,RJ
23.44,72.58,1324.45,0.65,15640.0,0.32,luggage_accessories,BA
14.91,189.9,125.78,0.56,5376.0,0.08,perfumery,SP
11.73,49.99,73.68,1.6,17500.0,0.24,health_beauty,SP
16.5,105.99,488.3,1.1,10000.0,0.16,pet_shop,SC
14.1,35.0,345.44,0.2,21204.0,0.4,electronics,RJ
19.66,159.9,2325.24,0.5,2760.0,0.12,perfumery,CE
12.76,89.9,539.14,0.17,2520.0,0.14,computers_accessories,SP
8.72,24.99,8.35,0.4,8000.0,0.35,furniture_decor,SP
11.15,35.0,23.82,1.7,12960.0,0.32,health_beauty,SP
8.88,19.0,109.36,2.7,18000.0,0.47,housewares,SP
15.42,45.9,391.56,0.45,10500.0,0.34,sports_leisure,SP
18.75,135.0,501.97,1.8,13520.0,0.14,auto,SC
34.79,89.9,113.4,16.1,100100.0,0.39,luggage_accessories,SP
17.67,59.9,625.67,1.55,19800.0,0.3,garden_tools,SC
23.36,69.9,1487.1,2.6,15000.0,0.33,furniture_decor,MT
18.8,220.91,440.55,1.23,13545.0,0.08,computers_accessories,SP
13.34,149.9,1658.65,0.53,4840.0,0.09,computers_accessories,DF
8.39,89.9,103.86,0.4,4000.0,0.09,toys,SP
24.05,209.0,40.69,12.6,4000.0,0.12,sports_leisure,SP
14.23,239.99,22.99,1.62,33792.0,0.06,cool_stuff,SP
9.63,88.0,26.17,0.9,1920.0,0.11,auto,RJ
13.08,75.0,24.9,2.6,15000.0,0.17,furniture_decor,SP
30.95,555.0,2410.74,0.65,1760.0,0.06,health_beauty,RO
45.4,134.57,470.31,0.9,64000.0,0.34,auto,RJ
7.78,21.99,23.52,0.2,836.0,0.35,telephony,SP
14.64,127.0,365.57,0.5,1350.0,0.12,books_technical,RJ
29.63,69.0,848.71,1.64,4864.0,0.43,computers_accessories,SP
16.18,154.91,441.02,0.36,3042.0,0.1,watches_gifts,MG
23.56,57.9,951.61,1.25,7000.0,0.41,bed_bath_table,MG
25.79,135.9,634.91,3.4,11907.0,0.19,office_furniture,RJ
34.05,99.0,312.03,5.95,8000.0,0.34,garden_tools,RJ
17.6,49.9,678.06,1.75,32560.0,0.35,garden_tools,SC
43.07,94.99,1714.35,1.45,9720.0,0.45,garden_tools,PE
19.93,99.0,1834.24,0.85,2520.0,0.2,auto,BA
11.85,21.99,247.1,1.15,2464.0,0.54,bed_bath_table,SP
7.78,25.99,127.1,0.15,1520.0,0.3,telephony,SP
18.92,149.0,463.02,1.75,13600.0,0.13,furniture_decor,RS
14.16,148.0,541.56,0.12,2304.0,0.1,cool_stuff,SP
16.32,79.9,291.28,0.7,21600.0,0.2,sports_leisure,RJ
36.86,496.9,3158.91,0.4,2048.0,0.07,computers_accessories,PA
17.21,39.99,122.75,1.92,8214.0,0.43,health_beauty,SP
15.11,39.9,347.05,0.9,3600.0,0.38,furniture_decor,SP
12.61,69.0,343.67,0.11,490.0,0.18,computers_accessories,MG
10.96,39.0,304.71,0.3,3168.0,0.28,unknown,SP
31.09,179.0,374.41,7.9,19800.0,0.17,furniture_decor,RJ
12.69,38.4,294.9,0.95,14000.0,0.33,furniture_decor,SP
42.24,144.94,2348.43,8.22,45968.0,0.29,office_furniture,CE
17.5,86.9,354.52,1.38,20000.0,0.2,bed_bath_table,SP
15.23,28.99,323.61,0.2,4046.0,0.52,cool_stuff,RJ
29.92,229.9,161.3,9.8,44100.0,0.13,sports_leisure,SC
51.78,129.9,1477.05,4.73,102424.0,0.4,baby,BA
9.26,34.99,136.14,0.3,1600.0,0.26,musical_instruments,SP
16.11,36.9,589.37,0.45,4800.0,0.44,bed_bath_table,RJ
102.57,179.9,703.4,14.8,40000.0,0.57,furniture_decor,RJ
21.11,101.45,2479.0,1.0,6240.0,0.21,bed_bath_table,PA
19.42,32.9,663.18,0.7,12167.0,0.59,housewares,ES
24.53,197.5,729.56,0.72,4800.0,0.12,computers_accessories,PI
12.75,149.9,162.2,1.2,5040.0,0.08,health_beauty,SP
19.56,52.39,766.54,1.38,6300.0,0.37,housewares,SP
15.33,33.4,241.89,0.1,1360.0,0.46,auto,SC
7.39,46.0,150.93,10.0,59840.0,0.16,sports_leisure,SP
21.59,92.0,947.85,1.55,20944.0,0.24,bed_bath_table,RS
15.31,29.9,331.86,0.1,1560.0,0.51,pet_shop,SP
23.34,30.0,399.47,4.75,6156.0,0.78,sports_leisure,SP
38.74,169.9,2075.48,1.6,5000.0,0.23,sports_leisure,BA
18.56,108.9,870.29,1.85,5168.0,0.17,auto,DF
13.51,23.9,381.85,0.15,4080.0,0.56,sports_leisure,SP
16.39,89.99,807.73,0.25,3960.0,0.18,health_beauty,GO
19.39,59.9,453.5,0.95,6272.0,0.32,bed_bath_table,SP
22.85,35.0,1929.35,0.35,5202.0,0.65,fashion_bags_accessories,AL
8.88,46.28,2.19,0.9,26400.0,0.19,home_construction,SP
11.85,43.7,559.75,0.1,4000.0,0.27,auto,SP
15.73,138.0,855.8,6.9,57664.0,0.11,bed_bath_table,RS
14.12,15.99,295.0,0.7,21952.0,0.88,home_appliances_2,MG
9.34,38.4,133.57,0.85,10000.0,0.24,furniture_decor,SP
12.81,22.0,222.43,0.25,15625.0,0.58,housewares,SP
15.28,24.99,42.19,5.6,6000.0,0.61,furniture_living_room,SP
23.24,94.9,786.79,1.9,4500.0,0.24,housewares,SP
30.66,99.99,464.07,1.6,12075.0,0.31,bed_bath_table,SP
23.33,75.9,352.29,1.5,10752.0,0.31,furniture_decor,RJ
14.17,149.9,490.38,0.4,3888.0,0.1,perfumery,SP
24.66,23.49,326.35,9.85,60912.0,1.05,furniture_decor,SP
39.12,249.9,680.51,8.4,32760.0,0.16,furniture_decor,RJ
21.15,23.99,2099.42,0.18,1080.0,0.88,telephony,MA
10.94,79.99,634.6,0.25,3960.0,0.14,health_beauty,ES
15.01,179.9,464.6,0.45,2760.0,0.08,perfumery,MG
8.41,35.0,42.07,0.45,2704.0,0.24,food_drink,SP
13.08,29.5,25.1,1.87,7776.0,0.44,cool_stuff,SP
16.75,159.9,96.69,1.6,9240.0,0.1,sports_leisure,SP
16.35,130.0,697.62,0.17,1840.0,0.13,telephony,RJ
22.2,69.9,798.25,0.3,12393.0,0.32,sports_leisure,MG
15.98,175.5,739.93,0.87,7650.0,0.09,computers_accessories,RS
20.8,21.9,1727.06,0.5,8000.0,0.95,garden_tools,SE
7.39,16.99,14.42,0.3,6000.0,0.44,auto,SP
15.11,39.9,342.29,0.6,4000.0,0.38,sports_leisure,RJ
46.78,169.9,2293.69,5.3,16000.0,0.28,baby,PA
17.67,59.9,657.88,1.23,18252.0,0.3,housewares,RJ
7.78,49.0,30.47,0.25,640.0,0.16,watches_gifts,SP
31.85,156.89,700.25,4.8,39546.0,0.2,housewares,MG
18.59,40.0,678.27,1.0,7200.0,0.46,bed_bath_table,RJ
40.56,199.0,1690.85,1.95,27588.0,0.2,cool_stuff,GO
10.96,14.99,306.23,0.8,21168.0,0.73,auto,SP
23.37,149.9,2132.05,0.53,4840.0,0.16,computers_accessories,SP
13.61,84.9,503.53,1.4,8712.0,0.16,fashion_shoes,SP
27.65,99.99,1183.13,1.35,6000.0,0.28,bed_bath_table,BA
15.1,39.99,575.59,0.85,4800.0,0.38,bed_bath_table,RJ
17.93,29.99,334.25,0.3,9016.0,0.6,cool_stuff,RJ
13.43,59.0,527.28,0.68,4368.0,0.23,computers_accessories,SP
76.13,469.0,968.57,8.8,24500.0,0.16,garden_tools,GO
13.46,53.9,431.35,1.65,19800.0,0.25,garden_tools,SP
8.47,44.9,172.39,0.4,600.0,0.19,bed_bath_table,SP
17.8,79.0,834.43,6.05,31920.0,0.22,stationery,DF
19.19,276.89,400.81,0.8,23520.0,0.07,computers_accessories,SP
51.45,135.0,1090.87,0.7,17500.0,0.38,sports_leisure,SP
11.85,21.9,122.12,0.3,4800.0,0.54,bed_bath_table,SP
17.95,99.9,621.04,1.9,6851.0,0.18,garden_tools,SP
14.52,21.9,311.11,0.2,816.0,0.66,electronics,RJ
18.87,110.0,574.61,0.46,3705.0,0.17,perfumery,DF
12.43,69.9,19.26,2.6,15000.0,0.18,furniture_decor,SP
13.71,12.9,353.37,0.7,32760.0,1.06,home_comfort_2,SP
18.65,110.32,752.28,0.15,990.0,0.17,health_beauty,GO
23.0,59.8,566.7,0.6,5880.0,0.38,furniture_decor,MG
34.15,19.9,2007.11,0.17,756.0,1.72,telephony,MA
22.85,679.0,483.14,0.6,3584.0,0.03,telephony,MG
12.79,33.99,373.43,3.05,4096.0,0.38,construction_tools_construction,SP
13.16,102.62,168.25,10.5,50778.0,0.13,pet_shop,SP
15.96,516.59,312.83,0.53,2016.0,0.03,consoles_games,SP
49.37,120.0,767.76,9.4,70875.0,0.41,furniture_decor,PR
15.93,69.99,1463.78,0.2,880.0,0.23,unknown,BA
10.96,19.9,46.1,0.25,10000.0,0.55,toys,SP
26.33,149.99,1044.03,0.8,7680.0,0.18,toys,BA
16.33,99.75,310.19,5.64,33480.0,0.16,housewares,SP
11.15,27.0,50.27,3.45,28175.0,0.41,furniture_decor,SP
12.96,34.9,119.11,3.7,32384.0,0.37,housewares,SP
15.1,20.3,469.1,0.3,352.0,0.74,unknown,PR
16.1,193.2,555.9,0.25,5967.0,0.08,home_appliances,PR
18.7,59.74,503.89,1.4,15925.0,0.31,furniture_decor,SP
9.0,35.0,8.72,0.65,14000.0,0.26,furniture_decor,SP
9.0,30.0,396.69,0.8,11571.0,0.3,housewares,MG
11.42,56.9,14.63,1.85,23625.0,0.2,kitchen_dining_laundry_garden_furniture,SP
25.94,399.0,562.54,0.85,2160.0,0.06,health_beauty,SP
17.73,85.0,581.79,1.68,12100.0,0.21,housewares,SP
8.26,95.0,253.48,0.35,640.0,0.09,watches_gifts,SP
15.53,109.9,508.73,0.8,34650.0,0.14,luggage_accessories,SP
16.79,7.9,892.62,0.2,1232.0,2.12,electronics,MG
29.03,89.9,1469.73,3.12,31500.0,0.32,housewares,ES
16.19,348.8,404.02,0.36,3042.0,0.05,watches_gifts,RJ
9.34,37.9,84.2,0.8,19380.0,0.25,health_beauty,SP
12.3,114.99,111.32,13.39,71064.0,0.11,office_furniture,SP
16.79,27.9,751.01,0.2,2340.0,0.6,computers_accessories,BA
15.1,23.99,733.4,0.3,816.0,0.63,telephony,PR
11.85,8.68,181.52,0.3,1632.0,1.36,christmas_supplies,SP
16.11,9.9,355.84,1.2,6000.0,1.63,housewares,RJ
18.09,74.9,1478.65,0.8,3168.0,0.24,housewares,BA
27.19,158.0,1017.04,5.85,39353.0,0.17,garden_tools,RS
14.1,199.9,63.2,2.5,11808.0,0.07,bed_bath_table,SP
13.08,29.5,14.19,1.87,7776.0,0.44,cool_stuff,SP
23.01,29.9,520.38,1.25,5408.0,0.77,furniture_living_room,SP
3.05,9.9,286.14,0.1,2457.0,0.31,housewares,SP
16.52,109.0,698.58,0.45,27000.0,0.15,perfumery,RS
8.16,129.0,26.62,0.2,640.0,0.06,watches_gifts,SP
11.93,129.9,89.8,18.25,15625.0,0.09,furniture_mattress_and_upholstery,SP
13.65,173.0,302.73,2.12,10602.0,0.08,bed_bath_table,SP
49.12,179.9,218.55,11.52,118218.0,0.27,sports_leisure,RJ
9.44,45.0,61.09,1.25,27000.0,0.21,bed_bath_table,SC
18.23,39.9,397.93,0.25,4400.0,0.46,luggage_accessories,SC
16.79,25.9,1564.51,0.2,640.0,0.65,sports_leisure,MT
20.8,57.0,2137.43,1.25,12600.0,0.36,bed_bath_table,PE
7.78,13.99,7.4,0.05,880.0,0.56,perfumery,SP
25.93,15.12,1248.36,0.15,3240.0,1.72,electronics,ES
7.43,23.9,39.53,0.25,11475.0,0.31,stationery,SP
23.55,139.0,490.33,1.4,13932.0,0.17,housewares,SC
18.28,24.99,392.92,0.3,816.0,0.73,auto,MG
38.53,199.0,1831.68,8.2,49000.0,0.19,baby,PE
17.14,99.7,958.09,0.4,4752.0,0.17,sports_leisure,SC
18.64,69.9,1103.82,1.1,6929.0,0.27,bed_bath_table,RS
37.04,10.99,2126.71,0.32,722.0,3.37,cool_stuff,PE
127.25,286.4,546.9,17.0,81270.0,0.44,bed_bath_table,MG
18.0,249.99,499.29,0.35,2340.0,0.07,watches_gifts,MG
18.48,129.99,1052.53,0.65,8550.0,0.14,toys,GO
11.87,52.5,66.43,0.28,5434.0,0.23,auto,SP
12.67,76.9,284.58,0.21,1155.0,0.16,computers_accessories,SP
16.44,115.0,287.14,2.15,23625.0,0.14,sports_leisure,SP
17.59,200.0,327.42,2.45,2875.0,0.09,auto,RJ
15.52,110.0,474.87,0.3,2112.0,0.14,toys,PR
7.78,69.0,36.78,0.3,1632.0,0.11,computers_accessories,SP
19.4,29.9,382.98,0.6,3600.0,0.65,housewares,RJ
19.41,219.0,462.24,0.35,2340.0,0.09,watches_gifts,PR
23.41,129.99,1681.86,0.5,352.0,0.18,watches_gifts,AL
34.59,149.97,622.43,1.95,34385.0,0.23,housewares,PR
15.1,28.99,454.06,0.4,4752.0,0.52,sports_leisure,SC
15.1,15.48,667.21,0.2,3042.0,0.98,health_beauty,ES
13.82,65.9,314.92,0.68,25200.0,0.21,bed_bath_table,SP
14.52,34.95,331.04,0.2,1408.0,0.42,fashion_bags_accessories,PR
38.55,143.0,1842.64,1.25,10920.0,0.27,perfumery,RJ
16.96,74.9,628.16,0.18,2210.0,0.23,computers_accessories,MG
18.7,158.0,595.02,2.1,18000.0,0.12,fixed_telephony,RJ
17.65,129.99,976.41,1.6,15750.0,0.14,cool_stuff,MG
10.94,199.0,451.0,2.6,18656.0,0.06,office_furniture,SP
21.59,92.0,574.72,1.55,20944.0,0.24,bed_bath_table,RJ
18.16,129.9,411.3,1.3,8400.0,0.14,garden_tools,RJ
8.27,40.0,66.34,0.05,4352.0,0.21,auto,SP
11.73,52.0,96.72,2.0,47040.0,0.23,housewares,SP
193.84,760.0,1967.04,30.0,251625.0,0.26,health_beauty,PI
17.9,92.5,307.47,2.96,47520.0,0.19,housewares,RJ
15.84,298.0,366.5,0.48,2808.0,0.05,audio,SP
16.71,145.0,772.56,0.4,11400.0,0.12,health_beauty,RJ
15.27,74.9,561.72,0.18,2210.0,0.2,computers_accessories,SC
18.02,126.99,245.54,2.1,26500.0,0.14,housewares,SP
15.58,69.0,511.47,0.25,352.0,0.23,watches_gifts,MG
16.92,67.9,700.85,0.3,2200.0,0.25,musical_instruments,RJ
26.85,388.9,482.43,4.75,22440.0,0.07,sports_leisure,MG
11.9,57.75,339.18,0.2,1680.0,0.21,health_beauty,SP
18.44,49.0,452.34,0.25,352.0,0.38,watches_gifts,PR
16.94,70.9,1203.6,0.25,1280.0,0.24,telephony,BA
18.04,189.9,868.67,0.25,1782.0,0.1,fashion_bags_accessories,SP
15.1,23.99,412.14,0.1,4500.0,0.63,health_beauty,SC
29.55,39.9,3155.82,0.2,2352.0,0.74,consoles_games,PA
16.11,21.0,488.65,0.7,27000.0,0.77,sports_leisure,SP
15.1,45.95,675.17,0.35,3800.0,0.33,bed_bath_table,DF
7.39,29.99,19.37,0.32,4200.0,0.25,telephony,SP
30.12,250.0,10.79,12.25,70875.0,0.12,furniture_decor,SP
19.29,99.9,683.9,1.1,8925.0,0.19,perfumery,PR
18.34,109.9,1497.53,0.75,6647.0,0.17,toys,BA
13.2,848.9,96.91,0.58,4420.0,0.02,watches_gifts,SP
18.23,12.25,402.3,0.18,3872.0,1.49,electronics,SC
8.11,29.9,143.54,0.25,1200.0,0.27,health_beauty,SP
44.83,129.9,1928.88,2.6,31616.0,0.34,stationery,MA
13.79,109.9,177.1,0.8,12168.0,0.12,bed_bath_table,SP
69.21,249.9,1101.75,5.65,106580.0,0.28,cool_stuff,RJ
9.65,49.0,65.62,0.6,9384.0,0.2,health_beauty,SP
11.73,59.9,31.78,7.0,32994.0,0.2,housewares,SP
11.73,53.9,7.6,2.0,22032.0,0.22,auto,SP
16.11,48.9,909.12,0.6,3380.0,0.33,baby,RS
15.1,21.9,579.05,0.3,4800.0,0.69,bed_bath_table,RJ
52.59,329.0,1607.51,6.85,40000.0,0.16,home_confort,MT
22.46,85.0,1469.58,8.35,44800.0,0.26,housewares,BA
9.27,49.9,46.64,0.68,5120.0,0.19,toys,SP
19.66,59.9,1451.18,1.55,19800.0,0.33,garden_tools,BA
13.43,59.0,407.8,1.5,19800.0,0.23,garden_tools,SP
23.0,39.9,2322.46,0.1,528.0,0.58,auto,RN
16.96,579.99,27.72,3.75,16000.0,0.03,construction_tools_construction,SP
15.1,49.95,948.27,0.35,4275.0,0.3,bed_bath_table,RS
15.1,27.99,487.04,0.3,816.0,0.54,telephony,RJ
24.26,189.9,1129.49,0.9,37500.0,0.13,luggage_accessories,RJ
23.74,138.0,787.64,10.15,59696.0,0.17,housewares,MG
19.05,8.73,980.37,0.7,4096.0,2.18,furniture_decor,SC
17.65,49.99,2476.1,0.2,640.0,0.35,fashion_bags_accessories,PA
13.48,50.89,268.51,9.95,24000.0,0.26,auto,MG
21.15,28.9,1373.65,0.15,4845.0,0.73,health_beauty,MG
38.21,93.99,2063.24,1.25,4896.0,0.41,health_beauty,MA
8.78,89.0,25.85,0.35,8192.0,0.1,construction_tools_lights,SP
11.74,48.0,319.14,0.54,2380.0,0.24,computers_accessories,SP
19.53,80.0,604.98,0.7,20250.0,0.24,bed_bath_table,RJ
11.85,19.9,575.83,0.3,4096.0,0.6,perfumery,SP
7.68,116.99,14.06,13.39,71064.0,0.07,office_furniture,SP
13.72,99.9,145.85,1.3,3312.0,0.14,bed_bath_table,SP
18.22,379.9,562.48,0.6,6174.0,0.05,toys,MG
17.63,37.99,2371.52,0.3,816.0,0.46,telephony,CE
42.59,79.9,2264.96,0.2,2805.0,0.53,sports_leisure,PI
14.1,25.0,383.79,0.25,8000.0,0.56,auto,SP
14.14,56.0,303.67,0.3,640.0,0.25,watches_gifts,PR
15.23,34.9,617.41,0.05,8000.0,0.44,perfumery,MG
14.22,24.75,200.62,0.7,10000.0,0.57,furniture_decor,SP
27.8,59.9,1466.49,7.0,32994.0,0.46,housewares,BA
31.0,35.0,822.31,3.52,14375.0,0.89,costruction_tools_garden,MG
16.44,49.9,19.64,7.05,22050.0,0.33,pet_shop,SP
8.47,41.5,14.71,0.5,10368.0,0.2,furniture_decor,RJ
14.61,122.99,860.66,0.4,3600.0,0.12,unknown,DF
25.63,34.99,1910.16,0.22,3136.0,0.73,computers_accessories,PE
17.95,106.0,114.11,3.3,35100.0,0.17,bed_bath_table,SP
22.4,689.89,1044.43,1.5,9075.0,0.03,consoles_games,RJ
18.0,59.97,486.52,6.65,40000.0,0.3,bed_bath_table,SP
17.92,29.4,1135.36,0.7,1232.0,0.61,auto,BA
19.91,59.9,463.65,2.05,20000.0,0.33,bed_bath_table,MG
17.94,319.9,1032.48,0.52,5304.0,0.06,perfumery,RJ
17.84,85.0,373.97,1.81,37788.0,0.21,bed_bath_table,RJ
15.1,114.0,294.22,0.96,13050.0,0.13,construction_tools_construction,MG
54.02,36.79,2778.2,0.22,1728.0,1.47,consoles_games,RS
15.79,149.0,532.46,0.32,3840.0,0.11,auto,RJ
7.71,29.9,147.1,0.25,1200.0,0.26,health_beauty,SP
21.35,53.9,662.88,1.5,19800.0,0.4,garden_tools,RJ
18.18,181.99,305.57,1.67,22274.0,0.1,bed_bath_table,SP
17.33,108.0,1095.53,1.0,7632.0,0.16,watches_gifts,RS
7.39,35.76,91.16,0.8,12090.0,0.21,food_drink,SP
18.38,39.9,604.14,0.45,3000.0,0.46,bed_bath_table,RJ
12.72,54.9,39.07,5.7,33930.0,0.23,toys,SP
29.9,69.9,1951.09,2.6,15000.0,0.43,furniture_decor,AL
26.26,249.99,206.45,17.3,17576.0,0.1,garden_tools,SP
19.38,516.59,495.27,0.53,2016.0,0.04,consoles_games,RJ
17.14,29.99,1456.63,0.19,1224.0,0.57,telephony,BA
8.72,19.9,4.75,0.2,4500.0,0.44,housewares,SP
19.22,160.0,464.05,0.35,4807.0,0.12,health_beauty,SP
40.18,689.9,454.21,2.5,14400.0,0.06,perfumery,SC
15.01,200.0,65.76,9.75,12600.0,0.08,bed_bath_table,SP
15.1,49.9,359.53,0.1,8000.0,0.3,perfumery,SP
12.93,25.0,43.54,1.2,4320.0,0.52,unknown,RJ
7.78,67.5,16.91,2.95,32000.0,0.12,furniture_decor,SP
33.08,99.0,718.93,9.0,19656.0,0.33,garden_tools,SP
28.82,59.9,1994.05,1.5,19800.0,0.48,garden_tools,PA
9.67,24.9,661.87,1.0,10000.0,0.39,furniture_decor,DF
18.12,125.0,1076.04,1.3,13068.0,0.14,sports_leisure,RS
19.84,46.9,340.2,2.15,14250.0,0.42,housewares,RJ
46.78,623.99,1729.27,2.3,7920.0,0.08,fixed_telephony,AL
25.47,89.9,927.43,6.15,48000.0,0.28,furniture_decor,MG
143.78,799.99,808.66,28.5,170625.0,0.18,sports_leisure,SC
20.28,148.0,776.85,0.85,8349.0,0.14,furniture_decor,MG
11.73,35.99,47.26,1.25,12000.0,0.33,bed_bath_table,SP
12.06,79.49,291.8,0.45,3360.0,0.15,health_beauty,SP
14.1,29.9,345.79,0.2,1875.0,0.47,computers_accessories,RJ
0.0,53.9,676.34,1.55,19800.0,0.0,garden_tools,RJ
38.7,299.9,471.65,1.3,19008.0,0.13,small_appliances,SP
19.6,548.35,206.13,1.05,2700.0,0.04,construction_tools_construction,MG
24.66,35.99,201.53,19.58,63536.0,0.68,furniture_decor,SP
17.67,59.9,359.86,4.1,14952.0,0.3,cool_stuff,SP
23.2,87.97,445.63,1.4,3600.0,0.26,cool_stuff,RS
25.94,62.9,458.35,7.9,36000.0,0.41,electronics,MG
14.1,47.9,322.61,0.65,12000.0,0.29,home_construction,SP
7.78,24.99,8.54,0.25,816.0,0.31,telephony,SP
15.11,23.9,851.12,0.55,2430.0,0.63,housewares,RS
37.93,145.0,2222.83,4.34,2856.0,0.26,watches_gifts,PA
14.27,779.0,48.22,0.66,4256.0,0.02,watches_gifts,SP
34.35,59.9,756.76,1.5,19800.0,0.57,garden_tools,SC
11.73,34.2,9.59,5.9,37500.0,0.34,housewares,SP
23.46,219.0,1117.4,2.3,9614.0,0.11,garden_tools,GO
16.23,75.0,857.78,0.15,5120.0,0.22,computers_accessories,DF
16.86,59.9,1131.05,0.35,8000.0,0.28,sports_leisure,BA
14.3,415.8,304.51,0.3,2565.0,0.03,watches_gifts,SP
60.74,64.99,2275.29,0.55,2964.0,0.94,health_beauty,SP
12.48,18.9,549.36,0.15,2304.0,0.66,electronics,SP
3.19,54.0,250.92,16.4,32000.0,0.06,furniture_decor,MG
16.95,99.9,481.41,2.3,23598.0,0.17,toys,MG
62.26,359.9,145.44,30.0,114840.0,0.17,housewares,SP
10.47,325.0,13.89,0.4,2992.0,0.03,health_beauty,SP
16.11,49.0,427.32,0.35,12000.0,0.33,stationery,MG
9.76,145.0,1.06,0.22,1140.0,0.07,computers_accessories,SP
48.27,249.0,2871.29,1.5,9000.0,0.19,furniture_decor,PR
6.69,119.7,410.03,0.56,4199.0,0.06,perfumery,SP
11.85,32.5,559.42,0.15,2304.0,0.36,consoles_games,SP
8.03,110.32,118.78,0.15,990.0,0.07,health_beauty,SP
18.81,339.0,707.23,0.5,8694.0,0.06,health_beauty,SC
12.79,39.99,111.34,0.25,1280.0,0.32,computers_accessories,SP
13.53,139.9,88.03,6.85,49910.0,0.1,furniture_decor,SP
12.65,150.0,2472.27,4.0,31500.0,0.08,furniture_decor,PA
33.15,176.0,2601.2,0.15,2805.0,0.19,watches_gifts,MA
11.81,85.99,40.33,1.9,42000.0,0.14,bed_bath_table,SP
18.69,115.0,587.25,0.44,4480.0,0.16,watches_gifts,DF
7.64,110.32,91.17,0.2,990.0,0.07,health_beauty,SP
62.05,108.0,898.36,14.35,92781.0,0.57,kitchen_dining_laundry_garden_furniture,GO
22.16,33.5,891.22,0.25,2288.0,0.66,sports_leisure,RJ
2.2,53.2,544.2,0.65,2560.0,0.04,bed_bath_table,MG
8.21,135.0,11.89,0.05,13520.0,0.06,construction_tools_construction,SP
27.48,75.0,1125.26,1.45,9000.0,0.37,construction_tools_lights,MS
14.91,85.99,211.24,1.2,15750.0,0.17,cool_stuff,SP
18.52,31.89,309.44,3.28,7056.0,0.58,costruction_tools_garden,SP
28.1,279.99,1217.1,3.75,20160.0,0.1,unknown,BA
35.83,289.5,1516.87,3.25,16905.0,0.12,cool_stuff,PE
24.55,32.99,1985.97,0.8,5376.0,0.74,furniture_decor,PE
9.26,49.9,21.83,0.5,10260.0,0.19,unknown,RS
18.98,200.0,489.18,1.75,12800.0,0.1,market_place,MG
22.93,45.0,381.54,0.65,15625.0,0.51,furniture_decor,RJ
18.94,150.88,494.48,1.27,32400.0,0.13,garden_tools,PR
19.8,118.8,666.42,1.35,15840.0,0.17,auto,SC
15.24,15.99,490.47,0.2,2560.0,0.95,stationery,MG
26.1,159.98,45.35,12.16,79968.0,0.16,office_furniture,SP
7.92,81.99,72.85,0.21,2652.0,0.1,computers_accessories,SP
39.11,979.0,865.41,7.35,27600.0,0.04,portateis_cozinha_e_preparadores_de_alimentos,RS
21.57,69.9,390.68,2.6,15000.0,0.31,furniture_decor,RJ
21.57,105.0,850.34,2.8,24000.0,0.2,computers_accessories,SP
14.44,20.7,551.52,0.8,31500.0,0.7,furniture_decor,SP
45.91,579.0,81.95,14.1,96000.0,0.08,small_appliances_home_oven_and_coffee,SP
25.63,42.9,1179.73,0.14,816.0,0.6,perfumery,BA
21.41,184.9,1830.38,1.6,8000.0,0.12,health_beauty,AC
13.01,96.0,128.77,0.8,6000.0,0.14,bed_bath_table,SP
7.39,49.0,53.52,0.25,352.0,0.15,watches_gifts,SP
7.78,20.0,11.92,0.15,7480.0,0.39,health_beauty,SP
64.63,398.0,296.89,30.0,287980.0,0.16,furniture_living_room,MG
17.22,69.0,517.02,1.5,43750.0,0.25,stationery,SC
19.04,39.99,2141.58,0.15,2210.0,0.48,telephony,PE
19.93,98.0,1434.55,1.08,24000.0,0.2,audio,BA
14.44,44.99,308.02,0.85,4800.0,0.32,bed_bath_table,SP
27.53,66.99,2278.25,0.35,2964.0,0.41,health_beauty,RJ
13.92,79.9,300.27,1.1,12600.0,0.17,bed_bath_table,SP
27.74,50.9,1531.17,1.7,40500.0,0.55,auto,BA
14.13,35.0,33.41,1.87,7776.0,0.4,cool_stuff,SP
18.65,78.0,407.86,0.25,640.0,0.24,watches_gifts,MG
17.75,71.82,720.47,0.85,8712.0,0.25,fashion_shoes,MG
28.96,138.0,1076.79,5.1,54000.0,0.21,sports_leisure,ES
32.26,175.9,1521.79,9.13,107520.0,0.18,baby,BA
7.71,64.9,25.26,0.2,880.0,0.12,fashion_bags_accessories,SP
38.62,49.99,1261.99,1.05,9860.0,0.77,bed_bath_table,DF
9.09,49.99,6.65,0.15,4096.0,0.18,toys,RS
19.02,349.9,719.39,0.9,11400.0,0.05,health_beauty,RJ
16.81,149.9,442.78,0.53,4840.0,0.11,computers_accessories,SE
12.83,23.99,169.95,0.55,2560.0,0.54,bed_bath_table,SP
16.38,499.9,167.38,1.1,10400.0,0.03,toys,RJ
20.2,144.0,597.39,4.34,2856.0,0.14,watches_gifts,RJ
15.1,39.0,839.99,0.17,867.0,0.39,telephony,DF
9.27,37.49,61.39,0.2,3640.0,0.25,sports_leisure,SP
19.5,89.9,672.87,1.82,21200.0,0.22,home_confort,DF
9.26,129.9,9.69,0.75,1728.0,0.07,computers_accessories,SP
15.34,84.35,337.39,0.4,13125.0,0.18,auto,RJ
16.71,73.99,815.82,0.5,4140.0,0.23,baby,DF
49.05,196.99,94.47,17.0,87696.0,0.25,office_furniture,SP
18.46,53.9,494.4,2.4,26048.0,0.34,home_appliances,SP
8.29,14.9,22.56,0.2,2700.0,0.56,audio,SP
20.52,49.0,2124.39,0.55,3750.0,0.42,bed_bath_table,PE
26.16,629.9,440.15,1.35,30625.0,0.04,musical_instruments,SP
18.15,129.0,360.95,1.55,41440.0,0.14,baby,RJ
15.52,108.0,661.29,1.0,7632.0,0.14,watches_gifts,PR
23.95,319.9,906.62,0.28,2916.0,0.08,cool_stuff,MG
8.72,6.5,1.25,0.3,1056.0,1.34,food_drink,SP
18.04,113.57,580.32,0.84,11880.0,0.16,bed_bath_table,RJ
16.92,166.0,565.15,11.5,50400.0,0.1,bed_bath_table,RJ
15.1,32.49,991.27,0.6,4860.0,0.46,pet_shop,RS
26.43,49.9,775.37,7.05,22050.0,0.53,pet_shop,RS
22.39,1013.4,16.15,5.29,37440.0,0.02,cool_stuff,SP
104.93,219.98,378.84,11.0,94192.0,0.48,office_furniture,RJ
22.85,19.0,2460.99,0.15,352.0,1.2,fashion_bags_accessories,RO
22.13,189.99,2341.71,0.45,13851.0,0.12,fashion_bags_accessories,MA
44.87,949.9,3190.79,15.8,134292.0,0.05,baby,RR
3.12,45.9,279.53,0.8,8000.0,0.07,bed_bath_table,SP
23.06,79.9,1219.3,0.15,880.0,0.29,fashion_bags_accessories,SE
19.46,69.9,544.19,0.8,23625.0,0.28,bed_bath_table,MG
16.05,24.07,674.43,0.4,2088.0,0.67,signaling_and_security,RJ
27.14,151.9,832.33,4.34,2856.0,0.18,watches_gifts,ES
16.78,270.0,532.4,0.16,1404.0,0.06,pet_shop,SP
17.63,39.99,2130.91,0.32,6776.0,0.44,stationery,PE
21.96,209.9,520.63,2.15,9240.0,0.1,sports_leisure,PR
18.69,115.0,636.86,0.58,2288.0,0.16,watches_gifts,RJ
17.59,65.0,428.57,1.87,7776.0,0.27,cool_stuff,SP
15.15,56.99,576.48,0.25,3360.0,0.27,perfumery,RJ
9.34,12.99,77.74,2.9,12800.0,0.72,furniture_decor,SP
43.4,159.9,1928.87,1.75,12167.0,0.27,health_beauty,PE
23.56,264.0,1122.31,0.48,5355.0,0.09,perfumery,MG
8.29,26.9,0.72,0.54,3648.0,0.31,electronics,SP
17.16,64.9,403.12,8.33,137175.0,0.26,cool_stuff,SP
10.53,135.9,137.19,1.35,4374.0,0.08,health_beauty,SP
33.97,99.8,82.76,11.25,48000.0,0.34,housewares,SP
12.79,33.4,63.42,0.25,2288.0,0.38,sports_leisure,SP
12.83,100.0,387.19,0.36,5130.0,0.13,computers_accessories,SP
20.43,170.0,1252.66,1.4,16000.0,0.12,health_beauty,MG
17.92,95.0,976.03,1.4,3168.0,0.19,computers_accessories,GO
17.67,59.9,535.1,1.65,19800.0,0.3,garden_tools,PR
14.13,54.9,371.78,0.35,4000.0,0.26,sports_leisure,SP
13.63,87.0,297.46,1.3,23625.0,0.16,bed_bath_table,SP
8.11,37.89,17.77,0.2,3744.0,0.21,computers_accessories,DF
39.56,229.9,21.19,9.35,44100.0,0.17,sports_leisure,PR
35.35,104.99,2419.92,6.13,73920.0,0.34,toys,PE
25.85,22.5,325.17,5.15,1452.0,1.15,sports_leisure,RJ
16.6,35.99,367.05,1.25,12000.0,0.46,bed_bath_table,PR
13.52,32.0,39.19,2.6,12167.0,0.42,health_beauty,SP
78.37,550.0,44.74,30.0,210000.0,0.14,health_beauty,SP
38.65,249.0,2090.1,0.29,2700.0,0.16,watches_gifts,CE
7.39,27.99,9.49,0.3,816.0,0.26,telephony,SP
17.6,37.5,805.95,1.25,8640.0,0.47,furniture_decor,MG
13.28,119.9,297.97,1.5,24000.0,0.11,bed_bath_table,SP
16.11,39.9,763.66,0.5,22000.0,0.4,bed_bath_table,DF
8.54,18.04,12.17,0.4,352.0,0.47,furniture_decor,SP
25.26,59.99,483.63,3.5,19600.0,0.42,furniture_decor,MG
7.78,27.9,98.55,0.15,2873.0,0.28,food,SP
20.52,146.99,363.14,2.42,16530.0,0.14,cool_stuff,RJ
15.72,89.0,355.62,0.15,2000.0,0.18,unknown,RJ
42.65,238.0,659.59,5.25,32670.0,0.18,furniture_decor,SP
22.85,27.99,2095.16,0.3,816.0,0.82,telephony,PI
13.47,12.49,599.84,0.15,352.0,1.08,garden_tools,MG
16.66,58.99,888.48,0.2,3960.0,0.28,health_beauty,DF
18.24,19.9,371.57,0.15,1056.0,0.92,housewares,SP
13.57,59.9,81.28,0.7,2240.0,0.23,market_place,SC
17.3,64.9,424.89,0.45,1750.0,0.27,furniture_decor,PR
16.44,35.9,469.32,0.25,2378.0,0.46,computers_accessories,SP
18.23,9.9,305.72,0.25,4000.0,1.84,garden_tools,MG
33.22,689.0,1571.29,0.71,3458.0,0.05,watches_gifts,PE
83.53,347.9,419.03,19.45,101250.0,0.24,toys,SP
12.43,69.9,28.9,2.6,15000.0,0.18,furniture_decor,SP
17.6,49.9,647.13,1.5,19800.0,0.35,garden_tools,RJ
15.35,84.99,883.09,0.55,5040.0,0.18,perfumery,DF
15.76,144.8,421.26,0.62,1936.0,0.11,watches_gifts,PR
12.79,33.0,158.76,0.12,4508.0,0.39,computers_accessories,SP
76.23,2999.9,340.97,7.9,60000.0,0.02,sports_leisure,SP
19.49,42.99,677.22,0.8,12500.0,0.45,pet_shop,PR
15.1,29.9,326.49,0.1,880.0,0.5,fashion_bags_accessories,RJ
15.52,109.9,435.49,0.85,32946.0,0.14,luggage_accessories,SP
13.08,75.0,85.3,2.6,15000.0,0.17,furniture_decor,SP
28.02,185.0,1267.86,1.15,6600.0,0.15,unknown,MG
7.81,79.9,20.02,0.4,9000.0,0.1,baby,SP
16.17,57.99,575.14,0.75,12000.0,0.28,pet_shop,MG
26.99,130.0,785.54,6.3,36000.0,0.21,air_conditioning,ES
17.67,59.9,635.78,1.5,19800.0,0.3,garden_tools,MG
9.22,198.5,205.7,1.6,11760.0,0.05,furniture_decor,SP
17.13,99.99,857.88,1.2,15750.0,0.17,cool_stuff,RS
12.79,46.2,274.77,0.3,3456.0,0.28,perfumery,SP
11.85,12.9,81.47,0.18,4862.0,0.92,electronics,SP
11.49,63.9,472.14,1.27,18954.0,0.18,housewares,SP
23.41,130.0,1889.49,0.95,9600.0,0.18,watches_gifts,PE
14.59,49.99,494.49,5.4,2700.0,0.29,health_beauty,MG
16.36,180.0,320.27,0.2,1080.0,0.09,health_beauty,SP
9.02,118.0,14.06,0.4,4693.0,0.08,perfumery,SP
7.78,20.9,12.11,0.13,1728.0,0.37,garden_tools,SP
17.06,49.99,1466.16,0.25,816.0,0.34,telephony,BA
18.23,39.9,556.18,0.19,4050.0,0.46,housewares,SP
15.1,24.99,639.45,0.35,816.0,0.6,telephony,SC
15.23,69.0,582.85,0.25,352.0,0.22,watches_gifts,MG
18.48,169.9,153.55,5.8,32490.0,0.11,furniture_decor,SP
78.83,259.0,327.03,17.3,17576.0,0.3,garden_tools,RJ
17.63,16.9,914.42,0.2,560.0,1.04,dvds_blu_ray,RJ
17.61,52.0,458.62,6.6,39375.0,0.34,baby,MG
15.63,59.85,490.65,1.8,6750.0,0.26,small_appliances,PR
17.75,120.0,267.23,0.58,2288.0,0.15,watches_gifts,SP
22.6,95.33,1704.57,1.28,20250.0,0.24,auto,PA
15.76,143.8,98.58,5.95,46475.0,0.11,auto,SP
16.11,39.99,544.11,0.85,2560.0,0.4,bed_bath_table,MG
24.48,229.99,1389.02,1.62,33792.0,0.11,cool_stuff,BA
17.48,92.55,1054.73,8.6,48000.0,0.19,furniture_decor,PR
14.94,105.0,6.73,2.8,24000.0,0.14,computers_accessories,RS
18.14,339.9,788.82,0.51,3900.0,0.05,perfumery,MG
18.23,18.9,649.48,0.22,1440.0,0.96,telephony,GO
0.0,99.9,209.68,0.58,2288.0,0.0,watches_gifts,SP
8.29,69.0,141.7,0.6,8000.0,0.12,musical_instruments,SP
14.84,99.9,463.39,2.0,14430.0,0.15,bed_bath_table,SP
22.14,61.45,724.22,0.4,1955.0,0.36,industry_commerce_and_business,GO
12.69,38.97,110.33,0.5,4050.0,0.33,baby,SP
12.69,38.4,114.85,0.95,14000.0,0.33,furniture_decor,SP
17.9,92.34,434.23,1.05,8800.0,0.19,sports_leisure,MG
16.28,219.0,422.55,0.65,2304.0,0.07,watches_gifts,SP
12.05,79.0,140.3,0.65,4998.0,0.15,perfumery,SP
14.13,54.6,318.28,0.25,880.0,0.26,computers_accessories,RJ
11.85,29.9,230.26,0.15,1936.0,0.4,telephony,SP
17.94,98.0,632.55,1.75,6400.0,0.18,small_appliances,SC
15.52,59.91,897.04,0.15,1760.0,0.26,telephony,DF
21.46,170.0,1323.4,0.7,10080.0,0.13,telephony,MA
19.62,93.5,381.57,1.2,11178.0,0.21,housewares,MG
14.44,89.0,49.81,1.45,50875.0,0.16,stationery,SP
38.6,78.99,1947.55,2.58,56644.0,0.49,bed_bath_table,CE
13.71,23.63,155.84,0.8,3255.0,0.58,housewares,SP
69.28,1069.0,2024.24,2.85,4620.0,0.06,garden_tools,MT
12.72,53.99,308.06,0.65,2560.0,0.24,bed_bath_table,SP
40.2,150.0,2118.67,4.0,31500.0,0.27,furniture_decor,PE
8.48,45.0,150.07,0.4,640.0,0.19,computers_accessories,SP
21.15,29.99,1968.6,0.45,3536.0,0.7,watches_gifts,PB
15.58,118.0,734.04,0.19,4800.0,0.13,computers_accessories,RS
43.02,105.0,1674.48,1.15,24000.0,0.41,pet_shop,MT
10.8,105.0,327.32,1.0,7632.0,0.1,watches_gifts,SP
21.14,156.94,24.23,13.35,70224.0,0.14,office_furniture,SP
7.78,30.6,69.25,0.2,2184.0,0.25,cool_stuff,SP
50.78,321.0,409.33,11.5,68400.0,0.16,auto,SP
11.9,73.35,397.38,1.0,8866.0,0.16,furniture_decor,SP
15.1,24.49,454.25,0.05,1156.0,0.62,auto,MG
20.72,149.9,1704.99,0.53,4840.0,0.14,computers_accessories,MG
8.29,24.98,19.7,0.5,8000.0,0.33,housewares,SP
15.87,159.9,508.9,0.58,2288.0,0.1,watches_gifts,RJ
12.69,36.9,418.9,0.9,10478.0,0.34,computers_accessories,SP
7.39,18.9,130.53,0.2,2375.0,0.39,housewares,SP
49.37,120.0,556.87,7.7,56980.0,0.41,stationery,RJ
11.85,22.9,236.58,0.4,4800.0,0.52,bed_bath_table,SP
19.6,58.9,444.3,0.55,5472.0,0.33,housewares,RS
19.32,39.9,327.41,0.55,3000.0,0.48,auto,RJ
18.38,39.97,365.11,0.15,1920.0,0.46,construction_tools_construction,RS
8.21,89.0,11.22,0.2,880.0,0.09,computers_accessories,MG
17.06,35.9,381.81,0.25,2378.0,0.48,computers_accessories,ES
11.85,47.6,311.59,0.8,23625.0,0.25,bed_bath_table,SP
8.72,38.99,9.49,0.2,1344.0,0.22,electronics,SP
16.6,120.0,879.93,0.97,21840.0,0.14,pet_shop,RS
14.1,49.9,478.56,0.3,2240.0,0.28,toys,MG
15.1,19.94,374.0,0.15,1280.0,0.76,costruction_tools_garden,RJ
12.69,48.9,394.68,5.7,33930.0,0.26,toys,SP
12.93,49.9,40.89,0.85,5184.0,0.26,computers_accessories,SP
15.1,24.9,343.62,0.52,8100.0,0.61,housewares,DF
19.54,49.99,506.93,0.85,2000.0,0.39,luggage_accessories,SC
18.23,139.9,357.78,2.0,15840.0,0.13,auto,PR
41.0,149.98,110.74,17.8,125000.0,0.27,furniture_decor,SP
7.39,14.95,13.08,0.35,4356.0,0.49,books_general_interest,SP
11.24,89.9,252.91,1.38,20000.0,0.12,bed_bath_table,SP
8.4,24.99,506.27,0.25,8000.0,0.34,pet_shop,SP
32.08,149.9,1933.66,3.35,8400.0,0.21,food,ES
12.79,49.99,136.19,0.25,2415.0,0.26,health_beauty,SP
16.84,279.89,345.0,0.2,980.0,0.06,computers_accessories,MG
14.41,96.5,477.31,1.35,14350.0,0.15,sports_leisure,SP
16.9,101.0,336.77,0.75,5780.0,0.17,furniture_decor,RJ
16.4,109.9,158.42,0.4,2772.0,0.15,watches_gifts,SP
165.32,148.5,1875.37,24.05,144000.0,1.11,luggage_accessories,PE
19.5,199.9,613.39,0.36,3042.0,0.1,watches_gifts,PR
16.8,51.9,747.8,0.1,1408.0,0.32,computers_accessories,SP
10.21,69.9,317.12,0.95,23625.0,0.15,bed_bath_table,SP
14.62,126.9,367.64,1.5,28620.0,0.12,luggage_accessories,SP
45.13,149.99,490.37,6.55,8000.0,0.3,computers_accessories,ES
12.69,38.0,159.9,1.1,9600.0,0.33,sports_leisure,SP
7.49,32.99,60.66,0.1,2550.0,0.23,auto,SP
69.01,379.9,128.75,30.0,114840.0,0.18,housewares,SP
18.59,69.9,882.25,0.45,1456.0,0.27,construction_tools_construction,DF
17.26,144.99,306.18,1.05,19008.0,0.12,cool_stuff,RJ
36.19,151.7,918.58,5.7,48070.0,0.24,home_appliances,DF
14.17,59.99,393.13,0.35,2464.0,0.24,watches_gifts,SP
12.98,45.0,179.23,0.28,1056.0,0.29,auto,SP
22.37,62.89,882.79,0.38,3192.0,0.36,computers_accessories,MS
15.23,44.9,359.91,0.35,1540.0,0.34,perfumery,RJ
14.5,109.9,501.02,9.4,56250.0,0.13,baby,SP
17.48,109.9,172.0,2.75,17856.0,0.16,office_furniture,MG
17.12,194.99,640.81,0.64,21528.0,0.09,toys,SP
19.48,42.01,793.41,0.72,10976.0,0.46,auto,SC
8.91,79.99,25.0,1.81,37788.0,0.11,bed_bath_table,SP
9.1,49.9,25.4,0.5,11040.0,0.18,housewares,SP
8.82,32.9,81.51,0.45,38115.0,0.27,small_appliances,SP
13.37,9.0,89.39,1.2,6000.0,1.49,housewares,SP
18.36,37.6,256.29,0.6,1800.0,0.49,unknown,RJ
16.05,42.99,849.91,0.2,1232.0,0.37,toys,RS
16.45,177.0,570.83,0.76,6006.0,0.09,computers_accessories,PR
9.17,59.99,106.17,0.5,8100.0,0.15,sports_leisure,SP
22.32,539.92,2146.93,0.75,7290.0,0.04,health_beauty,PE
14.44,49.9,233.31,1.13,5100.0,0.29,health_beauty,SP
11.73,69.9,18.12,1.1,14336.0,0.17,housewares,SP
33.33,125.9,2126.71,5.5,45000.0,0.26,bed_bath_table,PE
69.74,2749.0,1465.95,0.05,24684.0,0.02,garden_tools,SP
18.22,184.0,665.27,0.25,2415.0,0.1,health_beauty,RJ
18.7,86.0,376.21,0.1,1331.0,0.22,health_beauty,MG
23.45,124.9,711.4,2.15,22050.0,0.19,furniture_decor,SP
13.33,95.0,208.2,0.35,640.0,0.14,watches_gifts,MG
22.93,23.99,556.55,0.98,13225.0,0.96,housewares,SP
19.05,65.99,914.07,1.0,15750.0,0.29,cool_stuff,RS
23.28,225.0,824.44,0.3,3344.0,0.1,watches_gifts,PR
16.11,12.7,439.46,0.4,3927.0,1.27,christmas_supplies,MG
21.89,149.9,629.4,3.35,8400.0,0.15,food,PE
11.73,69.5,110.2,1.1,13824.0,0.17,housewares,SP
37.69,110.65,2014.64,0.46,3240.0,0.34,watches_gifts,PE
17.37,94.3,146.95,2.9,29768.0,0.18,auto,SP
23.41,67.97,1547.38,0.75,3840.0,0.34,health_beauty,BA
13.71,26.9,360.37,1.45,13800.0,0.51,garden_tools,SP
17.6,29.99,737.73,1.25,10648.0,0.59,furniture_decor,RJ
35.91,84.99,2019.33,0.6,8151.0,0.42,health_beauty,MA
34.82,146.0,2078.06,0.44,4480.0,0.24,watches_gifts,PB
26.27,205.0,578.63,9.75,12600.0,0.13,bed_bath_table,RJ
7.78,27.99,82.55,0.3,816.0,0.28,telephony,SP
8.86,95.0,48.1,0.6,4500.0,0.09,christmas_supplies,SP
16.82,90.0,515.65,0.75,1862.0,0.19,garden_tools,MG
37.03,68.2,2403.06,0.55,4096.0,0.54,furniture_decor,PA
14.54,112.99,357.39,0.63,4446.0,0.13,computers_accessories,PR
14.1,19.9,758.12,0.22,1440.0,0.71,telephony,ES
13.1,199.99,125.13,1.9,23625.0,0.07,stationery,SP
6.54,38.9,354.32,0.55,6000.0,0.17,bed_bath_table,MG
8.29,55.0,40.97,0.5,4000.0,0.15,stationery,SP
15.15,199.9,347.43,3.5,29785.0,0.08,bed_bath_table,RJ
14.57,139.9,92.08,1.17,20160.0,0.1,toys,RJ
20.98,69.9,523.59,2.3,8000.0,0.3,sports_leisure,MG
18.3,149.99,504.31,1.05,21164.0,0.12,cool_stuff,RJ
50.85,24.9,745.66,0.15,560.0,2.04,dvds_blu_ray,PR
16.74,158.0,295.74,4.34,2856.0,0.11,watches_gifts,SP
13.84,61.9,538.65,0.21,3276.0,0.22,computers_accessories,SP
13.49,150.97,43.55,2.6,33852.0,0.09,housewares,RS
19.05,14.99,1120.64,4.3,20000.0,1.27,drinks,BA
13.08,92.0,242.83,0.14,5544.0,0.14,sports_leisure,SP
18.59,49.9,683.1,1.0,8000.0,0.37,auto,RJ
15.23,18.75,366.45,0.8,2200.0,0.81,furniture_decor,SP
14.79,239.9,131.91,2.65,13984.0,0.06,bed_bath_table,SP
13.08,29.5,40.73,1.87,7776.0,0.44,cool_stuff,SP
13.97,55.0,504.76,1.25,3150.0,0.25,bed_bath_table,SP
18.23,19.9,496.88,0.25,9600.0,0.92,furniture_decor,GO
18.35,35.99,468.87,0.6,6400.0,0.51,food_drink,MG
25.63,25.9,2037.41,0.15,2816.0,0.99,sports_leisure,PE
36.28,149.98,301.1,8.75,45084.0,0.24,office_furniture,RJ
39.28,179.9,941.76,2.13,4335.0,0.22,auto,PR
17.04,86.0,886.57,0.32,3458.0,0.2,computers_accessories,RJ
18.79,219.9,529.22,0.34,3510.0,0.08,watches_gifts,GO
11.61,399.0,89.17,0.6,6000.0,0.03,consoles_games,SP
15.1,27.99,540.0,0.2,3000.0,0.54,stationery,PR
23.61,64.99,940.14,1.0,6272.0,0.36,bed_bath_table,MG
13.64,89.0,58.92,7.0,36000.0,0.15,stationery,SP
17.19,42.0,808.7,1.8,6048.0,0.41,sports_leisure,RJ
17.74,69.9,944.88,0.95,23625.0,0.25,bed_bath_table,RS
36.37,149.9,2129.87,0.53,4840.0,0.24,computers_accessories,SP
17.12,97.44,817.19,2.0,26316.0,0.18,sports_leisure,RJ
17.94,99.0,814.46,6.55,31920.0,0.18,stationery,RS
15.48,135.0,297.55,2.25,23625.0,0.12,bed_bath_table,SP
7.95,99.0,99.9,0.25,704.0,0.08,sports_leisure,SP
11.73,59.99,103.9,0.7,15750.0,0.2,cool_stuff,SP
14.1,237.0,288.71,0.29,2700.0,0.06,watches_gifts,SP
15.1,16.9,519.65,0.21,3536.0,0.89,sports_leisure,GO
7.39,15.5,24.99,0.15,1547.0,0.48,perfumery,SP
20.93,738.0,788.69,1.0,16356.0,0.03,sports_leisure,RS
18.49,55.0,879.71,1.1,37620.0,0.34,stationery,RS
15.92,121.0,320.87,1.35,5544.0,0.13,health_beauty,SP
10.06,186.6,11.64,0.85,2464.0,0.05,perfumery,SP
9.94,59.9,32.18,0.7,12960.0,0.17,pet_shop,SP
16.14,109.9,551.79,0.2,4096.0,0.15,sports_leisure,SC
19.05,159.77,1454.46,0.45,3600.0,0.12,unknown,BA
19.87,54.9,454.5,2.15,20000.0,0.36,bed_bath_table,MG
26.82,648.0,1210.69,1.35,4800.0,0.04,health_beauty,BA
8.72,44.5,2.21,0.2,4096.0,0.2,furniture_decor,SP
18.33,64.99,857.99,0.15,5120.0,0.28,health_beauty,GO
18.72,69.0,1477.38,1.85,18150.0,0.27,auto,BA
17.6,49.0,466.57,0.9,2560.0,0.36,small_appliances,PR
19.12,145.0,674.45,4.34,2856.0,0.13,watches_gifts,RJ
24.58,289.9,1164.72,1.72,8184.0,0.08,market_place,RJ
15.67,80.9,314.41,0.33,4800.0,0.19,food,RJ
8.0,36.49,47.56,0.27,5040.0,0.22,drinks,SP
20.8,10.0,1337.49,0.1,650.0,2.08,health_beauty,MG
17.89,92.0,471.84,1.55,20944.0,0.19,bed_bath_table,RJ
13.57,79.0,84.96,7.0,36000.0,0.17,stationery,SP
15.36,36.9,525.09,0.45,4620.0,0.42,housewares,SP
15.23,29.99,441.31,0.15,640.0,0.51,health_beauty,SP
21.79,70.0,345.65,2.5,12000.0,0.31,furniture_decor,SP
23.05,35.0,737.7,1.3,16640.0,0.66,garden_tools,DF
12.74,69.9,106.11,0.4,3200.0,0.18,luggage_accessories,PR
19.37,65.9,2370.55,0.5,15000.0,0.29,sports_leisure,CE
20.89,119.99,1781.31,0.6,2070.0,0.17,telephony,PR
18.23,14.9,363.63,0.2,512.0,1.22,furniture_decor,SP
15.65,23.99,855.37,0.25,836.0,0.65,telephony,RS
11.85,24.0,266.31,0.1,1800.0,0.49,cool_stuff,SP
16.91,94.9,485.19,2.2,30000.0,0.18,housewares,MG
12.83,99.7,194.98,0.4,4752.0,0.13,sports_leisure,RJ
7.39,25.77,7.02,0.15,2432.0,0.29,telephony,SP
28.01,1680.0,345.49,0.75,4096.0,0.02,fixed_telephony,RJ
9.0,144.9,42.13,8.75,18000.0,0.06,pet_shop,SP
13.22,104.9,313.09,1.3,9000.0,0.13,bed_bath_table,SP
42.16,169.0,263.79,2.6,33852.0,0.25,housewares,SC
10.13,175.9,76.81,0.8,6528.0,0.06,computers_accessories,SP
16.84,124.9,389.42,4.34,2856.0,0.14,watches_gifts,RJ
18.31,105.9,1561.4,1.55,4500.0,0.17,bed_bath_table,MT
11.51,69.9,23.22,2.0,7800.0,0.16,musical_instruments,SP
8.82,44.9,85.54,0.4,2112.0,0.2,housewares,SP
83.96,269.9,3173.55,3.4,22724.0,0.31,bed_bath_table,RR
7.64,110.32,46.28,0.15,990.0,0.07,health_beauty,SP
15.1,19.49,335.49,0.23,4608.0,0.78,drinks,RJ
16.79,11.9,895.29,0.15,2496.0,1.41,electronics,RJ
54.37,320.0,1846.66,0.6,18000.0,0.17,consoles_games,PE
15.24,177.65,10.05,5.48,50700.0,0.09,auto,SP
16.07,53.9,528.78,1.8,32560.0,0.3,garden_tools,PR
7.39,42.0,15.05,0.15,1344.0,0.18,health_beauty,SP
13.25,115.0,310.2,0.58,2288.0,0.12,watches_gifts,SP
15.1,20.3,525.75,0.1,640.0,0.74,fashion_bags_accessories,SC
16.81,127.48,366.97,1.5,18375.0,0.13,auto,RJ
7.87,49.49,55.97,0.12,4845.0,0.16,health_beauty,SP
18.02,219.9,629.13,2.2,15625.0,0.08,stationery,MG
18.25,22.0,415.34,0.2,2112.0,0.83,electronics,SC
18.23,20.3,451.55,0.25,352.0,0.9,fashion_bags_accessories,MG
8.88,60.0,33.64,0.95,15625.0,0.15,furniture_decor,SP
23.86,151.4,350.11,1.35,10400.0,0.16,housewares,SP
20.08,119.9,1187.92,1.6,4692.0,0.17,bed_bath_table,MT
15.31,29.9,411.45,0.4,4096.0,0.51,health_beauty,ES
23.76,169.0,709.76,1.9,11700.0,0.14,cine_photo,RS
7.7,39.9,28.68,0.3,3200.0,0.19,health_beauty,RJ
17.73,65.0,2383.08,0.25,352.0,0.27,watches_gifts,CE
14.1,15.9,410.41,0.3,352.0,0.89,telephony,RJ
16.11,36.9,465.27,0.7,4928.0,0.44,bed_bath_table,SP
8.64,24.9,132.63,0.2,600.0,0.35,bed_bath_table,SP
17.67,59.9,1025.64,1.5,19800.0,0.3,garden_tools,RS
16.11,26.9,441.28,0.63,11718.0,0.6,housewares,RJ
19.88,98.69,1250.63,0.74,7360.0,0.2,home_construction,RS
8.88,103.0,40.62,0.4,12000.0,0.09,pet_shop,SP
23.55,139.0,435.25,5.4,60000.0,0.17,toys,SP
15.1,10.5,420.22,0.2,352.0,1.44,fashion_bags_accessories,RJ
15.31,29.9,343.43,0.1,1560.0,0.51,pet_shop,SP
7.92,95.0,14.8,0.2,352.0,0.08,watches_gifts,SP
16.95,34.2,836.42,0.15,2304.0,0.5,consoles_games,RJ
35.7,219.99,45.62,16.17,99200.0,0.16,office_furniture,SP
15.23,24.9,833.09,0.3,13754.0,0.61,bed_bath_table,SP
15.1,34.99,924.73,0.3,816.0,0.43,telephony,RS
23.36,69.9,1485.6,2.3,8000.0,0.33,sports_leisure,BA
15.11,49.9,382.1,1.1,10500.0,0.3,housewares,PR
64.75,179.99,2340.23,7.42,51612.0,0.36,office_furniture,MA
15.65,110.4,718.84,0.25,1936.0,0.14,watches_gifts,GO
15.16,59.0,965.09,0.25,640.0,0.26,watches_gifts,RS
61.37,90.0,470.14,15.5,88000.0,0.68,health_beauty,MG
16.11,31.99,745.78,0.9,5760.0,0.5,furniture_decor,DF
14.69,239.0,33.59,5.85,34800.0,0.06,stationery,SP
13.3,167.0,87.41,0.2,2016.0,0.08,health_beauty,PR
15.25,59.21,347.65,1.4,18375.0,0.26,auto,RJ
8.3,149.0,31.54,0.35,704.0,0.06,unknown,SP
46.44,179.99,306.96,7.65,8000.0,0.26,garden_tools,SP
38.67,220.0,300.28,2.15,8550.0,0.18,small_appliances,SP
26.89,39.9,2167.88,0.4,7200.0,0.67,unknown,PE
98.02,55.0,345.78,0.3,15625.0,1.78,toys,RJ
16.26,89.9,184.97,1.38,20000.0,0.18,bed_bath_table,SP
0.0,199.0,533.76,0.34,3510.0,0.0,watches_gifts,RJ
27.16,119.9,404.45,2.6,18000.0,0.23,market_place,MG
9.37,89.0,7.74,0.88,11592.0,0.1,cool_stuff,SP
30.11,122.99,2268.67,0.7,5700.0,0.24,health_beauty,RJ
16.79,24.9,1297.55,0.45,1872.0,0.67,housewares,BA
27.37,136.9,855.29,2.3,5915.0,0.2,health_beauty,RS
23.23,60.9,401.17,1.54,8232.0,0.38,electronics,SC
12.2,99.9,296.17,0.12,2288.0,0.12,perfumery,SP
19.35,299.98,326.19,1.35,4050.0,0.06,musical_instruments,RJ
7.87,27.9,55.15,0.15,2873.0,0.28,food,SP
16.15,149.99,363.17,0.6,2178.0,0.11,sports_leisure,RJ
18.23,15.0,399.6,0.05,2592.0,1.22,market_place,MG
26.43,49.9,323.3,7.05,22050.0,0.53,pet_shop,PR
16.25,69.9,538.35,0.92,36036.0,0.23,sports_leisure,SP
23.5,169.0,350.61,6.85,51894.0,0.14,sports_leisure,RJ
3.78,29.0,577.26,0.3,352.0,0.13,watches_gifts,MG
23.53,104.0,27.58,0.95,3645.0,0.23,bed_bath_table,PR
11.85,39.99,330.14,0.15,1904.0,0.3,telephony,SP
16.95,72.89,937.34,0.35,1408.0,0.23,computers_accessories,RJ
40.29,180.0,2328.3,1.65,16000.0,0.22,furniture_decor,CE
16.79,19.9,1446.19,0.25,2700.0,0.84,audio,BA
21.1,149.9,1856.38,0.53,4840.0,0.14,computers_accessories,RJ
11.22,84.58,56.22,1.55,9856.0,0.13,home_construction,SP
14.58,69.8,315.15,1.1,20800.0,0.21,auto,SP
12.4,129.0,345.25,0.2,640.0,0.1,watches_gifts,SP
26.96,59.99,2146.18,0.8,18750.0,0.45,sports_leisure,PA
13.82,69.0,168.2,0.2,4096.0,0.2,sports_leisure,MG
15.92,89.0,94.81,3.72,28160.0,0.18,bed_bath_table,SP
11.67,149.8,20.72,1.85,27000.0,0.08,sports_leisure,SP
18.93,119.0,360.66,0.4,1547.0,0.16,computers_accessories,SP
15.1,29.99,917.94,0.25,704.0,0.5,unknown,MS
12.6,34.99,221.76,0.4,9500.0,0.36,garden_tools,SC
12.65,99.9,67.79,1.35,3080.0,0.13,bed_bath_table,SP
20.25,129.9,151.12,4.35,8000.0,0.16,sports_leisure,SP
21.9,157.8,1497.63,3.46,50976.0,0.14,cool_stuff,AL
17.48,129.99,969.33,0.38,8120.0,0.13,baby,BA
18.23,14.49,279.66,0.3,5832.0,1.26,health_beauty,RJ
10.96,39.9,50.56,0.15,1584.0,0.28,fashion_bags_accessories,MG
15.79,99.0,895.37,0.4,1008.0,0.16,computers_accessories,MS
13.63,86.9,206.22,1.82,21200.0,0.16,home_confort,SP
19.44,35.9,552.55,0.55,4800.0,0.54,baby,MG
18.63,75.0,338.95,0.22,2772.0,0.25,health_beauty,MG
35.67,44.9,2233.54,1.0,18000.0,0.79,computers_accessories,RN
15.23,13.65,348.07,0.15,3872.0,1.12,electronics,RJ
18.0,199.0,1144.0,2.82,23400.0,0.09,small_appliances,MG
22.27,205.0,331.24,3.3,54000.0,0.11,bed_bath_table,RJ
22.06,12.49,972.45,0.15,352.0,1.77,garden_tools,SC
14.1,27.93,829.75,1.3,4356.0,0.5,market_place,RS
55.96,749.0,2085.9,0.3,3584.0,0.08,books_imported,MA
12.79,25.0,366.59,0.6,8448.0,0.51,health_beauty,SP
19.59,24.99,801.45,0.7,27000.0,0.78,sports_leisure,RJ
13.62,169.0,306.86,0.5,2964.0,0.08,sports_leisure,SP
73.57,89.0,533.58,10.6,110946.0,0.83,furniture_decor,PR
17.49,150.0,1615.31,0.5,3380.0,0.12,watches_gifts,BA
11.85,49.99,182.46,0.38,1872.0,0.24,watches_gifts,SP
15.79,149.0,436.07,0.3,1280.0,0.11,computers_accessories,MG
13.37,39.9,95.25,1.35,21000.0,0.34,furniture_decor,SP
15.52,64.86,238.08,1.35,28560.0,0.24,housewares,MG
19.3,108.0,1227.1,1.0,7632.0,0.18,watches_gifts,BA
46.71,160.55,1923.7,6.4,43659.0,0.29,auto,PA
15.1,37.0,353.73,0.4,8320.0,0.41,toys,SP
15.23,14.99,889.68,0.32,2432.0,1.02,telephony,DF
23.58,179.99,247.53,4.0,15120.0,0.13,garden_tools,SC
18.31,29.3,394.61,0.1,1156.0,0.62,auto,MG
18.64,77.0,401.77,0.25,640.0,0.24,watches_gifts,SC
18.58,99.9,649.09,0.5,8960.0,0.19,baby,ES
23.04,199.0,520.61,1.95,27588.0,0.12,cool_stuff,PR
19.87,129.0,537.64,0.88,20800.0,0.15,sports_leisure,RJ
8.42,26.9,21.19,1.1,13800.0,0.31,garden_tools,SP
20.79,120.0,654.99,2.5,13824.0,0.17,garden_tools,RJ
18.0,35.0,1085.72,2.3,10206.0,0.51,baby,GO
83.83,140.0,1454.55,9.4,70875.0,0.6,furniture_decor,BA
15.98,126.0,898.87,0.65,4375.0,0.13,bed_bath_table,MS
18.04,113.0,707.13,1.8,15300.0,0.16,bed_bath_table,RJ
43.71,626.0,375.23,11.38,34485.0,0.07,home_appliances_2,SP
15.07,54.9,285.28,0.35,13920.0,0.27,health_beauty,SP
11.85,45.95,126.14,0.35,3800.0,0.26,bed_bath_table,SP
30.02,139.9,1681.37,1.8,23660.0,0.22,perfumery,PE
7.39,27.99,18.61,0.35,816.0,0.26,telephony,SP
17.95,99.9,471.44,1.5,7616.0,0.18,bed_bath_table,RJ
16.88,89.9,316.51,1.88,78936.0,0.19,sports_leisure,RJ
17.86,299.9,1135.82,0.6,3003.0,0.06,telephony,RS
15.1,13.65,424.23,0.2,2800.0,1.11,electronics,SC
15.1,39.9,589.25,0.2,3328.0,0.38,sports_leisure,PR
20.78,219.9,910.04,1.5,9720.0,0.09,health_beauty,MG
18.92,147.9,643.06,0.2,4410.0,0.13,computers_accessories,RS
18.23,14.49,345.54,0.12,6300.0,1.26,health_beauty,RJ
16.6,50.0,350.59,6.6,39375.0,0.33,baby,RJ
14.62,76.0,276.14,2.45,7632.0,0.19,furniture_decor,SP
39.71,119.0,227.22,15.7,92340.0,0.33,pet_shop,SP
11.85,499.9,66.71,1.2,12250.0,0.02,health_beauty,SP
18.09,119.9,421.05,1.65,4692.0,0.15,bed_bath_table,RJ
16.85,173.9,174.4,3.85,31725.0,0.1,toys,SP
13.18,49.99,10.25,6.15,8000.0,0.26,sports_leisure,PR
12.76,109.0,156.37,0.3,352.0,0.12,watches_gifts,RJ
15.1,49.0,562.07,0.25,352.0,0.31,fashion_bags_accessories,SC
16.79,12.9,1476.76,0.7,32760.0,1.3,home_comfort_2,BA
11.92,75.0,86.13,0.8,4356.0,0.16,books_technical,SP
13.76,105.9,282.57,1.23,19950.0,0.13,bed_bath_table,SP
21.73,449.0,1027.53,1.4,8294.0,0.05,cool_stuff,SP
25.91,89.9,2130.68,1.38,20000.0,0.29,bed_bath_table,PE
18.3,149.9,476.33,1.7,7616.0,0.12,bed_bath_table,RJ
9.94,55.49,48.13,0.85,6358.0,0.18,drinks,SP
15.1,18.49,704.62,0.2,1080.0,0.82,telephony,GO
9.34,32.99,45.76,0.75,14000.0,0.28,furniture_decor,SP
16.31,78.0,632.61,1.35,12000.0,0.21,furniture_decor,SC
13.69,179.0,10.49,2.84,23920.0,0.08,housewares,GO
8.34,25.0,21.13,0.4,8160.0,0.33,books_technical,SP
17.67,59.89,594.29,0.95,8866.0,0.3,furniture_decor,RJ
25.11,69.99,70.11,10.07,91520.0,0.36,office_furniture,MG
15.42,45.08,493.68,0.35,2464.0,0.34,art,MG
7.92,95.0,13.33,0.28,2808.0,0.08,watches_gifts,SP
7.39,55.0,26.79,0.15,1232.0,0.13,auto,SP
18.65,199.99,306.82,29.1,27500.0,0.09,health_beauty,RJ
15.23,28.9,336.98,0.3,8000.0,0.53,housewares,RJ
18.23,29.99,983.04,0.35,10360.0,0.61,computers_accessories,RS
12.06,79.9,169.35,0.4,9000.0,0.15,baby,MG
12.79,42.9,278.15,0.52,5040.0,0.3,sports_leisure,SP
46.88,48.65,2577.0,1.2,5616.0,0.96,art,RO
15.38,89.9,1205.18,1.38,20000.0,0.17,bed_bath_table,RS
9.94,36.9,74.97,0.65,4800.0,0.27,sports_leisure,SP
18.72,120.0,400.51,1.3,4864.0,0.16,construction_tools_lights,MG
8.72,59.98,19.21,0.22,3200.0,0.14,cool_stuff,SP
12.07,75.0,17.73,5.0,74664.0,0.16,auto,SP
10.01,180.0,69.32,0.18,8000.0,0.06,computers_accessories,SP
18.23,27.9,452.29,0.05,2550.0,0.65,auto,MG
13.37,49.9,386.41,1.5,19800.0,0.27,garden_tools,SP
12.86,27.9,114.0,0.05,2550.0,0.46,auto,SP
12.79,49.9,285.01,0.67,16250.0,0.26,housewares,SP
12.43,35.0,19.26,1.87,7776.0,0.36,cool_stuff,SP
14.39,149.9,507.16,0.4,3888.0,0.1,perfumery,SP
16.33,89.9,933.3,1.38,20000.0,0.18,bed_bath_table,RS
7.55,29.9,2.99,0.15,3264.0,0.25,fashion_bags_accessories,RJ
25.7,364.0,708.48,0.9,11400.0,0.07,health_beauty,MG
15.1,12.49,829.98,0.5,48576.0,1.21,bed_bath_table,PR
11.15,20.89,43.37,1.65,13500.0,0.53,furniture_decor,SP
15.1,24.99,486.12,0.3,816.0,0.6,telephony,SC
17.3,79.9,157.5,0.2,25000.0,0.22,furniture_decor,SP
5.56,19.99,398.68,0.2,17920.0,0.28,pet_shop,SP
15.34,85.0,234.8,0.18,880.0,0.18,electronics,MG
13.65,89.9,121.62,1.35,3080.0,0.15,bed_bath_table,SP
7.53,95.0,56.57,0.35,640.0,0.08,watches_gifts,SP
8.72,20.9,7.53,0.2,2378.0,0.42,computers_accessories,MG
16.77,70.84,748.45,1.1,3927.0,0.24,health_beauty,ES
67.26,349.9,387.35,20.5,94192.0,0.19,office_furniture,RJ
17.26,144.99,343.4,1.05,19008.0,0.12,cool_stuff,PR
13.23,189.9,117.85,5.05,52326.0,0.07,bed_bath_table,SP
70.63,249.9,466.04,14.6,56448.0,0.28,furniture_decor,SP
12.48,18.9,346.58,0.15,4680.0,0.66,electronics,PR
8.2,134.9,30.88,0.22,4256.0,0.06,auto,SP
16.27,199.0,470.07,0.35,5040.0,0.08,watches_gifts,SP
45.72,179.99,255.43,7.65,8000.0,0.25,garden_tools,SP
16.77,288.92,463.13,0.12,2688.0,0.06,computers_accessories,MG
7.78,18.5,94.37,17.5,45000.0,0.42,kitchen_dining_laundry_garden_furniture,SP
21.15,29.9,1691.09,1.7,13110.0,0.71,furniture_decor,CE
41.53,78.0,496.46,2.2,31500.0,0.53,furniture_decor,PR
10.82,62.3,14.6,1.65,31500.0,0.17,furniture_decor,SP
18.03,65.0,478.87,1.05,11616.0,0.28,furniture_decor,MG
7.83,110.32,82.43,0.2,990.0,0.07,health_beauty,SP
38.71,485.0,1617.13,0.65,1344.0,0.08,cool_stuff,SE
1.98,11.64,151.63,0.2,8448.0,0.17,christmas_supplies,SP
15.1,39.0,421.44,0.1,3360.0,0.39,telephony,MG
12.06,80.0,342.93,40.42,23660.0,0.15,bed_bath_table,SP
15.1,38.59,240.42,0.45,352.0,0.39,furniture_decor,RJ
34.4,62.0,622.4,1.3,7448.0,0.56,bed_bath_table,PR
17.14,99.7,1074.7,0.4,4752.0,0.17,sports_leisure,PR
19.5,89.9,648.49,1.82,21200.0,0.22,home_confort,GO
16.17,59.0,788.09,0.8,7260.0,0.27,furniture_decor,RJ
16.61,139.9,17.68,3.7,32736.0,0.12,sports_leisure,SP
7.81,79.18,108.4,0.15,2288.0,0.1,health_beauty,SP
17.78,95.0,582.69,1.0,1936.0,0.19,furniture_decor,SP
17.64,49.0,518.59,1.55,19800.0,0.36,garden_tools,PR
13.41,107.5,100.93,4.6,7200.0,0.12,bed_bath_table,SP
12.69,79.8,488.85,0.24,3724.0,0.16,computers_accessories,SP
16.79,29.99,1694.99,0.15,1254.0,0.56,telephony,BA
23.87,134.9,1279.01,0.7,6048.0,0.18,baby,BA
12.84,24.99,391.46,0.45,1235.0,0.51,construction_tools_construction,SP
22.73,179.99,322.41,4.03,37128.0,0.13,furniture_living_room,RJ
18.04,72.9,1153.32,1.1,2400.0,0.25,furniture_decor,MT
13.48,66.29,352.99,1.1,10560.0,0.2,bed_bath_table,SP
8.03,110.32,59.87,0.15,990.0,0.07,health_beauty,SP
19.59,49.9,1372.58,1.65,19800.0,0.39,garden_tools,BA
65.91,117.8,437.8,22.45,119884.0,0.56,housewares,MG
12.9,109.9,442.07,0.19,3072.0,0.12,computers_accessories,SP
18.23,49.0,89.43,0.4,8349.0,0.37,furniture_decor,SC
18.23,49.99,554.78,0.5,3808.0,0.36,art,RJ
12.71,114.9,23.41,7.3,39882.0,0.11,baby,SP
16.59,89.18,363.07,0.75,18375.0,0.19,housewares,RJ
24.04,17.55,516.95,3.2,3025.0,1.37,sports_leisure,MG
36.04,102.9,1505.74,1.35,14400.0,0.35,luggage_accessories,PA
16.79,29.8,932.76,0.4,352.0,0.56,watches_gifts,MG
29.51,157.9,1790.31,1.65,21312.0,0.19,fashion_shoes,PE
18.53,179.0,952.68,0.5,4500.0,0.1,garden_tools,MG
13.08,37.99,13.49,0.6,4048.0,0.34,sports_leisure,SP
15.1,11.9,469.94,0.2,4800.0,1.27,cool_stuff,MG
21.18,54.9,1885.98,0.45,38352.0,0.39,luggage_accessories,CE
14.1,25.0,812.0,0.3,3780.0,0.56,housewares,GO
15.1,36.0,455.52,0.2,8008.0,0.42,toys,MG
38.57,42.9,1825.61,0.4,18576.0,0.9,fashion_bags_accessories,TO
16.14,148.9,803.12,0.19,3570.0,0.11,watches_gifts,MS
16.11,49.99,411.77,0.38,4620.0,0.32,housewares,SP
11.73,37.99,2.06,1.25,8192.0,0.31,furniture_decor,SP
24.19,229.9,676.6,0.79,4256.0,0.1,health_beauty,PR
14.05,98.0,277.16,0.8,2400.0,0.14,health_beauty,SP
23.04,189.9,661.47,0.4,2100.0,0.12,perfumery,SP
15.1,25.0,381.36,0.1,924.0,0.6,health_beauty,SP
14.52,23.9,343.96,0.55,2430.0,0.61,housewares,RJ
18.35,388.0,209.63,10.75,78584.0,0.05,baby,MG
17.51,249.4,418.16,0.95,7680.0,0.07,computers_accessories,MG
7.78,22.99,75.67,0.12,1296.0,0.34,telephony,SP
12.0,71.9,351.07,0.45,2640.0,0.17,toys,SP
20.59,689.89,710.39,1.5,9075.0,0.03,consoles_games,SP
23.99,86.9,820.69,3.15,12960.0,0.28,sports_leisure,MG
11.38,99.9,527.2,2.5,12000.0,0.11,furniture_decor,PR
8.44,169.0,88.77,0.42,5616.0,0.05,perfumery,SP
17.63,53.9,961.97,1.5,19800.0,0.33,garden_tools,RS
21.15,35.99,1938.71,0.3,2964.0,0.59,health_beauty,MG
10.14,104.0,61.18,0.15,4500.0,0.1,home_appliances,SP
20.85,109.99,651.85,2.1,6750.0,0.19,bed_bath_table,RJ
44.27,59.9,2634.09,0.8,8349.0,0.74,furniture_decor,PI
7.78,15.99,59.17,0.25,4096.0,0.49,food_drink,SP
45.01,79.0,584.91,2.4,56980.0,0.57,stationery,SC
17.12,239.9,984.97,0.25,1596.0,0.07,health_beauty,BA
7.81,79.9,114.85,0.35,2700.0,0.1,telephony,SP
15.53,112.0,488.41,0.15,1056.0,0.14,sports_leisure,RJ
14.85,159.99,684.17,1.7,7260.0,0.09,sports_leisure,SP
20.26,109.9,325.75,1.2,35200.0,0.18,bed_bath_table,RJ
8.72,29.99,18.68,0.5,1976.0,0.29,housewares,SP
7.78,43.89,82.08,0.15,1200.0,0.18,computers_accessories,SP
13.44,59.99,320.31,1.6,16000.0,0.22,bed_bath_table,SP
17.67,59.9,557.27,1.8,32560.0,0.3,garden_tools,MG
23.23,61.1,570.12,0.55,2640.0,0.38,construction_tools_construction,MG
15.1,49.95,659.18,0.4,4275.0,0.3,bed_bath_table,SC
25.63,39.9,2100.79,0.25,352.0,0.64,fashion_bags_accessories,PE
17.92,46.4,847.46,0.18,2288.0,0.39,health_beauty,GO
11.85,39.9,73.64,0.15,2816.0,0.3,sports_leisure,SP
17.67,59.89,200.31,0.95,8866.0,0.3,furniture_decor,MG
23.43,89.9,949.31,1.6,18720.0,0.26,furniture_decor,SP
15.69,67.9,350.55,0.5,10560.0,0.23,musical_instruments,RJ
11.1,69.99,49.19,0.1,4096.0,0.16,fashion_bags_accessories,SP
18.23,255.0,1453.02,0.15,836.0,0.07,fashion_bags_accessories,BA
8.63,122.99,19.97,0.4,3600.0,0.07,unknown,SP
9.54,46.4,90.38,0.18,2288.0,0.21,health_beauty,RJ
7.46,27.9,108.6,0.05,2550.0,0.27,auto,SP
11.15,69.9,12.43,5.95,49000.0,0.16,furniture_decor,SP
17.38,64.9,692.46,0.3,4096.0,0.27,sports_leisure,RJ
12.48,69.9,29.8,0.43,4845.0,0.18,health_beauty,RJ
20.99,49.9,165.69,1.8,32560.0,0.42,garden_tools,SP
19.24,590.0,381.95,2.4,20580.0,0.03,health_beauty,RS
19.58,55.9,451.41,0.64,5184.0,0.35,books_general_interest,MG
13.08,15.0,11.98,2.15,1280.0,0.87,sports_leisure,SP
16.18,59.4,900.26,1.0,5040.0,0.27,bed_bath_table,ES
16.6,43.5,351.0,0.8,4913.0,0.38,food_drink,RJ
52.95,134.0,738.13,13.75,92950.0,0.4,signaling_and_security,ES
24.11,105.0,1110.83,2.8,24000.0,0.23,computers_accessories,RJ
17.6,19.9,254.16,1.2,20480.0,0.88,housewares,RJ
40.1,110.0,587.75,8.32,19866.0,0.36,garden_tools,MG
7.78,49.99,14.69,0.2,640.0,0.16,fashion_bags_accessories,SP
7.71,35.0,1.42,0.57,7020.0,0.22,electronics,BA
13.59,81.99,162.34,0.7,7500.0,0.17,bed_bath_table,SP
15.65,110.32,353.68,0.15,990.0,0.14,health_beauty,PR
25.45,225.0,1457.5,5.52,15903.0,0.11,baby,BA
24.87,95.92,1203.08,1.45,10000.0,0.26,furniture_decor,MG
20.98,69.9,522.58,2.6,15000.0,0.3,furniture_decor,RJ
17.86,299.99,946.15,2.3,38080.0,0.06,toys,PR
7.39,40.25,57.69,0.1,1792.0,0.18,auto,SP
15.1,19.99,574.77,0.32,1872.0,0.76,food,DF
33.61,161.99,873.03,5.0,44200.0,0.21,sports_leisure,DF
17.63,15.99,2353.04,0.1,627.0,1.1,telephony,CE
17.79,149.9,349.89,1.7,4624.0,0.12,housewares,RJ
9.44,89.99,89.65,0.25,3960.0,0.1,health_beauty,SP
8.42,26.87,938.45,0.52,2898.0,0.31,watches_gifts,MG
16.34,83.36,322.89,0.65,30000.0,0.2,bed_bath_table,MG
7.92,105.3,172.08,0.35,4913.0,0.08,sports_leisure,SP
24.53,259.0,2345.74,0.18,2565.0,0.1,telephony,MA
7.46,29.0,3.62,0.25,352.0,0.26,watches_gifts,SP
18.23,13.9,437.88,0.25,1280.0,1.31,auto,MG
15.56,65.95,850.27,0.1,1404.0,0.24,health_beauty,RS
7.39,17.9,77.81,0.3,1870.0,0.41,housewares,SP
3.82,120.99,506.27,0.25,6400.0,0.03,pet_shop,SP
15.17,59.9,914.63,0.55,16800.0,0.25,bed_bath_table,RS
13.13,98.0,312.77,0.31,2772.0,0.13,watches_gifts,SP
25.56,149.94,58.31,13.35,70224.0,0.17,office_furniture,SP
34.25,64.9,73.55,0.43,1792.0,0.53,computers_accessories,SP
18.94,119.99,976.71,0.55,24640.0,0.16,luggage_accessories,SP
13.44,59.9,656.9,1.65,45000.0,0.22,sports_leisure,SP
15.15,56.99,868.5,0.4,3960.0,0.27,perfumery,RS
14.18,166.0,115.45,1.3,27000.0,0.08,garden_tools,SP
15.56,65.5,330.45,1.02,8280.0,0.24,health_beauty,RJ
92.67,478.04,2852.14,1.4,8294.0,0.19,health_beauty,PI
17.48,390.0,20.82,5.0,20700.0,0.04,sports_leisure,SP
17.14,72.99,12.68,7.5,30866.0,0.24,furniture_living_room,RJ
9.65,47.9,20.89,0.7,2240.0,0.2,market_place,SC
11.39,110.0,14.02,0.65,27000.0,0.1,furniture_decor,SP
15.11,26.9,907.74,0.48,10500.0,0.56,housewares,MS
34.42,149.96,330.4,9.75,72324.0,0.23,office_furniture,RJ
7.39,26.5,18.22,0.3,352.0,0.28,perfumery,SP
114.42,700.0,800.45,25.1,200704.0,0.16,auto,RJ
35.12,31.0,354.12,0.3,2560.0,1.13,bed_bath_table,MG
15.23,35.9,464.83,0.25,2378.0,0.42,computers_accessories,SP
9.34,37.5,115.91,0.75,22725.0,0.25,stationery,SP
14.1,29.0,836.39,0.32,6000.0,0.49,housewares,RS
30.35,499.0,38.37,10.05,60000.0,0.06,home_confort,SP
19.89,99.9,541.25,0.65,1750.0,0.2,furniture_decor,SP
21.15,21.9,1492.93,0.22,1632.0,0.97,construction_tools_safety,GO
29.1,99.9,1026.96,13.1,56700.0,0.29,pet_shop,TO
15.29,76.0,325.81,0.45,6000.0,0.2,auto,RJ
12.65,74.9,531.84,0.11,3211.0,0.17,computers_accessories,SP
29.57,219.0,4.47,16.2,83549.0,0.14,luggage_accessories,MG
24.97,59.9,1730.26,0.1,2016.0,0.42,telephony,SE
21.15,24.99,2358.03,0.35,816.0,0.85,telephony,MA
15.38,89.99,777.72,0.25,3960.0,0.17,health_beauty,RS
19.21,395.65,1137.54,0.3,2700.0,0.05,health_beauty,GO
27.06,74.99,652.48,1.05,8352.0,0.36,computers_accessories,SP
17.74,69.9,1158.95,8.0,57750.0,0.25,stationery,RS
16.16,57.49,560.67,0.18,10143.0,0.28,drinks,SC
17.94,99.0,944.6,1.55,20944.0,0.18,bed_bath_table,RS
8.72,21.9,88.0,0.15,2800.0,0.4,electronics,SP
23.98,149.9,734.54,0.53,4840.0,0.16,computers_accessories,PI
8.04,43.0,59.32,0.15,5832.0,0.19,sports_leisure,SP
38.38,118.9,1517.99,1.35,5544.0,0.32,health_beauty,BA
29.73,209.99,2119.94,4.65,25160.0,0.14,cool_stuff,PE
16.79,44.9,738.91,0.2,1750.0,0.37,computers_accessories,RJ
14.39,278.0,304.85,0.36,3042.0,0.05,watches_gifts,SP
12.43,35.0,16.71,1.87,7776.0,0.36,cool_stuff,SP
13.51,948.9,92.71,0.33,2496.0,0.01,watches_gifts,SP
16.84,56.8,775.81,0.7,2304.0,0.3,fashion_shoes,MG
12.09,50.9,50.03,1.25,11760.0,0.24,pet_shop,SP
23.31,105.0,276.28,2.65,27000.0,0.22,furniture_decor,RJ
27.48,314.9,2018.8,0.21,3420.0,0.09,watches_gifts,CE
126.19,299.9,1373.75,19.45,101250.0,0.42,toys,BA
11.74,28.78,14.3,1.0,56316.0,0.41,housewares,SP
7.78,55.0,40.72,0.25,352.0,0.14,watches_gifts,SP
16.17,59.0,756.58,1.0,7260.0,0.27,furniture_decor,RJ
9.94,47.49,67.08,0.18,10143.0,0.21,drinks,SP
19.34,53.0,560.09,0.65,2560.0,0.36,bed_bath_table,MG
17.26,73.9,247.29,1.3,3840.0,0.23,health_beauty,MG
48.43,270.9,2524.17,1.8,11960.0,0.18,unknown,AM
50.39,235.0,467.38,9.2,82500.0,0.21,cool_stuff,MG
19.53,79.9,507.07,0.61,11132.0,0.24,books_general_interest,GO
18.72,119.99,646.74,0.35,1056.0,0.16,telephony,MG
29.48,599.65,1424.5,0.58,7200.0,0.05,health_beauty,SE
13.6,67.91,521.74,0.1,1760.0,0.2,computers_accessories,SP
18.86,229.69,232.82,1.23,12870.0,0.08,health_beauty,MG
20.12,31.9,244.72,0.8,6900.0,0.63,unknown,SP
17.48,49.9,478.41,2.6,17340.0,0.35,furniture_decor,SP
12.73,55.6,309.89,8.55,51200.0,0.23,bed_bath_table,SP
12.9,79.9,291.19,1.1,12600.0,0.16,bed_bath_table,SP
19.22,159.9,476.6,0.3,1440.0,0.12,auto,SP
15.95,24.99,692.73,0.25,816.0,0.64,telephony,PR
8.72,39.0,6.81,0.9,6050.0,0.22,bed_bath_table,SP
18.23,30.49,414.73,0.45,4455.0,0.6,small_appliances,MG
17.74,69.9,515.29,1.45,7854.0,0.25,housewares,SP
15.56,49.99,451.31,0.57,3135.0,0.31,health_beauty,SP
14.23,68.0,485.75,0.45,1472.0,0.21,books_general_interest,MG
21.75,597.0,1358.19,1.5,4608.0,0.04,small_appliances,MT
23.47,189.9,473.06,7.6,45000.0,0.12,furniture_decor,SP
13.37,42.99,317.82,1.1,5600.0,0.31,bed_bath_table,SP
14.65,69.0,312.92,0.11,490.0,0.21,computers_accessories,RJ
23.78,209.0,1438.51,0.9,2576.0,0.11,telephony,SP
15.1,39.99,572.17,0.35,3800.0,0.38,bed_bath_table,RJ
21.19,99.9,224.98,2.25,4608.0,0.21,computers_accessories,MG
10.96,39.9,0.0,0.15,1680.0,0.28,auto,SP
7.72,65.0,13.14,0.22,5814.0,0.12,health_beauty,SP
7.39,49.9,7.55,0.9,7770.0,0.15,bed_bath_table,SP
14.1,40.0,348.15,0.4,6325.0,0.35,toys,RJ
8.35,105.0,335.24,1.0,7632.0,0.08,watches_gifts,SP
14.1,11.63,345.44,0.3,3120.0,1.21,unknown,RJ
13.37,47.0,141.69,1.22,3465.0,0.28,computers_accessories,MG
27.29,139.0,210.43,5.42,90992.0,0.2,auto,MG
13.08,75.0,8.2,2.6,15000.0,0.17,furniture_decor,SP
27.76,54.0,1028.12,3.7,5780.0,0.51,sports_leisure,MT
21.26,109.9,520.42,0.4,2772.0,0.19,watches_gifts,RJ
23.06,69.0,755.11,1.5,33930.0,0.33,toys,ES
44.49,99.0,441.66,4.8,29000.0,0.45,sports_leisure,MG
23.28,16.5,1533.9,0.45,1760.0,1.41,construction_tools_construction,BA
47.78,429.99,2111.1,8.8,35640.0,0.11,garden_tools,PE
25.63,26.15,1978.59,0.48,4680.0,0.98,home_appliances,PA
7.39,45.0,24.2,0.2,4096.0,0.16,construction_tools_lights,SP
26.15,478.04,947.26,1.4,8294.0,0.06,health_beauty,SP
9.24,84.9,565.7,1.55,20944.0,0.11,bed_bath_table,RJ
16.0,179.0,527.91,0.26,2652.0,0.09,watches_gifts,RJ
19.03,69.99,2382.38,0.71,3465.0,0.27,health_beauty,CE
9.23,125.0,26.38,0.5,2400.0,0.07,fixed_telephony,SP
14.05,93.49,38.37,2.82,18750.0,0.15,sports_leisure,SP
19.04,49.0,2378.82,0.25,352.0,0.39,fashion_bags_accessories,CE
15.1,29.9,727.46,0.4,3872.0,0.5,telephony,ES
15.56,47.0,546.86,3.7,30625.0,0.33,furniture_decor,MG
17.9,209.0,927.14,0.2,1728.0,0.09,computers_accessories,SP
11.73,49.9,7.36,2.1,37500.0,0.24,housewares,SP
18.28,25.6,578.71,0.35,4800.0,0.71,bed_bath_table,RJ
15.44,39.99,715.5,0.8,8960.0,0.39,bed_bath_table,GO
18.23,49.0,663.38,0.25,352.0,0.37,watches_gifts,PR
14.52,47.99,577.61,0.25,2640.0,0.3,health_beauty,MG
23.66,105.0,1031.06,1.0,7632.0,0.22,watches_gifts,RS
26.24,137.0,1396.74,0.95,9600.0,0.19,watches_gifts,MT
13.63,164.9,51.48,1.55,7616.0,0.08,bed_bath_table,SP
43.49,594.0,238.33,3.4,20336.0,0.07,kitchen_dining_laundry_garden_furniture,RJ
16.01,179.9,565.22,4.34,2856.0,0.09,watches_gifts,RJ
37.04,13.9,2020.18,0.12,2156.0,2.66,toys,PE
2.2,53.2,544.2,0.65,2560.0,0.04,bed_bath_table,MG
15.28,75.0,514.29,0.35,6400.0,0.2,telephony,SC
7.39,29.0,28.29,0.2,352.0,0.26,watches_gifts,SP
22.14,492.02,823.19,0.3,2565.0,0.04,watches_gifts,GO
12.69,28.9,304.73,0.45,4800.0,0.44,bed_bath_table,SP
44.77,139.0,363.5,6.85,39997.0,0.32,kitchen_dining_laundry_garden_furniture,RJ
9.52,109.22,25.62,0.53,14904.0,0.09,health_beauty,SP
17.66,53.99,2374.02,0.2,3328.0,0.33,perfumery,CE
18.52,60.0,289.41,0.3,4400.0,0.31,baby,MG
16.46,100.0,662.17,0.36,5130.0,0.16,computers_accessories,ES
21.25,58.9,481.91,7.0,32994.0,0.36,housewares,MG
7.39,22.99,15.35,0.2,836.0,0.32,telephony,SP
14.1,42.99,337.61,0.2,1232.0,0.33,toys,RJ
22.06,17.9,876.15,0.2,2250.0,1.23,bed_bath_table,RJ
19.04,49.99,2476.34,0.25,3360.0,0.38,perfumery,PA
7.55,75.0,22.25,0.3,5520.0,0.1,sports_leisure,RJ
19.04,45.99,2367.34,0.2,1760.0,0.41,toys,CE
64.48,159.0,1115.71,8.2,32500.0,0.41,kitchen_dining_laundry_garden_furniture,RJ
21.15,23.8,1426.39,0.28,11040.0,0.89,sports_leisure,AL
15.55,95.0,828.04,0.35,640.0,0.16,watches_gifts,GO
15.24,19.99,462.37,0.1,2464.0,0.76,perfumery,SP
9.94,78.9,105.77,7.45,22080.0,0.13,housewares,SP
24.07,59.99,939.84,3.0,29040.0,0.4,unknown,GO
15.93,150.0,349.44,0.15,1200.0,0.11,telephony,SP
13.47,109.9,69.06,2.6,14000.0,0.12,auto,SP
7.55,47.0,61.7,0.7,27000.0,0.16,watches_gifts,RJ
19.32,229.04,7.49,7.62,52094.0,0.08,auto,SP
18.41,67.9,1458.64,1.1,4000.0,0.27,sports_leisure,BA
16.79,27.9,332.99,0.2,2340.0,0.6,computers_accessories,ES
17.66,59.0,557.27,1.75,32560.0,0.3,garden_tools,MG
19.51,45.97,688.1,1.2,1936.0,0.42,construction_tools_construction,SC
7.78,44.99,27.35,1.85,5780.0,0.17,cool_stuff,SP
23.03,44.0,2365.55,0.25,640.0,0.52,watches_gifts,MA
21.15,21.99,1946.06,0.3,3480.0,0.96,sports_leisure,BA
13.83,179.0,69.72,0.9,18000.0,0.08,home_confort,SP
16.19,61.8,651.43,6.05,51200.0,0.26,bed_bath_table,RJ
29.27,269.99,1095.52,2.8,20880.0,0.11,sports_leisure,RS
4.24,18.99,16.56,0.08,648.0,0.22,telephony,SP
21.6,159.0,653.57,2.2,23625.0,0.14,bed_bath_table,MS
20.9,599.0,1473.24,0.76,3990.0,0.04,watches_gifts,BA
7.78,15.99,98.8,0.1,627.0,0.49,telephony,SP
26.13,737.99,1113.86,1.5,9075.0,0.04,consoles_games,MG
18.08,39.9,325.94,1.08,7581.0,0.45,health_beauty,RJ
16.62,93.0,358.87,0.89,3276.0,0.18,costruction_tools_tools,RJ
8.72,36.0,19.13,0.33,5040.0,0.24,health_beauty,SP
28.75,42.0,1907.55,3.35,352.0,0.68,housewares,PE
14.1,25.99,811.53,0.2,1520.0,0.54,telephony,GO
15.84,155.0,1052.81,0.61,6480.0,0.1,computers_accessories,RS
10.96,24.9,202.93,0.15,880.0,0.44,fashion_bags_accessories,MG
15.47,186.15,405.59,0.34,7943.0,0.08,watches_gifts,RJ
17.98,79.0,1081.15,0.25,2816.0,0.23,health_beauty,MG
22.06,18.9,874.51,0.15,1386.0,1.17,electronics,MG
19.99,71.0,340.58,2.85,27000.0,0.28,housewares,RJ
14.1,25.0,625.95,0.9,1232.0,0.56,unknown,SP
23.15,49.9,968.62,1.25,11760.0,0.46,pet_shop,RS
15.61,122.99,719.39,0.4,3600.0,0.13,unknown,PR
15.53,194.5,713.2,0.4,1904.0,0.08,consoles_games,SP
16.89,99.9,353.87,0.6,10764.0,0.17,baby,RJ
117.99,550.0,906.68,30.0,210000.0,0.22,health_beauty,MS
34.83,184.9,451.57,6.35,36850.0,0.19,home_appliances_2,RS
7.39,24.0,23.69,0.5,2208.0,0.31,books_general_interest,SP
17.98,59.0,627.7,0.68,4368.0,0.3,computers_accessories,MG
15.1,29.0,838.64,0.23,4928.0,0.52,sports_leisure,MG
45.31,209.0,1910.19,0.48,5796.0,0.22,sports_leisure,PI
142.49,328.9,664.34,11.4,69426.0,0.43,office_furniture,MG
16.86,126.63,514.25,1.25,17052.0,0.13,housewares,SP
17.63,7.8,2364.11,0.2,8000.0,2.26,housewares,CE
11.95,63.9,122.7,0.7,8246.0,0.19,computers_accessories,SP
18.0,339.74,441.56,5.6,83700.0,0.05,musical_instruments,SP
29.09,98.9,1799.79,1.48,31248.0,0.29,unknown,MT
9.34,42.99,8.7,0.8,8000.0,0.22,bed_bath_table,SP
1.69,89.9,531.93,0.21,2926.0,0.02,computers_accessories,SP
12.63,72.0,355.59,0.17,3276.0,0.18,computers_accessories,PR
18.27,99.0,479.91,1.05,3360.0,0.18,stationery,SP
11.13,6.12,572.43,0.3,4096.0,1.82,sports_leisure,SP
21.19,55.0,1495.21,0.25,3388.0,0.38,sports_leisure,RS
15.87,110.0,375.92,0.32,18954.0,0.14,perfumery,RJ
7.87,43.0,69.04,0.18,10143.0,0.18,drinks,SP
15.1,34.3,828.52,0.2,640.0,0.44,unknown,RS
8.21,122.9,155.09,0.53,5760.0,0.07,pet_shop,SP
15.8,98.99,261.75,2.2,15000.0,0.16,bed_bath_table,SP
16.11,33.0,664.99,1.0,3072.0,0.49,costruction_tools_garden,GO
12.6,48.9,350.48,0.2,1650.0,0.26,computers_accessories,SC
12.69,31.9,315.37,0.6,1040.0,0.4,bed_bath_table,SP
14.52,39.9,547.16,0.4,1280.0,0.36,sports_leisure,PR
7.78,28.4,30.25,0.3,1920.0,0.27,sports_leisure,SP
24.84,4.9,2237.04,0.1,10560.0,5.07,musical_instruments,PB
50.71,120.0,609.94,5.95,8000.0,0.42,garden_tools,PR
7.78,21.99,25.82,0.3,748.0,0.35,telephony,SP
13.44,49.0,450.17,1.75,32560.0,0.27,garden_tools,SP
14.96,124.9,318.11,1.8,11352.0,0.12,bed_bath_table,SP
61.03,370.47,1948.22,5.7,33524.0,0.16,health_beauty,AL
8.27,27.9,33.33,0.15,2873.0,0.3,food,SP
15.04,205.0,27.28,9.75,12600.0,0.07,bed_bath_table,SP
14.07,149.99,587.39,1.05,19008.0,0.09,cool_stuff,SP
17.79,77.8,476.99,3.01,46080.0,0.23,toys,RJ
39.5,1250.0,566.21,6.0,34884.0,0.03,garden_tools,RS
13.01,49.9,226.5,0.15,1600.0,0.26,fashion_bags_accessories,SP
13.43,155.0,393.29,0.61,6480.0,0.09,computers_accessories,SP
118.47,689.0,579.34,25.15,150822.0,0.17,auto,SP
27.56,82.88,354.73,5.1,17500.0,0.33,electronics,SP
15.23,12.25,493.96,0.18,3872.0,1.24,electronics,MG
16.11,45.9,426.82,0.8,8000.0,0.35,bed_bath_table,MG
90.12,179.0,1082.4,7.65,8000.0,0.5,garden_tools,RS
9.34,20.0,93.48,0.2,10560.0,0.47,baby,SP
11.87,658.9,31.24,0.35,2304.0,0.02,watches_gifts,SP
21.42,89.0,2102.75,0.25,352.0,0.24,watches_gifts,PI
17.67,49.0,794.36,1.5,19800.0,0.36,garden_tools,RJ
13.47,29.0,392.11,0.3,16992.0,0.46,baby,SP
14.16,49.9,496.67,0.15,2816.0,0.28,sports_leisure,MG
7.6,49.0,22.92,0.2,352.0,0.16,watches_gifts,SP
18.23,35.99,130.95,0.25,880.0,0.51,computers_accessories,MG
12.69,36.9,112.51,0.55,9504.0,0.34,stationery,SP
15.03,32.9,370.97,0.6,2576.0,0.46,books_general_interest,SP
14.73,79.9,513.68,0.15,1584.0,0.18,fashion_bags_accessories,SP
17.26,144.99,357.86,1.05,19008.0,0.12,cool_stuff,RJ
21.33,119.9,381.87,3.1,11264.0,0.18,garden_tools,SP
19.5,44.85,786.88,0.74,7296.0,0.44,bed_bath_table,MG
19.67,199.0,360.34,2.3,30875.0,0.1,furniture_decor,MG
17.63,39.9,2357.8,0.61,8190.0,0.44,costruction_tools_garden,CE
7.78,43.99,88.9,0.25,816.0,0.18,telephony,SP
11.85,37.9,331.61,0.37,11088.0,0.31,construction_tools_construction,SP
22.85,19.0,2307.06,0.2,6250.0,1.2,auto,RN
17.07,89.9,838.45,0.21,2926.0,0.19,computers_accessories,RJ
41.04,499.0,1535.37,1.45,13824.0,0.08,small_appliances,DF
44.12,299.0,2250.04,0.77,7337.0,0.15,cool_stuff,PE
19.04,9.9,2460.36,0.12,1792.0,1.92,perfumery,PA
146.08,399.0,2696.37,30.0,200000.0,0.37,home_construction,AM
15.23,11.87,339.03,0.22,936.0,1.28,telephony,RJ
17.67,59.9,711.39,1.5,19800.0,0.3,garden_tools,RJ
16.27,199.0,516.67,0.25,1936.0,0.08,watches_gifts,SC
18.17,179.99,417.34,2.25,10240.0,0.1,cool_stuff,SP
7.78,34.9,112.07,0.25,5208.0,0.22,furniture_decor,SP
12.22,144.99,152.49,1.05,19008.0,0.08,cool_stuff,SP
28.39,303.99,1528.16,0.4,5632.0,0.09,perfumery,MA
53.54,170.0,1378.32,0.7,10080.0,0.32,telephony,MT
19.64,219.9,462.69,0.3,2268.0,0.09,watches_gifts,PR
18.23,49.9,773.72,0.15,2352.0,0.36,fashion_underwear_beach,SC
17.63,35.99,2363.81,0.15,836.0,0.49,telephony,CE
41.29,79.99,437.58,11.88,81000.0,0.52,office_furniture,SC
21.08,89.99,1867.51,0.25,3960.0,0.23,health_beauty,AL
13.65,44.0,433.77,0.45,5280.0,0.31,housewares,SP
5.86,120.0,26.88,0.15,3000.0,0.05,sports_leisure,RJ
14.72,294.9,316.18,0.25,1728.0,0.05,watches_gifts,SP
21.75,179.9,544.2,1.4,45000.0,0.12,toys,SC
17.6,28.9,646.66,0.7,1320.0,0.61,home_appliances,PR
33.59,98.0,503.03,11.32,56700.0,0.34,industry_commerce_and_business,RJ
44.74,1340.0,2627.94,2.8,19344.0,0.03,computers,AM
27.55,53.9,567.25,1.55,19800.0,0.51,garden_tools,MG
15.82,53.99,1343.19,0.2,3328.0,0.29,perfumery,MT
19.94,39.0,486.75,0.6,15625.0,0.51,furniture_decor,MG
9.27,75.0,54.84,0.48,5814.0,0.12,telephony,SP
12.99,93.56,430.01,1.0,2208.0,0.14,unknown,SP
12.43,69.9,31.91,2.6,15000.0,0.18,furniture_decor,SP
14.48,208.9,87.52,2.05,5000.0,0.07,watches_gifts,SP
16.95,99.9,331.59,1.9,6851.0,0.17,garden_tools,SP
17.32,55.0,1486.23,0.3,352.0,0.32,watches_gifts,BA
25.63,29.99,2511.24,0.1,627.0,0.86,telephony,PA
8.88,59.99,14.35,0.95,17500.0,0.15,health_beauty,SP
34.31,109.9,362.0,1.75,27000.0,0.31,auto,PR
8.29,14.99,97.2,0.25,27000.0,0.55,housewares,SP
43.02,279.0,1333.93,5.88,7500.0,0.15,computers_accessories,MG
15.79,44.9,1481.42,0.2,1232.0,0.35,toys,BA
6.78,35.0,526.48,1.4,12000.0,0.19,furniture_decor,SP
22.24,44.4,1493.26,0.25,2574.0,0.5,housewares,MG
11.85,38.0,179.82,0.2,2816.0,0.31,diapers_and_hygiene,SP
15.13,35.0,642.95,0.3,3179.0,0.43,fashion_bags_accessories,ES
12.74,56.9,24.79,0.9,4200.0,0.22,furniture_decor,SP
16.52,78.0,502.14,0.55,4096.0,0.21,home_construction,MG
25.63,49.9,2424.17,0.3,3496.0,0.51,computers_accessories,PA
15.1,14.9,703.22,0.15,3696.0,1.01,electronics,RS
13.63,86.99,133.59,1.5,23328.0,0.16,toys,SP
13.79,28.0,653.01,0.2,1600.0,0.49,furniture_decor,RJ
11.85,49.99,288.34,0.15,3000.0,0.24,telephony,SP
30.84,279.9,442.22,2.95,13984.0,0.11,bed_bath_table,RJ
10.97,52.0,320.64,3.1,48000.0,0.21,housewares,SP
50.41,268.88,530.15,12.1,72000.0,0.19,auto,SP
9.34,19.9,23.35,0.7,27000.0,0.47,housewares,SP
19.18,69.99,2143.78,0.3,840.0,0.27,computers_accessories,PE
9.8,149.99,34.37,0.7,11250.0,0.06,sports_leisure,SP
45.53,259.9,3291.77,4.45,13500.0,0.18,sports_leisure,RR
18.47,169.9,1546.85,1.6,10000.0,0.11,health_beauty,MT
16.46,99.99,404.79,1.3,6000.0,0.16,housewares,SP
11.85,19.95,86.59,0.17,2156.0,0.59,auto,SP
35.92,377.9,247.7,4.8,85550.0,0.1,air_conditioning,SP
15.8,150.0,861.08,0.12,819.0,0.1,health_beauty,RS
23.66,105.0,917.27,1.0,7632.0,0.22,watches_gifts,SC
15.23,10.0,865.4,0.15,760.0,1.52,cine_photo,RS
0.0,99.9,284.45,0.58,2288.0,0.0,watches_gifts,SP
14.4,179.0,268.93,0.45,2816.0,0.08,electronics,SC
44.11,895.0,769.57,8.85,51975.0,0.05,home_appliances_2,DF
12.54,34.0,39.2,3.58,8316.0,0.37,health_beauty,SP
18.0,106.74,1125.79,0.55,5632.0,0.17,perfumery,RS
7.78,24.99,29.65,0.3,816.0,0.31,telephony,SP
7.39,25.0,9.54,0.5,8993.0,0.3,food,SP
34.15,37.99,1919.37,0.3,816.0,0.9,telephony,PI
43.65,179.99,2252.74,7.42,51612.0,0.24,office_furniture,CE
7.67,59.0,17.46,0.3,8470.0,0.13,furniture_decor,SP
7.78,45.0,21.92,0.25,640.0,0.17,watches_gifts,SP
22.87,134.0,806.16,0.8,11466.0,0.17,sports_leisure,MG
18.17,189.9,908.43,1.3,6138.0,0.1,furniture_decor,SP
13.57,79.0,34.56,7.0,36000.0,0.17,stationery,SP
17.24,217.9,278.98,0.74,7293.0,0.08,computers_accessories,RJ
8.25,22.99,85.95,0.15,816.0,0.36,computers_accessories,SP
15.65,62.9,332.72,1.45,11520.0,0.25,furniture_decor,RJ
14.1,154.9,419.49,1.2,15680.0,0.09,sports_leisure,SP
11.85,29.99,232.91,0.55,2560.0,0.4,bed_bath_table,SP
23.39,84.9,625.87,1.55,20944.0,0.28,bed_bath_table,RJ
8.88,25.99,88.59,0.25,27000.0,0.34,housewares,SP
15.65,33.9,879.34,0.35,4335.0,0.46,toys,SP
16.89,65.0,1165.01,0.4,23625.0,0.26,toys,BA
10.96,19.85,251.57,0.1,4864.0,0.55,computers_accessories,MG
75.54,139.0,371.81,4.1,27869.0,0.54,housewares,RS
26.88,179.99,267.77,7.65,8000.0,0.15,garden_tools,MG
18.23,47.65,1173.87,1.11,3762.0,0.38,health_beauty,MS
20.36,90.0,799.36,1.85,19872.0,0.23,health_beauty,SP
15.1,40.0,349.83,0.05,4352.0,0.38,auto,MG
7.71,14.89,2.5,0.1,5760.0,0.52,electronics,DF
15.2,79.0,825.99,0.2,640.0,0.19,watches_gifts,MG
13.73,199.0,295.16,0.9,1232.0,0.07,sports_leisure,SP
11.85,40.0,179.06,0.12,960.0,0.3,electronics,MG
82.44,109.99,1141.27,6.55,8000.0,0.75,computers_accessories,RS
11.76,79.0,8.53,0.7,8736.0,0.15,sports_leisure,SP
18.35,149.9,515.8,4.02,55860.0,0.12,toys,SC
16.79,39.9,1213.51,0.3,456.0,0.42,sports_leisure,MG
13.04,99.9,313.53,1.55,4500.0,0.13,bed_bath_table,SP
32.98,51.99,90.2,13.6,109620.0,0.63,kitchen_dining_laundry_garden_furniture,SP
18.66,79.9,822.6,0.75,5120.0,0.23,home_construction,RS
44.62,259.9,147.24,22.35,125504.0,0.17,luggage_accessories,SP
9.09,28.9,800.2,0.3,8000.0,0.32,housewares,GO
15.68,227.0,487.48,1.6,40000.0,0.07,sports_leisure,SP
18.23,13.77,360.64,0.12,1045.0,1.32,telephony,MG
13.93,129.99,598.42,1.5,48000.0,0.11,cool_stuff,SP
8.27,49.99,452.64,0.1,612.0,0.16,fashion_bags_accessories,MG
16.79,39.99,666.47,0.05,1920.0,0.42,computers_accessories,GO
13.71,48.9,413.53,0.6,3380.0,0.28,baby,SP
16.33,89.9,945.64,1.38,20000.0,0.18,bed_bath_table,RS
18.35,35.0,818.94,0.1,1331.0,0.52,health_beauty,RS
12.22,144.99,12.79,1.05,19008.0,0.08,cool_stuff,SP
12.81,80.0,448.34,0.15,1140.0,0.16,telephony,SC
69.51,89.9,908.37,16.1,100100.0,0.77,luggage_accessories,MG
13.37,39.6,150.08,0.2,9216.0,0.34,health_beauty,RS
22.13,28.9,985.46,0.2,2378.0,0.77,computers_accessories,PR
15.91,114.99,407.72,0.15,2850.0,0.14,pet_shop,SP
14.15,56.99,344.19,0.38,3927.0,0.25,perfumery,RJ
13.37,23.7,125.61,0.4,4788.0,0.56,housewares,MG
12.25,149.9,32.69,1.37,16965.0,0.08,furniture_decor,SP
9.37,79.9,40.15,0.95,11550.0,0.12,toys,SP
38.25,99.73,2265.5,5.95,35568.0,0.38,furniture_decor,RN
14.21,89.8,499.79,4.47,32736.0,0.16,cool_stuff,SP
14.08,29.99,122.84,1.05,5712.0,0.47,furniture_decor,SP
15.27,388.0,109.69,10.75,78584.0,0.04,baby,SP
14.1,39.99,341.57,0.25,5292.0,0.35,telephony,RJ
44.2,310.0,2517.58,0.55,2816.0,0.14,perfumery,AL
19.34,21.7,515.1,0.28,4180.0,0.89,home_construction,RJ
10.96,48.8,308.67,0.3,2106.0,0.22,sports_leisure,PR
15.1,35.0,362.55,0.1,528.0,0.43,telephony,PR
16.39,89.99,624.38,0.25,3960.0,0.18,health_beauty,MG
9.94,29.9,65.18,0.89,10500.0,0.33,toys,SP
9.34,29.9,21.61,0.95,2852.0,0.31,computers_accessories,SP
15.1,24.99,281.68,0.4,3328.0,0.6,computers_accessories,RJ
19.07,170.0,240.62,0.22,4800.0,0.11,watches_gifts,PR
18.11,139.9,296.94,2.9,28000.0,0.13,bed_bath_table,SP
15.56,179.0,419.29,5.8,30000.0,0.09,luggage_accessories,SP
19.3,108.0,1502.55,1.0,7632.0,0.18,watches_gifts,TO
15.33,82.9,564.64,0.5,17496.0,0.18,perfumery,GO
16.95,169.99,443.86,0.95,3445.0,0.1,housewares,PR
14.17,59.99,317.79,0.15,627.0,0.24,telephony,RJ
47.3,109.9,2515.9,1.1,7776.0,0.43,auto,SE
11.88,54.9,264.38,0.1,816.0,0.22,auto,SP
30.4,79.99,366.71,9.2,46852.0,0.38,office_furniture,PR
18.23,31.0,649.72,0.3,2560.0,0.59,bed_bath_table,SC
19.77,75.0,1105.38,1.6,19200.0,0.26,unknown,BA
15.25,71.99,553.19,1.1,10000.0,0.21,pet_shop,MG
14.1,29.9,367.45,0.4,3248.0,0.47,fashion_shoes,SP
7.39,34.97,92.41,0.26,2850.0,0.21,telephony,SP
16.79,19.9,933.99,0.1,3312.0,0.84,electronics,MG
8.72,32.29,18.86,0.6,12960.0,0.27,consoles_games,SP
7.88,19.49,51.44,0.2,6859.0,0.4,sports_leisure,SP
14.52,23.9,396.2,0.2,4500.0,0.61,perfumery,SP
12.79,45.9,333.56,0.13,1560.0,0.28,telephony,SP
27.55,325.0,2165.39,0.4,2992.0,0.08,health_beauty,PE
13.44,59.99,385.71,0.7,15750.0,0.22,cool_stuff,SP
16.79,39.9,1046.6,0.5,5250.0,0.42,musical_instruments,RJ
14.76,145.0,311.05,0.2,1056.0,0.1,watches_gifts,PR
15.65,32.99,859.15,0.7,12000.0,0.47,furniture_decor,RS
17.36,125.62,461.48,2.6,33669.0,0.14,unknown,MG
15.1,29.99,608.14,0.15,4096.0,0.5,fashion_bags_accessories,PR
15.23,35.0,344.14,0.25,7800.0,0.44,luggage_accessories,RJ
16.79,21.99,1142.86,0.15,836.0,0.76,telephony,BA
14.42,359.9,15.53,15.7,58212.0,0.04,home_appliances_2,SP
16.74,69.9,349.51,1.45,7854.0,0.24,housewares,SP
15.1,39.9,560.46,0.1,816.0,0.38,auto,RJ
12.64,97.49,100.39,1.38,22680.0,0.13,health_beauty,SP
12.61,44.9,41.13,4.15,18676.0,0.28,housewares,SP
34.43,90.0,2126.98,14.05,2560.0,0.38,bed_bath_table,PB
15.5,89.0,682.37,0.3,4096.0,0.17,health_beauty,PR
8.29,14.99,86.23,0.35,3672.0,0.55,computers_accessories,SP
5.34,210.0,312.66,20.1,23625.0,0.02,bed_bath_table,SP
22.6,105.0,873.55,2.72,60200.0,0.22,cool_stuff,MT
31.83,154.91,483.36,1.07,9152.0,0.2,computers_accessories,SP
21.19,100.0,299.32,1.25,24000.0,0.21,pet_shop,RJ
21.61,69.0,313.91,1.1,2560.0,0.31,bed_bath_table,SP
13.08,69.9,6.07,2.6,15000.0,0.19,furniture_decor,SP
15.1,45.95,564.11,0.35,3800.0,0.33,bed_bath_table,MG
21.59,91.0,491.31,1.82,20944.0,0.24,bed_bath_table,RJ
19.35,225.0,15.67,5.3,31500.0,0.09,home_construction,SP
2.99,49.0,375.25,5.65,12000.0,0.06,stationery,RJ
13.37,49.0,307.35,0.9,2560.0,0.27,small_appliances,SP
16.77,74.99,903.55,3.4,23100.0,0.22,sports_leisure,RS
16.95,39.99,518.27,0.35,3800.0,0.42,bed_bath_table,MG
1.68,4.4,822.24,0.35,4400.0,0.38,housewares,MG
22.85,19.9,2215.56,0.15,4000.0,1.15,computers_accessories,PB
7.78,13.99,98.62,0.2,896.0,0.56,computers_accessories,SP
15.1,31.99,133.17,0.2,3200.0,0.47,sports_leisure,MG
16.46,37.9,855.65,0.65,17100.0,0.43,furniture_decor,GO
15.94,170.0,944.92,0.46,3276.0,0.09,watches_gifts,RS
16.68,69.9,399.82,0.9,5040.0,0.24,small_appliances,RJ
27.16,119.9,393.62,2.6,18000.0,0.23,market_place,SC
15.1,24.9,562.23,0.35,4800.0,0.61,bed_bath_table,GO
16.3,155.0,724.67,0.6,7000.0,0.1,sports_leisure,MG
14.1,49.9,467.88,0.45,9375.0,0.28,stationery,SP
11.73,52.0,20.69,1.4,12600.0,0.23,bed_bath_table,SP
16.76,72.99,333.94,1.05,15750.0,0.23,cool_stuff,RJ
34.57,199.9,134.77,12.4,94192.0,0.17,office_furniture,SP
19.7,199.9,181.27,3.75,21320.0,0.1,housewares,SP
15.59,119.9,18.65,6.8,42330.0,0.13,toys,SP
31.34,219.99,423.63,6.25,38080.0,0.14,unknown,SP
18.65,199.9,720.76,2.02,36450.0,0.09,toys,RS
18.23,5.9,390.61,0.25,4590.0,3.09,housewares,MG
15.58,118.0,734.04,0.19,4800.0,0.13,computers_accessories,RS
25.25,58.9,546.94,7.0,32994.0,0.43,housewares,MG
28.14,169.9,910.23,1.09,17160.0,0.17,sports_leisure,RJ
7.39,49.8,10.64,0.4,1587.0,0.15,cine_photo,SP
13.0,59.9,180.44,1.2,3000.0,0.22,furniture_decor,SP
14.1,49.0,380.91,0.3,640.0,0.29,watches_gifts,RJ
12.05,79.0,198.07,2.35,8000.0,0.15,sports_leisure,SP
11.92,59.49,79.27,1.7,3703.0,0.2,furniture_decor,SP
19.04,251.9,920.24,2.3,12800.0,0.08,audio,RJ
7.65,56.0,78.07,0.3,640.0,0.14,watches_gifts,SP
23.28,99.9,663.74,13.1,56700.0,0.23,pet_shop,RJ
1.89,14.0,343.84,0.25,2560.0,0.14,bed_bath_table,SP
12.93,38.99,283.27,0.75,4176.0,0.33,bed_bath_table,SP
12.13,29.0,48.97,2.05,18600.0,0.42,toys,SP
11.97,539.99,24.4,0.7,3900.0,0.02,watches_gifts,SP
12.24,105.43,278.84,0.4,5632.0,0.12,perfumery,SP
24.19,229.0,86.91,13.3,70875.0,0.11,furniture_decor,SP
18.72,119.9,792.23,0.57,8372.0,0.16,stationery,SP
24.77,349.9,979.21,0.9,11400.0,0.07,health_beauty,GO
11.76,79.9,5.74,1.4,15600.0,0.15,bed_bath_table,SP
7.78,16.0,14.33,0.2,5000.0,0.49,health_beauty,SP
9.44,89.18,17.05,0.7,24500.0,0.11,furniture_decor,SP
30.71,207.9,2649.73,0.65,1760.0,0.15,health_beauty,RN
16.43,334.9,333.2,1.35,14976.0,0.05,books_general_interest,SP
26.86,79.9,567.09,1.82,20944.0,0.34,bed_bath_table,RJ
11.15,58.99,17.37,0.2,3960.0,0.19,health_beauty,SP
14.2,85.0,28.32,3.1,32760.0,0.17,housewares,SP
12.79,49.0,200.8,0.55,7935.0,0.26,bed_bath_table,SP
8.72,38.9,20.48,0.3,12000.0,0.22,consoles_games,SP
22.75,299.0,43.41,10.3,61776.0,0.08,cool_stuff,SP
14.1,38.4,340.99,2.85,14000.0,0.37,furniture_decor,PR
12.05,78.25,289.25,0.8,23625.0,0.15,bed_bath_table,SP
42.3,69.0,131.81,7.22,41200.0,0.61,industry_commerce_and_business,SP
37.26,49.9,1200.95,0.1,880.0,0.75,art,DF
18.59,69.9,686.87,0.3,9000.0,0.27,sports_leisure,MG
16.79,14.4,1259.26,0.15,2800.0,1.17,electronics,BA
19.45,67.88,685.51,0.98,14112.0,0.29,stationery,RJ
23.36,29.9,591.99,0.65,1820.0,0.78,furniture_decor,RJ
23.03,33.0,437.49,1.45,9792.0,0.7,garden_tools,MG
23.09,72.9,976.31,3.3,48000.0,0.32,kitchen_dining_laundry_garden_furniture,MG
14.52,29.9,362.28,0.2,3248.0,0.49,baby,SP
18.64,199.0,831.01,1.95,27588.0,0.09,cool_stuff,SP
27.54,55.13,103.67,0.15,352.0,0.5,sports_leisure,SP
20.09,315.0,362.56,0.65,2565.0,0.06,construction_tools_lights,MG
9.16,89.1,18.43,0.9,6384.0,0.1,sports_leisure,RJ
24.35,39.0,2366.99,0.2,352.0,0.62,computers_accessories,MA
15.1,29.99,171.75,0.7,13500.0,0.5,watches_gifts,PR
7.76,71.0,102.34,0.17,2496.0,0.11,computers_accessories,SP
14.79,349.99,375.42,0.1,2400.0,0.04,fashion_bags_accessories,SP
28.39,1850.0,682.19,0.6,24000.0,0.02,health_beauty,RJ
7.61,49.9,11.28,0.18,2142.0,0.15,consoles_games,SP
17.58,119.99,735.69,2.15,14350.0,0.15,sports_leisure,DF
19.61,59.9,486.88,1.25,7429.0,0.33,bed_bath_table,PR
7.96,110.32,134.08,0.15,990.0,0.07,health_beauty,SP
18.23,35.9,496.18,0.35,4212.0,0.51,health_beauty,RJ
19.25,24.9,997.13,0.45,5481.0,0.77,bed_bath_table,GO
14.17,59.99,341.2,0.45,2420.0,0.24,housewares,RJ
15.25,69.99,675.7,1.05,16008.0,0.22,toys,PR
16.11,37.9,450.63,0.55,18576.0,0.42,fashion_bags_accessories,SC
11.65,319.0,2.51,0.4,4600.0,0.04,perfumery,PR
21.23,106.0,255.66,2.8,16480.0,0.2,furniture_decor,RJ
19.32,34.5,372.08,0.55,1760.0,0.56,bed_bath_table,PR
29.49,320.0,74.52,9.65,80290.0,0.09,housewares,SP
11.55,169.0,247.08,1.3,12000.0,0.07,sports_leisure,SC
8.88,35.0,15.78,0.65,4488.0,0.25,books_technical,SP
8.88,24.9,15.85,0.6,2912.0,0.36,auto,SP
18.45,49.9,647.64,0.15,1600.0,0.37,fashion_bags_accessories,SC
14.52,34.9,400.52,0.1,1584.0,0.42,auto,RJ
57.53,107.9,2132.42,1.5,10800.0,0.53,bed_bath_table,PB
20.52,649.99,536.66,0.45,3780.0,0.03,cool_stuff,RS
8.72,56.99,59.73,0.38,3927.0,0.15,perfumery,SP
20.05,309.9,347.05,0.4,12000.0,0.06,perfumery,MG
15.84,89.99,496.35,0.4,9200.0,0.18,toys,RJ
17.6,27.9,1094.62,0.7,18600.0,0.63,toys,RS
8.11,31.9,6.38,0.2,2378.0,0.25,computers_accessories,MG
23.25,53.6,767.31,2.35,15776.0,0.43,housewares,RJ
13.42,69.99,299.59,0.75,2560.0,0.19,bed_bath_table,SP
14.87,264.0,249.79,2.5,4664.0,0.06,furniture_decor,SP
14.43,99.9,561.24,1.4,15840.0,0.14,luggage_accessories,MG
8.88,35.0,31.96,0.65,4488.0,0.25,books_technical,SP
17.67,59.9,639.54,1.65,19800.0,0.3,garden_tools,RJ
13.08,75.0,41.56,2.6,15000.0,0.17,furniture_decor,SP
8.91,79.99,25.0,1.81,37788.0,0.11,bed_bath_table,SP
13.05,47.49,244.79,0.18,10143.0,0.28,drinks,SP
10.04,325.0,18.1,0.4,2992.0,0.03,health_beauty,SP
50.22,388.0,96.53,10.75,78584.0,0.13,baby,SP
41.55,1299.9,1033.14,2.6,19344.0,0.03,computers,CE
16.14,54.99,462.63,0.65,4800.0,0.29,sports_leisure,PR
20.0,49.0,925.81,4.8,30492.0,0.41,housewares,RS
13.9,189.0,265.66,2.05,10800.0,0.07,health_beauty,SP
22.93,50.0,425.9,6.45,36750.0,0.46,furniture_decor,RJ
8.78,119.9,36.0,0.4,4693.0,0.07,perfumery,RJ
23.48,139.9,2185.56,0.42,1760.0,0.17,watches_gifts,PB
104.51,4059.0,463.03,8.0,61875.0,0.03,sports_leisure,MG
38.54,200.0,2037.32,4.35,36000.0,0.19,home_construction,PE
8.72,49.9,130.61,0.4,3750.0,0.18,furniture_decor,SP
24.37,139.9,213.72,8.65,51840.0,0.17,auto,SP
13.61,12.0,90.45,0.15,1232.0,1.13,toys,SC
16.79,21.99,1203.93,0.15,836.0,0.76,telephony,BA
15.23,10.0,333.62,0.15,3591.0,1.52,garden_tools,SP
23.91,139.0,119.42,6.85,39997.0,0.17,kitchen_dining_laundry_garden_furniture,SP
13.22,79.9,428.54,0.33,4800.0,0.16,food,SP
20.04,114.9,814.01,1.45,16170.0,0.17,luggage_accessories,PR
23.5,99.99,392.28,1.7,19500.0,0.24,art,PR
13.53,99.9,2.76,2.3,22200.0,0.14,furniture_decor,PR
17.6,43.98,729.35,0.85,7392.0,0.4,housewares,SP
10.21,199.0,92.03,0.56,2880.0,0.05,perfumery,SP
19.94,99.9,746.76,1.9,6851.0,0.2,garden_tools,MG
8.27,45.49,49.01,0.05,1408.0,0.18,auto,SP
15.23,23.9,825.22,0.25,2560.0,0.64,sports_leisure,GO
8.72,34.9,12.26,0.15,2240.0,0.25,toys,SP
25.63,31.9,1468.32,0.2,2378.0,0.8,computers_accessories,RS
13.5,109.9,12.62,2.5,34020.0,0.12,furniture_decor,SP
21.16,119.9,894.78,2.1,26085.0,0.18,toys,RS
26.79,40.5,2369.41,1.95,23520.0,0.66,housewares,CE
8.03,110.32,105.03,0.2,990.0,0.07,health_beauty,SP
0.0,53.9,1070.61,1.55,19800.0,0.0,garden_tools,BA
18.88,110.65,419.21,0.46,3240.0,0.17,watches_gifts,MG
14.1,12.97,349.66,0.1,864.0,1.09,telephony,RJ
18.27,194.0,115.92,2.5,49248.0,0.09,sports_leisure,SP
15.56,13.99,759.25,0.25,15625.0,1.11,housewares,SC
16.5,199.9,813.01,0.15,2880.0,0.08,computers_accessories,SP
18.35,109.99,446.87,3.78,31500.0,0.17,sports_leisure,RJ
13.43,22.5,13.55,0.4,26790.0,0.6,sports_leisure,SP
7.39,13.65,79.11,0.2,2800.0,0.54,electronics,SP
31.05,599.9,2460.84,1.81,18600.0,0.05,pet_shop,PE
43.34,630.0,845.37,11.9,70875.0,0.07,musical_instruments,RS
14.62,46.0,615.15,0.75,9500.0,0.32,housewares,SP
24.09,339.9,1156.07,0.3,4096.0,0.07,home_appliances_2,RJ
38.68,119.94,601.6,8.4,56448.0,0.32,office_furniture,SC
21.98,97.0,337.8,2.65,7936.0,0.23,housewares,RJ
17.88,89.9,534.22,2.4,105820.0,0.2,auto,MS
21.14,93.49,340.22,2.82,18750.0,0.23,sports_leisure,MG
7.39,14.9,31.35,0.2,1221.0,0.5,housewares,SP
67.68,599.0,1457.52,13.7,71550.0,0.11,computers,SP
16.59,89.18,339.86,0.75,13125.0,0.19,furniture_decor,PR
11.74,48.9,311.95,0.9,23625.0,0.24,bed_bath_table,SP
17.57,337.69,486.52,4.05,2431.0,0.05,health_beauty,SC
8.85,99.0,12.16,0.45,720.0,0.09,computers_accessories,SP
45.25,179.99,314.24,16.4,68970.0,0.25,office_furniture,RJ
16.82,81.49,353.11,1.2,3960.0,0.21,health_beauty,RJ
18.29,69.9,247.0,1.2,10140.0,0.26,sports_leisure,SC
14.34,789.99,28.68,0.66,4256.0,0.02,watches_gifts,SP
22.31,54.9,1990.96,1.2,25088.0,0.41,stationery,PE
19.66,49.0,1070.84,1.65,19800.0,0.4,garden_tools,MT
15.79,42.79,827.86,0.1,1920.0,0.37,computers_accessories,PR
19.95,13.7,1277.75,0.2,3872.0,1.46,electronics,BA
19.94,99.9,922.88,3.12,31500.0,0.2,housewares,MG
8.27,24.9,3.75,0.1,1122.0,0.33,electronics,PR
20.96,285.0,611.47,0.5,9000.0,0.07,housewares,PR
8.72,39.99,22.51,0.45,7500.0,0.22,furniture_decor,SP
15.87,44.9,349.67,0.65,5616.0,0.35,auto,SP
35.35,143.99,833.58,1.85,2560.0,0.25,bed_bath_table,MG
9.26,48.9,136.24,0.6,3380.0,0.19,baby,SP
16.47,119.99,222.08,2.1,22500.0,0.14,bed_bath_table,SP
16.6,104.9,342.53,1.25,30720.0,0.16,stationery,RJ
16.47,109.9,891.0,0.1,650.0,0.15,health_beauty,SP
18.61,799.0,573.12,1.6,27216.0,0.02,toys,SP
20.08,85.0,366.9,3.1,32760.0,0.24,housewares,RJ
20.14,128.9,558.6,2.15,14350.0,0.16,sports_leisure,PR
21.28,69.0,2362.87,0.35,640.0,0.31,fashion_bags_accessories,MA
11.85,24.9,194.73,0.35,4800.0,0.48,bed_bath_table,SP
21.54,149.9,440.22,10.8,52488.0,0.14,bed_bath_table,SP
19.7,105.0,597.1,1.0,7632.0,0.19,watches_gifts,PR
16.81,79.9,497.92,0.15,8750.0,0.21,fashion_underwear_beach,SC
15.27,24.9,348.33,0.15,1360.0,0.61,health_beauty,PR
14.52,23.9,434.19,0.2,2340.0,0.61,computers_accessories,SP
43.39,169.99,331.6,11.88,68970.0,0.26,office_furniture,RJ
87.28,139.0,820.93,4.08,49056.0,0.63,baby,RJ
12.48,25.0,496.8,0.13,2541.0,0.5,health_beauty,SP
18.44,49.0,907.39,0.25,352.0,0.38,fashion_bags_accessories,GO
62.71,129.9,1545.57,2.28,6006.0,0.48,auto,BA
18.24,19.99,1132.03,0.15,8000.0,0.91,stationery,RS
18.16,129.99,246.36,1.3,12800.0,0.14,unknown,MG
49.14,141.57,447.71,12.6,352.0,0.35,housewares,MG
27.14,120.0,273.96,3.75,9000.0,0.23,auto,SP
17.62,99.0,1325.57,0.3,640.0,0.18,watches_gifts,MT
7.39,34.99,93.93,1.8,40950.0,0.21,market_place,SP
12.79,29.99,314.73,0.5,2560.0,0.43,bed_bath_table,SP
7.39,16.99,19.55,0.3,352.0,0.44,electronics,SP
7.78,13.99,25.99,0.05,880.0,0.56,perfumery,SP
14.72,59.0,497.67,1.15,9030.0,0.25,bed_bath_table,SP
26.59,249.9,345.82,7.6,45500.0,0.11,furniture_decor,SP
18.65,78.0,514.79,0.25,640.0,0.24,watches_gifts,PR
24.07,219.0,498.71,5.7,32000.0,0.11,home_confort,MG
21.54,142.99,1164.82,0.5,2415.0,0.15,telephony,GO
11.12,339.0,31.96,0.3,4096.0,0.03,consoles_games,SP
14.21,124.0,81.49,0.5,3276.0,0.12,watches_gifts,MG
15.37,89.0,363.22,0.24,4800.0,0.17,computers_accessories,SC
13.16,103.0,307.27,0.31,2772.0,0.13,watches_gifts,SP
22.06,45.99,1488.68,0.2,1760.0,0.48,toys,MT
14.57,116.99,730.15,13.39,71064.0,0.12,office_furniture,ES
15.79,32.9,683.02,0.4,8004.0,0.48,fashion_shoes,RJ
17.62,53.4,659.41,1.0,6786.0,0.33,auto,MG
16.98,219.9,700.17,9.95,39375.0,0.08,sports_leisure,RJ
6.78,12.9,7.51,0.2,3240.0,0.53,furniture_decor,SP
11.85,21.9,176.62,0.3,4800.0,0.54,bed_bath_table,SP
16.85,364.0,479.13,0.9,11400.0,0.05,health_beauty,PR
25.5,93.9,634.93,1.75,27000.0,0.27,auto,PR
17.13,59.9,87.49,7.0,32994.0,0.29,housewares,SP
18.23,44.9,687.12,0.4,600.0,0.41,bed_bath_table,GO
8.89,99.0,7.31,0.4,1008.0,0.09,computers_accessories,SP
17.22,30.4,1541.17,0.4,3094.0,0.57,health_beauty,MT
51.2,189.99,1441.61,7.42,51612.0,0.27,office_furniture,MT
15.52,109.9,592.89,0.45,3000.0,0.14,construction_tools_construction,PR
18.23,42.49,722.69,0.25,1980.0,0.43,garden_tools,ES
13.11,109.89,357.69,0.21,2926.0,0.12,computers_accessories,SP
7.98,80.0,9.68,0.3,2464.0,0.1,watches_gifts,RJ
18.23,46.99,314.83,0.5,3300.0,0.39,computers_accessories,MG
15.1,44.99,774.82,0.5,7500.0,0.34,housewares,RS
34.4,85.9,1892.98,0.3,7680.0,0.4,sports_leisure,PE
7.42,22.5,19.61,0.17,1728.0,0.33,perfumery,SP
13.86,119.9,152.89,1.4,4500.0,0.12,baby,SP
16.95,169.9,542.61,0.8,2310.0,0.1,stationery,MG
7.39,14.9,69.66,0.1,6400.0,0.5,stationery,SP
14.29,180.99,291.78,3.8,13125.0,0.08,bed_bath_table,SP
12.36,249.9,53.75,0.35,5040.0,0.05,health_beauty,RJ
13.65,89.9,272.39,1.3,3080.0,0.15,bed_bath_table,SP
12.9,34.9,555.87,0.05,3528.0,0.37,pet_shop,SP
23.25,95.9,640.75,1.75,59400.0,0.24,auto,RS
10.09,35.0,91.96,0.85,10000.0,0.29,furniture_decor,SP
15.1,19.99,1103.57,0.05,1188.0,0.76,telephony,RS
15.84,156.25,788.2,0.2,5967.0,0.1,home_appliances,RS
16.79,31.9,937.55,0.25,2378.0,0.53,computers_accessories,PR
12.06,79.49,90.32,0.4,6750.0,0.15,sports_leisure,SP
17.27,79.99,1503.35,0.25,3960.0,0.22,health_beauty,BA
16.79,19.99,1434.94,0.06,627.0,0.84,fixed_telephony,BA
11.85,29.9,132.09,0.3,3872.0,0.4,telephony,SP
11.99,69.99,600.18,0.5,2268.0,0.17,toys,SP
26.89,28.9,1391.27,0.15,4290.0,0.93,electronics,RS
12.82,187.94,78.49,0.23,2805.0,0.07,watches_gifts,SP
13.37,50.0,331.67,6.85,40800.0,0.27,baby,SP
44.02,229.9,2102.7,2.7,13500.0,0.19,sports_leisure,RN
16.11,45.0,592.79,0.8,8736.0,0.36,sports_leisure,MG
17.6,45.0,408.07,0.8,15625.0,0.39,furniture_decor,MG
9.44,42.9,73.74,1.23,17100.0,0.22,toys,SP
7.39,38.0,73.69,0.25,891.0,0.19,stationery,SP
27.5,169.0,454.29,6.4,43659.0,0.16,auto,MG
25.24,349.0,768.46,0.9,3750.0,0.07,stationery,MG
17.12,339.0,714.52,0.42,6048.0,0.05,perfumery,GO
15.77,95.0,885.92,0.35,640.0,0.17,watches_gifts,DF
22.97,66.99,1530.37,0.35,2964.0,0.34,health_beauty,DF
15.1,39.99,447.99,0.35,3800.0,0.38,bed_bath_table,RJ
12.09,84.0,641.09,0.7,352.0,0.14,auto,SP
8.9,44.5,6.41,2.6,26400.0,0.2,health_beauty,RJ
134.59,265.0,1672.66,11.6,58045.0,0.51,cool_stuff,SE
6.66,29.9,124.1,0.15,2964.0,0.22,pet_shop,RJ
17.06,88.9,748.42,0.21,1836.0,0.19,health_beauty,PR
8.13,64.9,61.12,0.15,880.0,0.12,fashion_bags_accessories,MG
23.0,59.9,517.16,7.68,19712.0,0.38,auto,PR
49.93,199.99,364.37,13.55,76560.0,0.25,office_furniture,MG
15.85,30.0,386.92,1.05,17576.0,0.53,housewares,RJ
16.53,127.9,335.55,0.4,2772.0,0.13,watches_gifts,SP
7.39,28.0,68.85,0.2,8000.0,0.26,sports_leisure,SP
8.41,179.9,243.74,2.05,8704.0,0.05,bed_bath_table,SP
8.88,37.84,9.06,0.6,7500.0,0.24,bed_bath_table,SP
17.26,34.9,258.7,3.7,32384.0,0.5,housewares,SP
5.82,169.9,307.89,0.58,2288.0,0.03,watches_gifts,SP
8.01,163.09,82.04,0.1,2464.0,0.05,perfumery,SP
9.94,45.0,74.68,0.55,13125.0,0.22,cds_dvds_musicals,SP
18.11,239.0,846.46,4.0,6804.0,0.08,electronics,ES
12.76,39.99,536.87,0.35,3800.0,0.32,bed_bath_table,MG
66.98,179.9,821.43,16.13,92925.0,0.37,office_furniture,GO
7.39,69.9,57.27,0.1,1280.0,0.11,sports_leisure,SP
15.86,158.4,589.13,0.3,5780.0,0.1,cool_stuff,PR
14.97,114.9,368.63,0.47,4554.0,0.13,consoles_games,RJ
17.06,34.99,1443.15,0.05,884.0,0.49,fashion_bags_accessories,BA
18.85,109.9,333.7,1.75,27000.0,0.17,auto,SP
37.09,47.2,1871.25,3.1,48000.0,0.79,housewares,PA
23.33,75.0,741.94,1.0,12250.0,0.31,furniture_decor,GO
8.72,11.9,26.25,0.1,704.0,0.73,telephony,SP
23.31,54.0,1528.69,1.07,7942.0,0.43,health_beauty,BA
18.23,13.65,643.96,0.2,2800.0,1.34,electronics,PR
14.1,25.9,345.03,0.15,2816.0,0.54,sports_leisure,RJ
19.48,1007.0,85.82,12.47,103740.0,0.02,baby,SP
15.23,30.5,350.81,0.2,1408.0,0.5,toys,PR
47.04,369.0,465.92,5.4,61776.0,0.13,cool_stuff,MG
22.06,45.0,803.95,0.22,4320.0,0.49,sports_leisure,RJ
23.26,74.98,765.5,0.6,9261.0,0.31,housewares,SP
18.23,18.8,822.84,0.25,6279.0,0.97,housewares,MG
14.7,75.9,348.52,0.25,4224.0,0.19,housewares,RJ
14.13,78.6,301.02,0.95,2436.0,0.18,bed_bath_table,SP
7.87,16.9,75.06,0.2,1152.0,0.47,housewares,SP
13.71,699.99,47.88,0.66,4256.0,0.02,watches_gifts,SP
18.23,12.09,716.89,0.45,4576.0,1.51,housewares,PR
17.99,125.0,866.86,5.9,56980.0,0.14,stationery,MS
12.05,78.0,83.36,2.15,12000.0,0.15,furniture_decor,SP
36.49,179.99,489.01,9.9,59200.0,0.2,furniture_decor,MG
21.18,97.9,328.4,1.7,14350.0,0.22,sports_leisure,RJ
16.79,12.49,1511.17,0.15,352.0,1.34,garden_tools,BA
14.11,239.0,279.34,0.29,2700.0,0.06,watches_gifts,SP
15.23,19.9,500.23,1.0,14400.0,0.76,unknown,MG
15.52,108.0,671.13,1.0,7632.0,0.14,watches_gifts,PR
15.28,127.26,17.74,2.1,16704.0,0.12,construction_tools_construction,SP
21.19,99.9,588.64,0.95,13500.0,0.21,sports_leisure,MG
16.06,84.9,1802.5,0.6,4096.0,0.19,sports_leisure,BA
15.1,12.98,546.63,0.28,864.0,1.16,telephony,PR
11.73,23.99,85.21,0.65,15625.0,0.49,housewares,SP
11.19,339.0,23.76,0.5,6000.0,0.03,consoles_games,SP
16.45,98.0,261.32,0.8,2400.0,0.17,health_beauty,RJ
15.1,10.99,386.15,0.1,704.0,1.37,telephony,SC
17.05,68.0,1250.22,1.1,4032.0,0.25,furniture_decor,MT
15.11,51.99,208.56,0.6,10000.0,0.29,pet_shop,MG
14.87,99.89,562.39,0.2,3200.0,0.15,furniture_decor,SP
9.43,97.5,24.46,0.7,5400.0,0.1,art,SP
13.08,69.9,15.93,2.6,15000.0,0.19,furniture_decor,SP
65.41,137.0,1843.83,6.12,23000.0,0.48,housewares,TO
17.63,44.3,1534.52,0.2,4056.0,0.4,agro_industry_and_commerce,ES
15.1,11.99,421.52,0.28,864.0,1.26,telephony,PR
16.49,104.0,814.53,0.15,4500.0,0.16,home_appliances,RS
12.79,49.99,237.21,0.6,2560.0,0.26,bed_bath_table,SP
13.61,84.9,133.41,7.5,44550.0,0.16,musical_instruments,SP
7.39,49.0,44.87,0.25,352.0,0.15,fashion_bags_accessories,SP
16.48,102.9,299.06,0.45,16000.0,0.16,pet_shop,MG
16.28,74.9,489.85,0.85,14440.0,0.22,bed_bath_table,MG
12.51,145.0,316.57,0.44,4480.0,0.09,watches_gifts,SP
8.12,54.9,48.46,0.1,5967.0,0.15,home_appliances,SP
39.55,79.9,2318.86,4.5,18000.0,0.5,christmas_supplies,CE
18.0,60.08,417.77,2.3,22302.0,0.3,housewares,SP
2.31,59.9,416.7,0.7,5880.0,0.04,furniture_decor,PR
17.63,25.99,2125.69,0.15,836.0,0.68,telephony,PE
79.01,898.0,2373.68,20.25,121600.0,0.09,baby,PA
15.23,19.9,354.1,0.17,704.0,0.76,audio,RJ
30.49,299.0,1472.58,3.45,22500.0,0.1,sports_leisure,ES
17.19,348.79,449.89,0.36,3042.0,0.05,watches_gifts,MG
11.81,59.9,317.12,0.95,8866.0,0.2,furniture_decor,SP
25.63,14.5,2040.96,0.35,836.0,1.77,telephony,PA
19.97,104.99,789.18,1.25,5544.0,0.19,health_beauty,RJ
39.69,429.0,1018.66,0.52,4608.0,0.09,perfumery,RS
22.1,24.9,902.45,0.1,1122.0,0.89,electronics,RJ
13.65,49.9,32.97,3.65,12167.0,0.27,health_beauty,SP
8.81,92.5,71.98,0.5,14000.0,0.1,pet_shop,SP
7.69,118.0,98.42,0.27,2856.0,0.06,watches_gifts,SP
7.87,59.0,77.33,0.18,352.0,0.13,computers_accessories,SP
19.3,650.0,651.94,0.75,2340.0,0.03,watches_gifts,SC
11.85,32.0,328.55,0.2,4080.0,0.37,construction_tools_construction,SP
17.67,49.0,699.05,1.65,19800.0,0.36,garden_tools,GO
16.05,34.99,817.39,0.6,4576.0,0.46,furniture_decor,RS
27.5,47.9,194.63,0.2,1512.0,0.57,perfumery,SP
25.61,109.9,563.84,1.98,16523.0,0.23,bed_bath_table,RJ
22.6,105.0,850.09,2.8,24000.0,0.22,computers_accessories,SP
10.47,330.0,18.32,0.4,2992.0,0.03,health_beauty,SP
19.39,27.99,258.76,0.2,2400.0,0.69,housewares,RJ
7.78,19.99,14.7,0.1,4500.0,0.39,health_beauty,SP
74.69,248.99,620.72,18.05,75000.0,0.3,luggage_accessories,SC
32.13,388.0,2346.42,13.1,78584.0,0.08,baby,RO
7.78,29.0,23.35,0.2,352.0,0.27,watches_gifts,SP
19.34,53.0,560.38,0.65,2560.0,0.36,bed_bath_table,RJ
15.38,79.99,836.83,0.25,3960.0,0.19,health_beauty,RS
15.1,36.76,859.6,0.22,1728.0,0.41,consoles_games,RS
11.9,99.99,29.01,0.9,32736.0,0.12,cool_stuff,SP
16.79,28.99,1102.29,0.09,627.0,0.58,telephony,BA
40.14,149.0,252.69,10.05,58621.0,0.27,housewares,SP
21.19,49.0,2227.73,3.0,8349.0,0.43,furniture_decor,PE
13.64,89.0,53.11,7.0,36000.0,0.15,stationery,SP
8.65,199.9,88.62,0.3,3520.0,0.04,watches_gifts,SP
12.25,149.99,51.81,1.05,19008.0,0.08,cool_stuff,SP
23.85,149.99,369.42,6.55,8000.0,0.16,computers_accessories,MG
16.31,79.0,262.31,0.8,5082.0,0.21,computers_accessories,MG
8.35,105.0,654.84,1.0,7632.0,0.08,watches_gifts,PR
7.39,49.99,46.12,0.2,4500.0,0.15,health_beauty,SP
14.1,23.98,613.33,0.25,15625.0,0.59,housewares,SC
34.4,85.99,2448.66,0.4,1232.0,0.4,auto,RO
11.85,29.99,254.85,0.35,816.0,0.4,telephony,SP
0.09,63.36,1452.25,0.75,4550.0,0.0,health_beauty,BA
25.73,126.99,479.52,3.25,9856.0,0.2,garden_tools,PR
12.79,32.9,314.92,0.4,4800.0,0.39,bed_bath_table,SP
15.44,48.9,524.68,0.51,9240.0,0.32,air_conditioning,SP
15.1,32.99,372.4,0.3,2112.0,0.46,home_construction,MG
16.79,19.9,591.56,0.15,5184.0,0.84,electronics,MG
14.1,19.99,328.87,0.1,4500.0,0.7,health_beauty,RJ
4.9,19.9,333.06,0.2,2816.0,0.25,perfumery,MG
18.29,59.0,242.13,0.25,1296.0,0.31,garden_tools,PR
18.51,59.0,687.79,0.3,1944.0,0.31,health_beauty,SC
14.23,69.0,348.94,0.11,490.0,0.21,computers_accessories,RJ
8.29,15.99,12.62,0.1,1344.0,0.52,computers_accessories,SP
16.83,219.0,45.33,5.65,32000.0,0.08,home_confort,SP
27.4,154.0,440.4,7.15,42000.0,0.18,home_appliances_2,SP
12.69,37.8,188.21,0.4,4368.0,0.34,computers_accessories,SP
8.21,49.0,79.07,0.2,352.0,0.17,watches_gifts,SP
16.79,49.0,726.81,0.4,8349.0,0.34,furniture_decor,RJ
18.34,108.99,349.45,3.3,35100.0,0.17,bed_bath_table,RJ
18.3,149.9,475.27,1.7,7616.0,0.12,bed_bath_table,PR
13.9,79.9,505.51,0.17,2808.0,0.17,computers_accessories,SP
19.08,139.9,384.57,0.1,3600.0,0.14,sports_leisure,RJ
0.03,109.0,381.36,0.8,3456.0,0.0,furniture_decor,SP
8.11,28.7,147.62,0.2,352.0,0.28,fashion_bags_accessories,SP
32.71,240.0,213.4,12.75,80000.0,0.14,furniture_decor,SP
11.86,49.9,38.87,1.25,11760.0,0.24,pet_shop,SP
21.12,89.9,655.6,2.2,30000.0,0.24,housewares,MG
21.44,135.0,597.12,1.85,12000.0,0.16,bed_bath_table,RJ
7.78,22.0,39.3,0.25,1344.0,0.35,health_beauty,SP
19.9,101.0,642.4,0.75,5780.0,0.2,furniture_decor,ES
13.98,56.99,178.96,0.82,18000.0,0.24,bed_bath_table,SP
7.47,29.9,108.76,0.25,1200.0,0.25,health_beauty,SP
24.35,37.99,2361.77,0.15,1520.0,0.64,telephony,CE
17.18,67.0,393.45,0.3,4200.0,0.26,computers_accessories,ES
7.78,21.99,31.08,0.4,816.0,0.35,telephony,SP
8.27,25.9,52.35,0.25,1232.0,0.32,pet_shop,SP
13.65,89.9,301.7,1.82,21200.0,0.15,home_confort,SP
17.67,55.0,823.74,0.25,3388.0,0.32,sports_leisure,SP
19.94,99.99,947.32,4.47,32736.0,0.2,cool_stuff,BA
0.0,69.9,557.71,2.6,15000.0,0.0,furniture_decor,MG
15.56,35.9,487.38,0.6,7943.0,0.43,sports_leisure,MG
51.78,310.0,662.82,13.35,29580.0,0.17,construction_tools_construction,RJ
40.48,589.0,56.13,18.05,107525.0,0.07,bed_bath_table,SP
19.07,41.99,602.02,0.8,18600.0,0.45,toys,GO
14.01,224.0,290.94,0.26,2652.0,0.06,watches_gifts,SP
14.11,75.7,479.1,0.86,9240.0,0.19,sports_leisure,SP
7.39,18.99,18.0,0.25,2304.0,0.39,books_imported,SP
24.19,199.0,727.05,1.9,7293.0,0.12,health_beauty,SP
59.58,859.0,11.69,12.0,222180.0,0.07,sports_leisure,SP
9.46,93.9,199.74,0.4,2772.0,0.1,watches_gifts,SP
16.18,59.56,453.6,1.1,11088.0,0.27,toys,RJ
15.52,109.9,546.72,0.2,4096.0,0.14,sports_leisure,RJ
14.1,9.99,858.51,0.2,2200.0,1.41,sports_leisure,RS
15.1,29.9,409.34,0.2,352.0,0.5,fashion_bags_accessories,RJ
15.57,116.99,515.48,13.39,71064.0,0.13,office_furniture,PR
25.35,399.9,1057.06,2.5,25200.0,0.06,auto,BA
12.48,18.9,351.1,0.15,1386.0,0.66,electronics,PR
11.85,24.99,359.24,0.35,816.0,0.47,telephony,SP
11.36,39.9,596.59,0.3,1680.0,0.28,sports_leisure,MG
9.05,289.0,38.6,13.25,50160.0,0.03,housewares,RJ
28.77,349.49,653.91,4.35,12000.0,0.08,computers_accessories,ES
19.53,79.8,834.12,0.85,7803.0,0.24,signaling_and_security,RS
36.27,135.9,2129.49,2.1,4500.0,0.27,bed_bath_table,PB
8.72,49.9,21.21,0.13,2688.0,0.18,perfumery,SP
29.44,149.0,2431.62,1.7,26250.0,0.2,toys,PA
15.8,51.9,916.64,0.1,1408.0,0.3,computers_accessories,RJ
14.1,42.9,484.68,0.5,4125.0,0.33,sports_leisure,SP
19.93,99.0,1020.14,7.7,56980.0,0.2,stationery,BA
148.24,329.9,2172.99,9.85,80262.0,0.45,auto,PB
8.65,130.0,90.84,0.12,6750.0,0.07,sports_leisure,SP
15.38,89.9,574.75,1.82,21200.0,0.17,home_confort,SC
13.76,59.9,539.49,0.16,3240.0,0.23,computers_accessories,SP
27.16,129.9,553.12,4.75,8000.0,0.21,sports_leisure,RJ
11.73,50.0,67.91,6.6,39375.0,0.24,baby,SP
19.53,48.9,429.06,0.6,3380.0,0.4,baby,MG
12.69,48.9,36.0,0.6,33930.0,0.26,toys,SP
28.25,139.0,2461.44,0.35,2520.0,0.2,health_beauty,PE
8.29,29.99,37.91,0.6,4940.0,0.28,computers_accessories,SP
15.82,74.5,129.36,6.25,31250.0,0.21,stationery,SP
22.19,149.9,832.76,10.8,52488.0,0.15,bed_bath_table,RJ
14.74,144.0,140.36,1.6,13500.0,0.1,air_conditioning,SP
11.85,14.6,123.26,0.2,5236.0,0.81,electronics,MG
26.43,164.9,2213.78,0.44,4480.0,0.16,watches_gifts,PA
13.98,56.99,302.59,0.85,18000.0,0.24,bed_bath_table,SP
18.66,79.9,499.36,0.75,7424.0,0.23,home_construction,MG
7.78,32.9,3.71,0.3,13500.0,0.24,toys,SP
20.82,1100.0,535.54,3.1,52675.0,0.02,computers_accessories,SP
35.14,139.94,33.46,13.87,46056.0,0.25,office_furniture,SP
23.35,59.9,719.33,0.75,8349.0,0.39,furniture_decor,MG
